級,四字熟語,読み,意味
5級,悪衣悪食,あくいあくしょく,粗末な着物と食事のことから、質素で貧しい生活という意味。
5級,悪因悪果,あくいんあっか,元は仏教語で、悪いことをすると必ず悪い報いがあるという意味。「悪因」は悪い報いの原因、「悪果」は悪い結果や報い。悪いことをせずに、正しいことをするべきであるという戒めの言葉。
5級,悪逆無道,あくぎゃくむどう,人の道をはずれた計り知れないほどの悪行のこと。「悪逆」は律令法の八逆の中の一つで親族殺しのこと。「無道」は人としての道理にはずれていること。
5級,悪事千里,あくじせんり,悪い噂や悪い評判はすぐに遠くまで知れ渡るということ。「悪事」は悪い行い、「千里」は遠くの場所という意味。
5級,悪人正機,あくにんしょうき,罪深い悪人を救済することこそが、阿弥陀仏の本願であるという教えのこと。「正機」は人が悟りを得るための条件や資質のことで、悪人こそが往生するにふさわしい機根だとする浄土真宗の親鸞の基本的思想のこと。
5級,悪口雑言,あっこうぞうごん,様々な悪口を好き放題に言うこと。またはその言葉のこと。
5級,安居危思,あんきょきし,平和なときにでも、最悪な事態を想定して備えておくことが大切であるという戒めの言葉。「安居」は平和な生活。 「危思」は危険な事態を思い浮かべること。「安きに居りて危うきを思う」とも訓読する。
5級,安居楽業,あんきょらくぎょう,今の地位や立場などに満足して、楽しみながら仕事をすること。または、よい政治が行われ、人々の生活が安定していること。「居に安んじ、業（ぎょう）を楽しむ」とも、「安居（あんきょ）して業（ぎょう）を楽しむ」とも読む。
5級,安心立命,あんじんりつめい,どんなに困難な場面に遭遇しても心を安らかな状態に保ち、どんな時にも惑わされずに天命をまっとうすること。「安心」は仏教の語で、信仰により得ることが出来る心の安らぎの境地。「立命」は儒教の語で、天命をまっとうすること。「立命安心」ともいう。
5級,暗送秋波,あんそうしゅうは,ひそかに機嫌を取ってとりいろうとすること。または、女性が色目を使うこと。または、表には出さず陰で悪だくみをすること。「暗」はこっそり、ひっそりの意。「秋波」は美人の澄んだ目は秋の波のように涼しげであることから、色目のこと。「暗（あん）に秋波（しゅうは）を送る」とも読む。
5級,安宅正路,あんたくせいろ,仁と義のたとえ。「安宅」は住み心地の良い家のことで、安らかな身の置き場の意から、仁のたとえ。「正路」は人の歩むべき正しい道という意から、義のたとえ。
5級,易往易行,いおういぎょう,阿弥陀如来にすがり南無阿弥陀仏を唱えれば、たやすい修行で極楽往生できるという他力本願の浄土宗の教えのこと。
5級,意気投合,いきとうごう,気持ちや考えが一致すること。または、気が合うこと。「意気」は気持ちや考え、「投合」は一致するという意味。
5級,異曲同工,いきょくどうこう,見た目は違っているが、手法や技術に大きな差がないこと。「曲」は音曲のこと。 「工」は技術、技巧のこと。同じ技巧の音曲でも味わいが異なっていたり、同じ技巧の詩文でも趣が異なっていること。「同工異曲」ともいう。
5級,異口同音,いくどうおん,全員が同じことを言うこと。 または、全員の意見が一つに揃うこと。「異口」は多くの自分以外の口。「同音」は口をそろえて言うこと。
5級,意在言外,いざいげんがい,自分の考えを意図的に曖昧にして、相手に推察させること。または、詩文の字間や行間に自分の考えを込めること。
5級,医食同源,いしょくどうげん,日常の食生活に気を配ることが、一番の病気予防になるということ。「医食」は医薬と食事。 「同源」は根本が同じであるということ。病気を治すために飲む薬と日常の食事は、どちらも健康を維持するためのものであり、根本は同じであるということから。
5級,以心伝心,いしんでんしん,言葉や文字などを使うことなく、心と心で互いの意志や気持ちが通じ合うこと。元は、文字や言葉では表現できない奥義を、師と弟子の心を通わせることで伝えることを意味した禅宗の言葉。「心（こころ）を以（もっ）て心（こころ）に伝（つた）う」と訓読する。
5級,衣帯中賛,いたいちゅうのさん,中国南宋の文天祥という人物が、処刑されるときに帯の中に残した文章のこと。または、仁義や忠節を守り通すこと。「衣帯中」は衣服の帯の中のこと。「賛」は人や物事を褒め称える文体のこと。南宋が滅ぼされていく中、南宋の文天祥は元（げん）に捕らえられ、元に仕えるように迫られたが、南宋への忠義を守り通して処刑された。文天祥の帯の中には、死に臨む賛の文章が残されていたという故事から。
5級,異体同心,いたいどうしん,それぞれ異なる体を持っているが、心は強く結ばれていること。「異体」は異なる体のこと。 「同心」は心が同じであること。おもに夫婦や親しい人間関係などの深い関係をいう言葉。
5級,衣帯不解,いたいふかい,他のことを忘れるほど、あることに集中すること。「衣帯」は着物と帯のこと。衣服も着替えず、不眠不休で仕事に取り組むことから。「衣帯（いたい）を解かず」とも読む。「不解衣帯」ともいう。
5級,一意専心,いちいせんしん,他のことに心を奪われることなく、一つのことだけに心を注ぐこと。「一意」と「専心」はどちらも一つのことだけに心を注ぐこと。「専心」は「摶心」とも書く。「専心一意（摶心一意）」ともいう。
5級,一衣帯水,いちいたいすい,海や川が間にあって遮られているが、非常に距離が近いこと。または、互いの関係が非常に深いこと。陳の君主の悪政によって庶民が飢えと寒さで窮地に陥ったときに、隣国の隋の文帝が「たった一本の帯のような川（揚子江）に隔てられているからといって、民を見捨てることができるか」といって、陳の国を討伐したという故事から。
5級,一往一来,いちおういちらい,"行ったり来たりすること。 「一」は\""ある時は\""という意味。「往」は行くこと。「来」は来ること。"
5級,一牛鳴地,いちぎゅうめいち,非常に近い距離にあること。 または、のどかな田舎、田園風景のこと。「牛鳴」とは牛の鳴く声のことで、牛の鳴き声が聞こえるほど近い距離という意から。「一牛鳴」とも略す言葉。
5級,一言一行,いちげんいっこう,一つの言葉と一つの行いのこと。何気ない言動のこと。
5級,一言半句,いちごんはんく,短い言葉。些細な言葉。一言。「一言」と「半句」はどちらも少しの言葉という意味で、似ている意味のものを重ねて強調した言葉。
5級,一新紀元,いちしんきげん,新しい時代の始まりのこと。また、新しい時代の最初の年のこと。「新紀元」は新時代の最初の年のこと。
5級,一字千金,いちじせんきん,筆跡や詩文がすぐれていることのたとえ。「一字」は文字の一つ、「千金」は多額の金銭のたとえで、一つ一つの文字に大金のような価値があるという意味から。『呂氏春秋』を完成させたときに、都の門の前に並べて、一文字でも添削できれば千金を与えようと言って、出来映えを誇ったという故事から。
5級,一日三秋,いちじつさんしゅう,"相手を恋しく思う気持ちが深いこと。 または、とても待ち遠しいこと。「三秋」は秋が三回過ぎることから""三年""の意。一日会わなかっただけで、三年も会わなかったような気がすることから。"
5級,一日千秋,いちじつせんしゅう,時、人、物などが来るのを今か今かと楽しみに待つこと。「千秋」は秋が千回来ることから千年という意味。その時が来るのが楽しみで、一日が千年のように長く感じるという意味。
5級,一字不説,いちじふせつ,仏法の真理や悟りの境地は大変奥深く、言葉で言い表すことはできないため、自ら体得するしかないということ。釈迦が悟り得た境地の真理は一字も説いていないことから。「不説一字」ともいう。
5級,一上一下,いちじょういちげ,"上がったり下がったりすること。 または、情況に合わせて対応すること。「一」は\""あるときは\""の意味。"
5級,一場春夢,いちじょうのしゅんむ,人生の栄光や繁栄が、儚く消えてしまうことのたとえ。「一場」はほんの短い間の意。春の夜にみる夢のように儚いということから。
5級,一時流行,いちじりゅうこう,その時々の世の中の好みに合った一時的な新しさのこと。もとは俳諧のことばで、常に新しさを求めて、変化を重ねていくことから。
5級,一大決心,いちだいけっしん,生涯に一度しかないような大きな決意のこと。「一大」は重要なという意味。名詞の前に付けて意味を補ったり変えたりする接頭辞。「決心」は意志を心に決めること。
5級,一団和気,いちだんのわき,なごやかな雰囲気のこと。 親密さがあふれており、親しみやすい様子。「一団」は集団のこと。
5級,一日不食,いちにちふしょく,毎日、仕事の後でないと食事をしないこと。 何よりも仕事を大切にする心得。唐のある禅師は、老齢にして毎日人一倍労務を行っていた。みかねた弟子たちが農具を隠し、師に休息をとるよう願った。禅師は農具を探したが見つからず休息をとったが、その日は食事をとることはなかった。弟子たちが理由を尋ねると「一日作らざれば一日食らわず」と答えたという故事から。
5級,一人当千,いちにんとうせん,非常に大きな力、勇気があること。 または、そのような人。一人が千人と同等の力を持っている意味から。「一人（いちにん）千人に当たる」とも読む。
5級,一病息災,いちびょうそくさい,一つくらい持病があったほうが、健康な人よりも体を気遣うようになり長生きできるということ。「一病」は持病が一つあること。「息災」は元は仏教語で、病気や災害などの災いを仏の力で止めるという意味から、災いもなく元気であること。
5級,一部始終,いちぶしじゅう,"物事の最初から最後までの詳しい事情のこと。 初めから終わりまで。「一部」は一つの書物のこと。""部""は書物を数える単位。「始終」は初めと終わり、または初めから終わりまでの全ての事情のこと。元は""一つの書物の初めから終わりまでの全ての内容""という意味の言葉。"
5級,一別以来,いちべついらい,この前会った時以来という意味。しばらく会っていない人との挨拶の時の言葉。 「一別」は一度別れるの意味。「一別来」とも略す。
5級,一望千里,いちぼうせんり,広い範囲を遠くまで見渡すことができること。または、広々としていて遠くまで見通せる美しい景色のたとえ。「一望」は景色などで、一度に全体を見ることができること。「千里」の「里」は距離の単位で、「千里」は非常に遠いことのたとえ。一度に千里先まで見渡すことが出来るという意味から。
5級,一木一草,いちぼくいっそう,一本の木から一本の草まで全てという意味から、その場にあるすべてのもののこと。または、わずか一本の木と一本の草という意味から、極めて少ないもののこと。「一木」は一本の木のこと。 「一草」は一本の草のこと。「一草一木」ともいう。
5級,一枚看板,いちまいかんばん,一座を代表する役者のこと。 または、多くの人の中心人物となる人のこと。また、一着しかない衣服のこと。歌舞伎で演目や役者名、絵姿を一枚の看板に描いて劇場の前に掲げていて、その看板に名前が載るほどの役者ということから。
5級,一味徒党,いちみととう,同じ志や目的のために集まること。また、その仲間のこと。「一味」は同じ目的をもつ同志、仲間のこと。「徒党」も仲間を表すが、多くは悪い仲間のことをいう。
5級,一味同心,いちみどうしん,同じ目的をもって結束すること。または、同じ目的をもち集まり、心を一つにした同志、仲間のこと。「一味」は同じ目的をもつ同志、仲間のこと。「同心」は志を同じくすること。
5級,一目十行,いちもくじゅうぎょう,文章などを読むのが速いことのたとえ。一目見ただけで、十行の文章を読むことができるということから。梁の簡文帝は幼少期より理解力が人並み以上であり、読書の際には一度に十行ずつ読んだという故事から。
5級,一問一答,いちもんいっとう,一つの質問、設問に対して一つの解答をすること。また、その形式のこと。
5級,一文半銭,いちもんはんせん,"ごくわずかな金銭のこと。 「文」と「銭」はともに昔の通貨の単位。一文銭の直径が一寸（ひとき）であることから、半銭を\""きなか\""とも読む。"
5級,一文不通,いちもんふつう,読み書きができないこと。 「文」は文字の意。一文字ですら意味が通じていないことから。
5級,一夜十起,いちやじっき,人は多かれ少なかれ私心や私情に左右され、私心を全て捨てさることは難しいということ。「一夜（いちや）に十（と）たび起（お）く」とも読む。
5級,一遊一予,いちゆういちよ,"遊び楽しむこと。 「一」は\""あるときは\""の意味。「遊」と「予」はともに遊び楽しむという意味。王が楽しみを兼ねて民の生活を視察していたということから。"
5級,一葉知秋,いちようちしゅう,わずかな前兆や現象から、物事の本質や変化、衰退などを察知すること。「一葉」は一枚の葉のこと。 「知秋」は秋がきたことを知る意。一枚の葉が落ちるのを見て、秋の訪れを察知するということから。
5級,一陽来復,いちようらいふく,悪い傾向にあった物事がよい傾向に向かうこと。または、冬が終わって春が来ること。または、冬至のこと。「一陽」は冬から春になる兆しのこと。 「来復」は再びやってくること。もとは易経の言葉で、陰と陽の二つを組合せたものからなる六十四卦で、陰暦十月は陰だけで構成され、冬至から陽が一つ含まれるようになるということから。陽が復する（戻ってくる）のは冬至からであることから。
5級,一利一害,いちりいちがい,利益がある一方で害もあること。 良い点と悪い点の両方があること。新たな利益を求めるよりも、今みられる害悪を取り除く方がよいという教え。
5級,一路順風,いちろじゅんぷう,ものごとが順調に進むこと。 または、旅に出る人の安全を祈ることば。「一路」はひたすらの意味。 「順風」は追い風のこと。船の航行が順調ということから。
5級,一路平安,いちろへいあん,旅立つ人の道中の安全を祈る言葉。 「一路」は旅の道中のこと。「平安」は無事で穏やかなこと。「平安一路」ともいう。
5級,一挙一動,いっきょいちどう,"日常のちょっとした動作や立ち居振る舞いのこと。または、一つ一つの動作のこと。「一」は""ちょっとした""や""一つ一つ""という意味。普段の動作を意味する「挙動」という言葉を「挙」と「動」に分け、「一」をそれぞれに付けて意味を強調した言葉。"
5級,一挙両失,いっきょりょうしつ,一つの行動がもとで、同時に他のことまでも駄目になってしまうこと。「一挙」は一つの動作、行動のこと。
5級,一挙両得,いっきょりょうとく,一つの行動によって、二つの利益を得ること。 「一挙」は一つの動作や行動。「両得」は二つの利益を得ること。
5級,一件落着,いっけんらくちゃく,問題となっていた物事や事件が解決し、決着がつくこと。「一件」は一つの物事や事件のこと。「落着」は物事の決まりが着くこと。
5級,一刻千金,いっこくせんきん,ほんのわずかな時間が千金にも値するということ。「一刻」の「刻」は時間の単位のことで、わずかな時間のたとえ。「千金」は多額の金銭のことから、価値があるもののたとえ。楽しい時間や季節などがあっという間に過ぎ去っていくことを惜しんでいう言葉。また、少しの時間でも大切にするべきだという戒め。出典は「春宵一刻値千金」という言葉で、春の夜は素晴らしく非常に価値があるという意味。「千金一刻」ともいう。
5級,一死七生,いっししちしょう,天上界で一度死ぬと、人間界で七たび生まれ変わるということ。仏教用語。
5級,一子相伝,いっしそうでん,学問や技芸などの奥義を子孫の一人、または、弟子の一人だけに伝授し、他の者には決して漏らさないこと。「相伝」は物事を代々伝えていくこと。
5級,一視同仁,いっしどうじん,差別することなく、全ての人を平等に慈しむこと。「一視」は一つのものとして見ること。 「仁」は愛するという意味。「同仁」は全てのものを同じように愛するという意味。「同仁一視」ともいう。
5級,一紙半銭,いっしはんせん,ごくわずかなことのたとえ。 「一紙」は一枚の紙のこと。「半銭」は半文の銭のこと。仏教用語では、寄進の金額が少ないことをいう。
5級,一死報国,いっしほうこく,命をかけて国の恩に報いること。 「一死」は死ぬことを強めた言い方。「報国」は国から受けた恩に報いること。
5級,一宿一飯,いっしゅくいっぱん,ちょっとした世話になること。 「一宿」は一泊させてもらうこと。「一飯」は一回の食事をご馳走になること。「一宿一飯の恩義」という形で、ちょっとした恩義でも決して忘れてはならないという戒めの言葉として用いられる。昔の博徒は、少しでも他人の世話になったならば、それを一生の恩義としていたことからきた言葉。
5級,一進一退,いっしんいったい,進んだり退いたりすること。または、物事の状況が良くなったり、悪くなったりすること。「一進」はときには進むこと。「一退」はときには退くこと。
5級,一心同体,いっしんどうたい,複数の人が心を一つにして、まるで一人の人であるかのように固く結びつくこと。「一心」は複数の人が心を一つにすること。「同体」は一つの体のようになること。夫婦の愛情や友人との信頼などのことをいう言葉。
5級,一心不乱,いっしんふらん,他のことに心を奪われることなく、一つのことに集中すること。または、余所見をすることなく、ひたすら努力すること。「一心」は心を一つにして集中すること。 「不乱」は乱さないこと。元は仏教の語。
5級,一世一代,いっせいちだい,人が生まれて死ぬまでの間にたった一度だけのこと。「一世」と「一代」はどちらも人が生きている間という意味。元は歌舞伎の役者などが引退する最後の舞台で一番得意な芸を演じることをいった言葉。
5級,一石二鳥,いっせきにちょう,一度の行動で二つの利益を得ること。または、一度の行動で、同時に二つの目的を達成すること。「一石」は一つの石を投げること。 「二鳥」は二羽の鳥を捕まえること。一つの石を投げて、二羽の鳥を同時に捕まえるという意味から。英語のことわざを日本語に訳した言葉。
5級,一体分身,いったいぶんしん,一つのものが複数のものに分かれること。仏教の言葉で、世の人々を救うために、仏が様々な姿をかりて現れること。
5級,一短一長,いったんいっちょう,人や物には、長所もあれば短所もあるということ。また、得意なことと苦手なことがあり、完全ではないということ。「長」は長所、得意なこと。「短」は短所、苦手なこと。「一」は「～もあれば～もある」という意味で、「一長一短」の場合は「長所もあれば短所もある」という意味になる。「一短一長」ともいう。
5級,一治一乱,いっちいちらん,世の中が治まったり乱れたりと繰り返し変化する様子。「一」は「あるときは～、あるときは～」という意味で、「一治一乱」の場合、あるときは平和に治まったり、あるときは戦乱によって乱れるという意味になる。
5級,一知半解,いっちはんかい,知ってはいるが、完璧には理解していないこと。「一知」は一つのことを知っていること。「半解」は半分だけ理解していること。
5級,一長一短,いっちょういったん,人や物には、長所もあれば短所もあるということ。また、得意なことと苦手なことがあり、完全ではないということ。「長」は長所、得意なこと。「短」は短所、苦手なこと。「一」は「～もあれば～もある」という意味で、「一長一短」の場合は「長所もあれば短所もある」という意味になる。「一短一長」ともいう。
5級,一点一画,いってんいっかく,文字の一つの点、一つの筆画、主に漢字についていう。または、文字の一つ一つの細かいところに気をつけて、丁寧に書くこと。「一措一画」ともいう。
5級,一天四海,いってんしかい,全世界。 「一天」は天の下全てということから、全世界のこと。「四海」は四方向全ての海ということから、全世界のこと。
5級,一刀両断,いっとうりょうだん,ためらうことなく、物事をすぐさま決断すること。または、思い切りよく、物事の始末をつけること。「一刀」は刀を一度振り下ろすこと。 「両断」は二つに切断すること。刀を一度振り下ろし、真っ二つに切断するという意味から。「一刀両段」とも書く。
5級,一得一失,いっとくいっしつ,利益を一つ得ると、別の部分では一つ損失があること。利益と損失の両方がともにあるということから。「一失一得」ともいう。
5級,一徳一心,いっとくいっしん,目的や利益が同じ者同士が心を一つにして事にあたること。または、君主と臣下が心を合わせ団結して物事を行うこと。「徳を一（いつ）にし心（こころ）を一（いつ）にす」とも読む。「一心一徳」ともいう。
5級,一飯千金,いっぱんせんきん,ほんの少しの恩義でも決して忘れず、手厚いお返しをすること。一度の食事には千金もの価値があるという意味から。受けた恩義がどれほど小さくても、それを忘れてはいけないという戒めの言葉。中国の漢の時代の韓信は貧しく、老婆にしばらくの間食事を恵んでもらい、その後、出世して楚の王となり、その老婆を呼び千金を与えたという故事から。
5級,以毒制毒,いどくせいどく,悪を滅するために、他の悪を使うこと。毒を治療するために、別の毒を使うという意味から。「毒を以て毒を制す」という形で使うことの多い言葉。
5級,意味深長,いみしんちょう,言動や詩文などに深い趣や意味が込められていること。または、表に出ている意味とは別の意味が隠されていること。「深長」は奥深くに意味が隠されていること。「意味深」という形で略して使うこともある。
5級,異類中行,いるいちゅうぎょう,多く人々を救済するために、仏や菩薩がこの世に身を置くこと。または、禅宗では指導者が修行者を導くために、様々な方法を取ること。「異類」は違う種類という意味。仏が異類の中を行くという意味から。
5級,異路同帰,いろどうき,やり方が違っていても結果は同じになるということのたとえ。違う道を通っていても、同じ場所に到着するという意味から。「路（みち）を異（こと）にして帰りを同じうす」とも読む。
5級,飲河満腹,いんかまんぷく,自分の身の丈に合った欲望で満足するべきであるということ。中国古代の伝説の聖天子尭帝が、許由に天下を譲ろうとすると、動物のもぐらは大きな黄河の水を飲んでも、満腹になればそれ以上は飲まないといって断ったという故事から。「偃鼠河に飲むも満腹に過ぎず」を略した言葉。
5級,因果応報,いんがおうほう,よい行いには必ずよい報いがあり、悪い行いには必ず悪い報いがあるということ。「因果」は原因と結果。 「応報」は善悪に応じた報いがあること。元は仏教語で、過去や前世の行いの善悪に応じた報いがあるという意味。現在では、悪い行いの報いの意味で使われることが多い言葉。
5級,因機説法,いんきせっぽう,相手の能力や、その場の状況に合わせて仏の教えを説くこと。仏教の言葉で、「機に因（よ）りて法を説く」とも読む。
5級,因小失大,いんしょうしつだい,目先の小さな利益を得ようとして、大きな損失を出すこと。または、小さなことをいい加減にしたせいで、大きな失敗をすること。「小に因（よ）りて大を失う」とも読む。
5級,印象批評,いんしょうひひょう,客観的な基準ではなく、個人的な印象や感動を基準にして芸術作品の批評をすること。フランスの文芸批評の手法で、十九世紀後半に生まれた。
5級,飲水思源,いんすいしげん,物事の基本を忘れずに大切にするべきという戒め。または、受けた恩を忘れてはいけないという戒め。水を飲むときに、水源のことを思うという意味から。「水を飲むときは井戸を掘った人のことを忘れるな」という中国のことわざから。「水を飲みて源（みなもと）を思う」とも読む。
5級,右往左往,うおうさおう,多くの人々があっちへ行ったり、こっちへ行ったりして混乱すること。慌てていて、秩序無く入り乱れている様子をいう。「左往右往」ともいう。
5級,雨過天晴,うかてんせい,物事の悪い状況や状態がよい方向へ向かうこと。雨が止み、雲がなくなり晴れ渡るという意味から。「雨過ぎて天晴（は）る」とも読む。「雨過天青」とも書く。
5級,海千山千,うみせんやません,物事の裏も表も知り尽くすほど様々な経験をしたことで、悪い知恵が働くようになること。または、そのようなずる賢い人のこと。海に千年、山に千年住んだ蛇は竜になるという伝説から。
5級,雲心月性,うんしんげっせい,清らかな心があり、地位や利益にこだわらないこと。人の心や性質を清らかな月と雲にたとえた言葉。
5級,永字八法,えいじはっぽう,書の教えで「永」の一字に筆法の全てが含まれていること。「八法」は書の八つの運筆のこと。
5級,益者三友,えきしゃさんゆう,自分にとって有益な三種の友人のこと。 「益者」は自分に利益をもたらす人。「三友」は三種の友人。正直な人・誠実な人・博識な人のこと。
5級,得手勝手,えてかって,他人のことは考えず、自分の都合ばかりを考えて好き勝手に行動すること。
5級,円首方足,えんしゅほうそく,人間のこと。 「円頭」は丸い頭。 「方足」は四角い足。古代中国では、頭は天を、足は大地をかたどっており、人と天地は似ている存在と考えられていたことから。「円首方足」「円顱方趾（円顱方址）」「方趾円顱（方址円顱）」ともいう。
5級,遠水近火,えんすいきんか,遠い場所にあるものは、差し迫った場面では役に立たないということ。近所が火事になると、遠い場所にある水場から水を持ってきても間に合わないという意味から。「遠水は近火を救わず」を略した言葉。
5級,円頂黒衣,えんちょうこくい,僧侶の姿のこと。 「円頂」は髪を剃って丸めた頭。「黒衣」は墨で染めた僧侶の服、僧衣。
5級,円頭方足,えんとうほうそく,人間のこと。 「円頭」は丸い頭。 「方足」は四角い足。古代中国では、頭は天を、足は大地をかたどっており、人と天地は似ている存在と考えられていたことから。「円首方足」「円顱方趾（円顱方址）」「方趾円顱（方址円顱）」ともいう。
5級,円満具足,えんまんぐそく,何一つ欠けることなく、満ち足りていること。「円満」と「具足」はどちらも不足することなく、十分に備わっているという意味で、同じ意味の言葉を重ねて強調した言葉。
5級,延命息災,えんめいそくさい,災いに遭わないようにして、寿命を延ばすこと。「息災」は災いをなくすこと。日々を何事もなく平穏に過ごせることを仏や神に祈る言葉。「息災延命」ともいう。
5級,応機接物,おうきせつもつ,相手に応じて、適切なやり方で教育、指導すること。仏教の言葉で、「機（き）に応じ物（もの）に接す」とも読む。
5級,往古来今,おうこらいこん,昔から今になるまで、またはその時間の流れ。「往古」は過ぎ去った時のこと。「来今」は今から後のこと。
5級,王道楽土,おうどうらくど,「王道」は徳をもって公平で無私の政治で、王が行うべき道、「楽土」は安楽の土地のことで、徳があり、公平な政治が行われている楽しくて平和な国のこと。
5級,温故知新,おんこちしん,以前に学習したことや昔の事柄を今一度よく考察して、そこから新たな道理や知識を得ること。「故（ふる）きを温（たず）ねて新（あたら）しきを知（し）る」「故（ふる）きを温（あたた）めて新（あたら）しきを知（し）る」とも読む。
5級,音信不通,おんしんふつう,連絡が途絶えて、状況や事情がわからないこと。「音信」は手紙や電話などの連絡や来訪などの交流のこと。「不通」は途切れるという意味。
5級,解衣推食,かいいすいしょく,人に恩を施すことや人を重用すること。「解衣」は着ている衣を解き与えること。「推食」は自分の食べ物を推して食べさせること。「衣（い）を解き、食（しょく）を推す」とも読む。
5級,改過自新,かいかじしん,自分の過ちを認め改めて、心をいれかえ再出発すること。「改過」は自分の過ちを改めること。 「自新」は気分を新しくすること。「過ちを改め自ら新たにす」とも読む。
5級,開巻有益,かいかんゆうえき,読書は得るものがあり、ためになるということ。「開巻」は書物を開くという意味。「巻（かん）を開けば益（えき）有り」とも読む。
5級,開心見誠,かいしんけんせい,「心を開いて誠を見す」とも読み、隠し事をせず誠意をもって相手と接すること。「開心」は心を開くという意味から隠し事をしないという意味。「見誠」は誠意を見せること。
5級,下意上達,かいじょうたつ,地位や立場が下の者の意見が、上の人にしっかりと理解されること。「下意」は地位や立場が下の人の意見や考え。「上達」は地位や立場が上の人に届くこと。
5級,回生起死,かいせいきし,どうすることもできないような危機的状況を一気に好転させること。「起死」と「回生」はどちらも死に瀕している人を生き返らせるという意味。もとは、医術の高さを表現するときに用いられていた言葉。「回生起死」ともいう。
5級,回天事業,かいてんじぎょう,世の中の情勢が全て変わるほどの大きな仕事。「回天」は天を回すという意味から、世の中の情勢が変わること。「廻天事業」とも書く。
5級,開物成務,かいぶつせいむ,物を開発して、事業や職務を望んだとおりに完成させること。または、人々の知識を開発して、世の中がうまくいくように導くこと。易経の目的を言い表す言葉で、全てのものの能力を完全に引き出して、本来の役目を果たせるようにすることをいう。「物を開き務めを成す」とも読み、この言葉を略して「開成」ともいう。
5級,夏下冬上,かかとうじょう,炭に火をおこす上手い方法のこと。種火は夏には炭の下に置き、冬には上に置くとよいということ。
5級,下学上達,かがくじょうたつ,始めに簡単で身近にあることを学び、少しずつ難しいことを学んでいくこと。または、簡単なことから始めて、次第に上手くなっていくこと。「下学」はごく普通にある簡単なことを学ぶこと。「下学（かがく）して上達す」とも読む。
5級,家給人足,かきゅうじんそく,安定していて豊かな生活のこと。「給」と「足」はどちらも満ち足りているという意味。全ての家や人に衣食が行き渡っていて、全ての人が生活に不自由しないという意味から。「家（いえ）ごとに給（きゅう）し人ごとに足る」とも読む。
5級,科挙圧巻,かきょあっかん,非常にすぐれたもののこと。または、作品の中で一番すぐれている部分のこと。または、試験で一番すぐれた成績を出すこと。「科挙」は古代中国で行われていた官吏の登用試験のこと。「圧巻」の「巻」は試験の答案用紙のことで、一番すぐれた答案用紙が他の答案用紙の一番上に置かれ、他を圧していたということから、そのものの中でも最もすぐれている部分のことをいう。
5級,夏虫疑氷,かちゅうぎひょう,見識が狭いことのたとえ。世間のことを知らない人が、自分の知っていること以外のことを信じようとしないことをいう言葉。夏の季節しか生きることのできない虫は、冬に氷があるということを信じようとしないことから。「夏虫（かちゅう）氷を疑う」とも読む。「夏虫疑冰」とも書く。
5級,花鳥風月,かちょうふうげつ,季節によって変わる美しい自然の風景。または、そのような自然の風景を題材にして、書画や詩歌を作って楽しむこと。「花鳥」は花と鳥、「風月」は風と月のこと。代表的な自然の風物を並べた言葉。
5級,活殺自在,かっさつじざい,他人を自分の好きなように使うこと。 「活殺」は生かすことと殺すこと。「自在」は望み通りに出来ること。生かすも殺すも思い通りに出来るという意味から。
5級,観感興起,かんかんこうき,実際に目で見て、それに感動して奮い立つこと。「観」は目で見ること。
5級,官官接待,かんかんせったい,地方の公務員が公費を使って、中央の公務員を接待すること。「官官」は公務員同士という意味。地方の公務員が中央の役人を接待して、予算の便宜を図ってもらうことをいう。
5級,完全無欠,かんぜんむけつ,足りない部分や短所などが全くないこと。「完全」と「無欠」はどちらも不足や弱点が全くないという意味。同じ意味の言葉を重ねて強調したもの。
5級,感奮興起,かんぷんこうき,物事に強く感動して奮い立つこと。 「感奮」は感動して奮い立つこと。「興起」は気構えが奮い立つこと。
5級,外交辞令,がいこうじれい,相手によく思われるために、口先だけのお世辞や形だけの愛想をよくすること。「外交」は外部との付き合いや交渉のこと。「辞令」は応対の言葉や挨拶のこと。
5級,学知利行,がくちりこう,人としての道を学んで理解し、学んだことの正しさを考えて実際に行うこと。「学知」は学んで知ること。 「利行」は正しいと認めて実行すること。人としての道を学んで実践するための三つの過程の二番目のこと。
5級,眼光紙背,がんこうしはい,読解力が極めて優れていることのたとえ。「眼光」は眼の光のこと。転じて、物事を見通す力。「紙背」は文章などが書かれた紙の裏のこと。眼の光が鋭く、紙の裏まで貫くという意味から。「眼光紙背に徹す」を略した言葉。
5級,眼高手低,がんこうしゅてい,目標は高いが実力が足りないこと。または、批評するのは上手いが、実際に自分で行う能力がないこと。「眼高」は価値や本質など見抜く能力が高いこと。「手低」は実力や技術力が低いこと。
5級,顔常山舌,がんじょうざんのした,辛い処罰を受けても、君主や国への忠義を貫き通すこと。「顔常山」は顔杲卿という人物のこと。中国の唐の顔杲卿は、反乱軍の安禄山に捕らえられても、唐への忠義を曲げず、安禄山を罵倒したため舌を切られるという処罰を受けたが、それでもなお罵倒を続けたという故事から。
5級,危急存亡,ききゅうそんぼう,危険が迫っていて、生死の瀬戸際で危機的な状況のこと。「危急」は危険が迫る、「存亡」は生きるか死ぬかという意味。
5級,危言危行,きげんきこう,言葉と行動を清く正しくすること。 または、言葉と行動を厳格にすること。「危」は厳しく公正にすることや品格を高くすること。
5級,起死回生,きしかいせい,どうすることもできないような危機的状況を一気に好転させること。「起死」と「回生」はどちらも死に瀕している人を生き返らせるという意味。もとは、医術の高さを表現するときに用いられていた言葉。「回生起死」ともいう。
5級,起承転結,きしょうてんけつ,文章の構成法のこと。または、物事の順序のこと。漢詩の詩型の一つである絶句から生まれた言葉。絶句は「起句」「承句」「転句」「結句」の四句から成り、起句で話を提起し、承句でその話を掘り下げて、転句で話の視点を転換させ、結句で話全体をまとめるというもの。
5級,喜色満面,きしょくまんめん,嬉しそうな表情が顔全体に溢れ出ている様子。「喜色」は嬉しそうな表情のこと。「満面」は顔全体のこと。
5級,帰馬放牛,きばほうぎゅう,戦争が終わって平和になることのたとえ。または、二度と戦争をしないことのたとえ。戦争のための馬や牛を野生にかえすという意味から。殷の紂王を討ち取った周の武王は、戦争で使った馬を華山の南で放ち、牛を桃林の野に放って二度と戦争に用いないことを示した故事から。「馬を帰し牛を放つ」とも読む。
5級,旧雨今雨,きゅううこんう,昔からの友人と最近親しくなった友人。中国語の音で「雨」と「友」は同じ音ということから、友人のことをしゃれて言った言葉。
5級,九牛一毛,きゅうぎゅうのいちもう,たくさんある中のほんの少しの部分。 または、どうでもいい、些細なこと。「九」は数が多いことのたとえ。多くの牛がいる中の一頭の牛の毛の一本ということから。
5級,九死一生,きゅうしいっしょう,ほとんど助かる見込みのない極めて危険な状況で、かろうじて助かること。九割の確率で死ぬような危険な状況で、何とか生き残るという意味から。「九死に一生を得る」という形で使うことが多い言葉。
5級,救世済民,きゅうせいさいみん,世の人々を苦しみから救うこと。「救世」は悪い世の中を良くして、人々を救うこと。「済民」は人々を救うこと。
5級,九腸寸断,きゅうちょうすんだん,ひどくつらく、悲しいこと。 「九腸」は腸全体のこと。「寸断」は細かくたくさんに切ること。内臓がばらばらに千切れるような、つらい悲しみという意味から。
5級,急転直下,きゅうてんちょっか,物事があまり良くない状態から急に良い状態に変わり、解決に向かうこと。「急転」はいきなり変化すること。「直下」はまっすぐ落ちることや結末に向かうこと。
5級,急流勇退,きゅうりゅうゆうたい,官職などを潔く辞めること。「勇退」は勇気をもって退くという意味から、きっぱりと職を辞すること。船が勢いのよい流れの中で引き返すという意味から、仕事の勢いがあるときに潔く辞職することをいう言葉。
5級,強悪強善,きょうあくきょうぜん,極悪な人物が心を入れ替えると、ものすごい善人になるということ。または、悪に精通したものは、善にも精通しているということ。「悪に強ければ善にも強し」とも読む。
5級,鏡花水月,きょうかすいげつ,目には見えても、手に取ることはできないはかないもののたとえ。または、感じ取ることができるが言葉では表すことができない、詩文などの深い味わいのたとえ。鏡に映る花と水に映る月のことから。「水月鏡花」ともいう。
5級,教外別伝,きょうげべつでん,悟りは、経典や言葉で伝わるものではなく、心から心へと直感的に伝えられるものであるということ。禅宗の言葉で、経典に示された精神を体験して捉えるという教えのこと。
5級,強食弱肉,きょうしょくじゃくにく,弱者の犠牲があって、その上にいる強者が繁栄すること。「強食弱肉」ともいう。
5級,共存共栄,きょうぞんきょうえい,二つ以上のものが対立することなく互いに助け合い、共に栄えること。「共存」は二つ以上のものが対立せずに存在すること。「共栄」は共に栄えること。
5級,胸中成竹,きょうちゅうのせいちく,成功の見通しを立てておいて、前もって準備しておくこと。成算のこと。竹の絵を描く時は、先に胸中で絵を完成させておいてから一気に描くという意味から。
5級,挙止進退,きょししんたい,日常生活の立ち居振る舞いのこと。「挙止」と「進退」はどちらも立ち居振る舞いのこと。
5級,挙足軽重,きょそくけいちょう,とある人の言動が全体に大きな影響を与えること。「挙足」は足をあげて一歩踏み出すこと。「軽重」は大切なことと、そうではないこと。その人物が一歩踏み出すだけで、物事の重要性が決まるということから。
5級,機略縦横,きりゃくじゅうおう,状況の変化に合わせて、思いのままに策略をめぐらして用いること。「機略」は状況に合ったすぐれた策略。「縦横」はたてとよことということから、思った通りにできるということ。
5級,金科玉条,きんかぎょくじょう,黄金や宝石に例えられるほど立派な法律や規則。転じて、自分を支える絶対的な教訓や信条、または人が最も重視すべき法律や規則のこと。「金」と「玉」は黄金と宝石のこと。転じて、貴重なものや大切なもののたとえ。「科」と「条」は法律や規則などの条文。融通がきかないことを批判する場合に用いることもある。
5級,金玉満堂,きんぎょくまんどう,金銀や宝玉が家じゅうにあふれるほど、財産が豊かなこと。転じて、すぐれた才能や豊かな学識をそなえていることのたとえ。「金玉」は黄金と宝石、「満堂」は家の中がいっぱいになること。もとは『老子』の、金玉が堂に満ちてもそれを守り通すことはできない、という一節にある言葉。「金玉（きんぎょく）堂に満（み）つ」とも読む。
5級,疑事無功,ぎじむこう,信じることができずに、疑いながら行動しても、よい結果が期待できないということ。一度やると決めたことは、迷うことなくやり遂げるべきであるという戒めの言葉。「疑事（ぎじ）功（こう）無し」とも読む。
5級,逆取順守,ぎゃくしゅじゅんしゅ,道理に背いたやり方で天下を取った後は、道理を守って国を治めること。「逆取」は道理に背いた方法で手に入れること。「順守」は道理に従ったやり方で守ること。古代中国、殷の湯王は夏の桀王から、周の武王は殷の紂王から、それぞれ武力を使って天下を奪い取り、その後は文事に則ったやり方で政治を行い、聖天子と呼ばれたという故事から。
5級,牛飲馬食,ぎゅういんばしょく,必要以上に食べたり飲んだりすること。牛が水を飲むように、馬が飼い葉を食べるように飲み食いするという意味から。
5級,議論百出,ぎろんひゃくしゅつ,たくさんの意見が出されて、活気のある議論がされること。「百」は数が多いことのたとえ。
5級,空前絶後,くうぜんぜつご,今までに例がなく、これからも起こることがないような珍しいこと。「空前」は今までに起きたことがないこと。「絶後」はこれからも起こることはありえないという意味。
5級,空理空論,くうりくうろん,現実とかけ離れていて、実際に役に立たない理論のこと。「空理」と「空論」は現実離れしていて無益な理論や議論のこと。
5級,苦学力行,くがくりっこう,働いて学資を得て、苦労しながら懸命に勉強すること。「苦学」は苦労しながら、働きながら勉強すること。「力行」は懸命に努力する、努力しながら行うという意味。
5級,君子九思,くんしのきゅうし,人格者が常に心がけるべき九つのこと。「君子」は人格者、「九思」はいつも忘れないように心にある九つのこと。物はしっかりと見る、話は正確に聞く、表情はいつも穏やかに保つ、手厚く礼儀正しい姿勢、言葉は真心を持って偽らない、仕事は慎重にする、疑問には質問する、怒る時にはその後どうするか考えておく、道義を犯して利益を貪らないという九つのこと。「君子は九思あり」とも訓読する。
5級,君子三楽,くんしのさんらく,父母と兄弟が元気で健在なこと、正しい行動をして、正しい心を持って天に恥じない生活をすること、すぐれた才能を持つ人を見つけ出し教育するという人格者の三つの楽しみのこと。「君子」は人格者。
5級,君子不器,くんしふき,優れた人物は、一つのことだけでなく、様々なことに通用する才能を持っているということ。「君子」は学識が高く、徳の高い人物、人格者のことで、そのような人物は、一つの使い道しかない器物とは違っていて、様々な役割を果たすことが出来るということから。「君子は器ならず」とも訓読する。
5級,群疑満腹,ぐんぎまんぷく,疑わしいことが多くて、心の中が疑問でいっぱいになること。または、たくさんの人が疑いの心を持つこと。「群」は多いことや多くの人、「疑」は疑いの気持ちを持つこと。「満腹」の「腹」は腹の中ということから、心という意味で、「満腹」は心の中がいっぱいに満ちるということ。
5級,経世済民,けいせいさいみん,世の中をうまく統治して、民を苦しみから救い出すこと。「経世」は世の中を統治すること。 「済民」は民を救済すること。「経済」の語源とされる言葉。
5級,敬天愛人,けいてんあいじん,天を尊いものとして崇めて、人を愛すること。「敬天」は天を敬うこと。「愛人」は人を愛すること。西郷隆盛が自身の学問の目的としていた言葉。
5級,形名参同,けいめいさんどう,口に出して言った言葉と行動を完全に合わせること。「形」は行動、「名」は言葉、「参同」は比較して一致させること。中国の戦国時代、韓非子ら法家が唱えた基本的な思想で、実際に起こした行動や功績と、臣下が言ったことや地位を比較して、それが合っているかどうかで賞罰を決めること。「刑名参同」とも書く。
5級,月下氷人,げっかひょうじん,男女の間に入り、結婚の手助けをする人。仲人。「月下」は「月下老人」を略したもので、縁結びの神のこと。「氷人」は氷の上で氷の下にいる人と話をする夢を見たため、その夢について占ってもらうと「結婚の手助けをする前触れだろう」と言われ、後にその通りになったという故事から仲人を意味する。
5級,言易行難,げんいこうなん,言うだけなら簡単だが、実際に行うことは難しいということ。「言うは易し行うは難し」の形で用いることが多い言葉。
5級,言者不知,げんしゃふち,物事に対して本当に知っている人は、軽々しく言葉に出して説明しようとしないということ。
5級,減収減益,げんしゅうげんえき,前期に比べて収入も利益も減ること。
5級,厳正中立,げんせいちゅうりつ,片方に偏ることなく、どちらの敵にも味方にもならないこと。「厳正」は公正な立場を貫くこと。「中立」は二者の間にあっても、決してどちらの側にもつかないこと。
5級,行雲流水,こううんりゅうすい,物事に執着せず、自然体で事の成り行きに任せて行動するスタイルや姿勢のこと。自在に空を漂う雲（行雲）、自然に川を流れる水（流水）の様子から。
5級,高下在心,こうげざいしん,普段からの心構え次第で、物事がうまくいくかどうかが決まること。または、人事や賞罰を与える権利を一人で握っていて、考え次第で好き勝手にすること。「高下」は高さと低さ、「在心」は自分の考え方のことで、高くすることも低くすることも自分の考え次第で好きにできるということから。
5級,高山景行,こうざんけいこう,徳が高く、素晴らしい人のたとえ。人々が仰ぎ見る高い山と、人々の規範となる大きな道という意味で、素晴らしい人格を山や道にたとえた言葉。「高山」は高い山のこと。「景」は大きいこと。「行」は道のこと。
5級,高山流水,こうざんりゅうすい,素晴らしい演奏や音楽のたとえ。または、自分のことを心から理解してくれる親友のこと。または、けがれのない澄んだ自然のこと。中国の春秋時代の琴の名手の伯牙が、友人の鍾子期の前で泰山を思い浮かべながら演奏すると鍾子期は「泰山のように素晴らしい」と言い、流れる川を思い浮かべながら演奏すると「流れる川のように素晴らしい」と言ったという故事から。「流水高山」ともいう。
5級,交頭接耳,こうとうせつじ,他の人に聞こえないように話をすること。内緒話。「交頭」は頭を近づけること。 「接耳」は相手の耳の近くで話をすること。「頭（あたま）を交えて耳を接す」とも読む。
5級,紅灯緑酒,こうとうりょくしゅ,歓楽と贅沢な食事のたとえ。または、人通りの多いにぎやかな繁華街や歓楽街のたとえ。「紅灯」は紅い灯りのことで、繁華街や歓楽街などのにぎやかな町のきらびやかな灯りをいう。「緑酒」は緑色の酒のことで、美酒のたとえ。「緑酒紅灯」ともいう。
5級,皇統連綿,こうとうれんめん,天皇の血筋が途絶えることなく、いつまでも続くこと。「皇統」は天皇の血統のこと。 「連綿」は途切れることなく長く続くこと。「皇統連緜」とも書く。
5級,公平無私,こうへいむし,個人的な利害で動いたり主観で判断したりせず、偏ることなく平等であること。「公平」は全てのものを同等のものとして扱うこと。「無私」は個人的な利害や感情をはさまないこと。「公平にして私（わたくし）無し」とも読む。
5級,公明正大,こうめいせいだい,私心を差し挟むことなく、公平に堂々と物事を行うこと。または、そのような様子。「公明」は私心を差し挟むことなく公平で、不正などの隠すようなことは何もないこと。「正大」は態度や行動などが正しく堂々としていて、隠さなければならないようなことがないこと。
5級,高陽酒徒,こうようのしゅと,酒を好んで飲む人のこと。または、自身のことを世を捨てて、ただ酒を飲むだけの人だとあざけっていう言葉。「高陽」は中国の地名。 「酒徒」は酒飲みのこと。中国の秦の時代、高陽を進軍していた劉邦たちに面会を求めた酈食其は、儒者の服を着ていたために、劉邦が儒者を嫌っていることを理由に家臣から断られた。酈食其はそれに対して、自分は儒者ではなくただの酒飲みだと憤慨したという故事から。
5級,古往今来,こおうこんらい,過去から現在まで。 「古往」は昔から。 「今来」は今まで。「古今」と略して使うことも多い言葉。「今来古往」ともいう。
5級,呼牛呼馬,こぎゅうこば,相手に何を言われても、逆らわないこと。相手に牛と言われれば自分を牛だと思い、馬と言われれば自分を馬だと思うということから。「牛と呼び馬と呼ぶ」とも読む。
5級,黒風白雨,こくふうはくう,暴風雨のこと。 「黒風」はちりやほこりが巻き上がるほどの強い風のこと。「白雨」は急に降ったり止んだり、強くなったり弱くなったりする雨、にわか雨のこと。
5級,国利民福,こくりみんぷく,国の利益と国の人々の幸せのこと。
5級,古今東西,ここんとうざい,昔から今までの全ての場所。いつでもどこでも。「古今」は過去から現在まで。 「東西」は東から西までの全ての場所のこと。「東西古今」ともいう。
5級,古今独歩,ここんどっぽ,過去から現在まで、比べるものが存在しないほどすぐれていること。「古今」は過去から現在までということ。「独歩」は他と比べることができるものがないということ。
5級,故事来歴,こじらいれき,昔から伝わっている事柄の由来や歴史。「故事」は昔から伝わっている出来事や物語。 「来歴」は物事の歴史や起源。「古事来歴」とも書く。
5級,骨肉相食,こつにくそうしょく,親子や兄弟など、肉親同士で激しく争うこと。 「骨肉」は肉親のたとえ。「相食」はお互いに食べ合うということ。「骨肉（こつにく）相（あい）食（は）む」とも読む。
5級,困知勉行,こんちべんこう,苦労しながらも学び、努力を積み重ねて物事を実際に行うこと。「困知」は心を苦しめて何とか知ることが出来るということ。「勉行」は努力を積み重ねて、実際に行うこと。『中庸』での修養の三つの段階の一つで、才能の劣った人が行う修養だが、結果は全て同じになるので才能が劣った人も努力するべきであるという教え。
5級,後生大事,ごしょうだいじ,物事をこの上なく大切にすること。心をこめて物事に取り組むことにもいう。「後生」は死んだあとに生まれ変わる世、来世のこと。もとは仏教の言葉で、来世の安楽を願って仏道に励むことをいった。今は、大したものでもないのに後生大事にしまい込む、というように、からかいをこめて使うことも多い。
5級,五十知命,ごじゅうちめい,五十歳になって天から与えられた使命を知ること。「命」は天命、天から与えられた使命のこと。孔子が自身の人生を振り返って言った言葉。五十歳を意味する、「知命」という言葉の語源。「五十にして天命を知る」を略した言葉。
5級,五体投地,ごたいとうち,礼拝の形式の一つのことで、頭と両肘、両膝を地面につけて行う礼拝。仏教で最高の礼拝とされている。
5級,五風十雨,ごふうじゅうう,五日ごとに風が吹き、十日ごとに雨が降る、農耕に適した天候のこと。または、世の中が平和で穏やかな状態であることのたとえ。「五風」は五日に一度風が吹くこと。「十雨」は十日に一度雨が降ること。
5級,言語道断,ごんごどうだん,言葉で言い表すことができないほどひどいこと。 とんでもないこと。「言語」は言葉に出して表現すること。 「道断」は言うことが断たれること。「道」は言葉で言い表すという意味。元は仏教語で、仏教の真理や悟りの境地は、言葉で言い表して説明することは出来ないという意味。現在では悪い意味で使われることが多い言葉。
5級,再三再四,さいさんさいし,「たびたび」や「何度も何度も」という意味。「再四」は「再三」を強調した語で、「再三」は二度も三度もということで、同じことを繰り返すという意味。
5級,才子多病,さいしたびょう,すぐれた才能がある人は病気になりやすいという意味。「才子」はすぐれた才能があり、頭のはたらきがすぐれている人のこと。
5級,裁断批評,さいだんひひょう,芸術作品などを、一定の基準によって判定する批評方法のこと。古典主義時代以前の欧州で主流だった方法。「裁断」は善悪や是非などを判断して決めること。
5級,採長補短,さいちょうほたん,他人の長所をとり入れて、自身の短所を補うこと。「長」は長所、「短」は短所。「長（ちょう）を採（と）り短（たん）を補（おぎな）う」とも読む。
5級,作史三長,さくしのさんちょう,才知、学問、識見という三つの能力のことで、歴史家が歴史書を書いたり、編集したりするために必要な能力をいう。
5級,作文三上,さくぶんさんじょう,文章の構想を考えるのに最も適している三つの場所のこと。「作文」は文章を作ること。「三上」は馬上、枕上、厠上の三つの場所のこと。馬上は馬に乗っているとき、枕上は寝床で横になっているとき、厠上は便所に入っているとき。
5級,左建外易,さけんがいえき,正しくないやり方で自身の勢力を大きくすること。または、地方で反旗を翻すこと。「左建」は道理にもとる方法で勢力を伸ばすこと。「外易」は君主からの命令を勝手に変えること。
5級,察言観色,さつげんかんしき,人の言葉や表情、顔の様子から相手の性格や考え方を見抜くこと。「色」は表情や顔つきのことで、人の表情や顔つき、言葉を観察するという意味から。「言（げん）を察して色（いろ）を観る」とも読む。
5級,三寒四温,さんかんしおん,冬に寒い日が三日ほど続いた後、四日ほど温かくなること。中国北部や朝鮮半島北部で、シベリア高気圧の影響を受けて起きる現象。これを繰り返しながら少しずつ春の気候へと変わっていく。また、近年の日本においては三寒四温がはっきりと現れることは少ないため、春の初めに低気圧と高気圧が交互にくる周期的な変化のことをいう場合が多い。
5級,三界無安,さんがいむあん,現世で生きることは、苦しいことや悩むことが多く、心が落ち着いて楽になることはないということ。「三界」は欲界、色界、無色界の三つの世界のことで、現世のことをいう。「無安」は心が安らぐことがないこと。
5級,山高水長,さんこうすいちょう,清らかで気高い人の品性のたとえ。または、そのような人の功績や名声が後の世まで語り継がれること。「山高」は高く山がそびえたつことから、人々が功績や徳の高さを見上げるということのたとえ。「水長」はいつまでも川の水が流れ続けるという意味から、いつまでも絶えないことのたとえ。「山（やま）高く水（みず）長し」とも読む。
5級,三三五五,さんさんごご,少数の人たちが固まって行き来する様子のこと。または、人や物などがあちこちに散らばっている様子。あっちに三、こっちに五という意味から。「三々五々」とも書く。
5級,三思後行,さんしこうこう,しっかりと考えた後に行動すること。三度考えてから行動するという意味から。元は必要以上に考えすぎることを戒めた言葉だったが、現在では軽はずみな行動を戒める言葉として使われることが多い言葉。中国の春秋時代の魯の季文子の故事から。「三（み）たび思いて後（のち）に行う」とも読む。
5級,三者三様,さんしゃさんよう,人によってそれぞれにやり方、考え方などが違うこと。三人の人がいれば、三つのやり方や考え方などがあるという意味から。
5級,三種神器,さんしゅのじんぎ,皇位の証として代々伝わっている三つの宝物。天照大神が天孫降臨の時に授けたとされるもので、八咫鏡、八尺瓊勾玉、天叢雲剣のこと。
5級,三尺秋水,さんじゃくしゅうすい,研ぎ澄まされたすぐれた剣のこと。「三尺」の「尺」は長さの単位で、「三尺」は剣の標準的な長さのこと。「秋水」は冷たく澄んだ秋の水のことで、剣の冴えわたった光をたとえた言葉。
5級,三十六計,さんじゅうろっけい,逃げるべきときには逃げるのが最もよい計略であるということ。古代中国の三十六種の兵法の一つで、その中で最もよいとされる計略。「三十六計逃ぐるに如（し）かず」を略した言葉。
5級,三寸不律,さんずんふりつ,長さの短い筆のこと。「三寸」の「寸」は長さの単位で、「三寸」は長さが短いことのたとえ。「不律」は筆の別名。
5級,三聖吸酸,さんせいきゅうさん,儒教の蘇軾と道教の黄庭堅、仏教の仏印禅師の三人が、桃花酸という名前の酢をなめて、全員が顔をしかめたということ。東洋画の画材としてよく使われるもので、思想も宗教も異なっているが、酢がすっぱいことは、全てにあてはまる真理であるという三つの宗教の一致をいう。儒教の孔子と道教の老子、仏教の釈迦を描く場合もある。
5級,三千世界,さんぜんせかい,この世界の全て。全宇宙。仏教の言葉で、須弥山を中心に四つの大陸があり、その周りに九山八海があるのが一つの世界とするもの。その一つの世界が千集まったものが小千世界とされ、小千世界を千合わせたものを中千世界、中千世界を千合わせたものを大千世界という。大千世界、中千世界、小千世界を合わせて三千大千世界といい、これを略した言葉。世間という意味でも使われることがある。一人の仏が、教え導くことができる範囲とされている。
5級,三拝九拝,さんぱいきゅうはい,何度も頭を下げて、頼みごとをしたり、敬意や謝罪の意志を表したりすること。手紙の最後に記して、相手に敬意を表す言葉として用いることもある。「三拝」は敬意を持って三回拝むこと。仏教では身業、口業、意業の三業に敬意を表すこと。「九拝」は敬意を持って九回拝むこと。または、古代中国で定められた九種類の礼拝のこと。
5級,三百代言,さんびゃくだいげん,根拠のない適当な話で人を騙すこと。 または、そのような人のこと。「三百」は昔の小さな通貨の三百文ということから、非常に価値が低いことのたとえ。「代言」は代言人のことで、弁護士の昔の名称。資格を持っていない人が、他人の訴訟を取り扱ったことを罵っていった言葉から。
5級,散文精神,さんぶんせいしん,小説を書くときの精神のありかたで、浪漫的・詩的感覚を排除して、実際におこったことを冷静に捉えて、客観的に見つめようとするもの。昭和十一年に小説家の武田麟太郎が主張したもの。
5級,三平二満,さんぺいじまん,十分とはいえないが、それに満足して平穏に生活すること。「三」と「二」は数が少ないことのたとえ。三でも安らかで、二でも満足するという意味から。または、「三」は額と鼻、下顎のことをいい、「二」は左右の頬をいい、「三」が平らで「二」が膨らんでいるような顔ということから、おかめ顔やおたふく顔のことをいう。
5級,三位一体,さんみいったい,１．キリスト教で、父である神と子であるイエス・キリストと聖霊の三つは、唯一の神がそれぞれ姿を変えたもので、元は一つのものだとする教義のこと。２．それぞれ異なる三つのものが、根本的な性質や要素は同一であること。３．三つのものがしっかりと結びついて、一つのもののようになること。または、三人が心を一つにして物事にあたること。
5級,山容水態,さんようすいたい,山や川などの美しい自然の風景のこと。「容」と「態」は姿や、様子という意味。
5級,在在所所,ざいざいしょしょ,「あちらこちら」または「いたるところ」という意味。「在在」と「所所」はどちらも「あちこち」や「ところどころ」という意味。
5級,残念無念,ざんねんむねん,たまらなく悔しいこと。 「残念」は目的を果たせずに思い残すこと。「無念」は目的を果たすことが出来なくなることを悔しく思うこと。似た意味の言葉を重ねて強調したもの。「無念残念」ともいう。
5級,残編断簡,ざんぺんだんかん,書物の欠片やちょっとした書き物のこと。「断編」は切れてばらばらになった書物。「残簡」はちりぢりになって残った書物。「残編断簡」「断簡残編」ともいう。
5級,思案投首,しあんなげくび,よい案が浮かばずに悩み、首を傾けている様子。「思案」はいろいろと考えること。「投首」は首を傾げている様子。
5級,四苦八苦,しくはっく,とても苦労すること。苦しむこと。 仏教語であらゆる苦しみという意味。四苦は生、老、病、死のこと。八苦は四苦に愛別離苦、怨憎会苦、求不得苦、五陰盛苦の四つを加えたもの。愛する人との別れの苦しみ、愛別離苦。恨みや憎しみをもった人と会う苦しみ、怨憎会苦。欲しいものを得ることができない苦しみ、求不得苦。心身の活動だけで湧き上がる苦しみ、五陰盛苦。
5級,子見南子,しけんなんし,礼の道を守るために、周りに惑わされず自分の考えを信じること。「南子」は、衛の国王霊公の夫人。孔子は、衛の国王霊公に招かれた際、夫人の南子に謁見することが礼の道と考えたが、弟子の子路は南子の素行の悪さから謁見を嫌がり不快に思った。しかし孔子は「私にやましいところがあれば天が私を見捨てるだろう」と誓いを立て、考えを変えなかったという故事から。
5級,至公至平,しこうしへい,極めて公平であること。 「至」は「いたって」や「この上なく」という意味。「公平」という言葉に「至」をつけて強調した語。
5級,志士仁人,ししじんじん,学徳をそなえた立派な人のこと。「志士」は道や学問に高潔な志を持つ人のこと。「仁人」は徳のある人のこと。
5級,師資相承,ししそうしょう,武芸や学問などの教えを師から弟子へと受け継ぐこと。または、受け継いでいくこと。「師資」は師匠（先生）と弟子のこと。
5級,子子孫孫,ししそんそん,「子孫」を重ねて強調した語で、子孫が続く限り、末代までという意味。
5級,紙上談兵,しじょうだんぺい,「談兵」は戦術を議論することで、紙の上で戦術の議論をするという意味から、理屈だけの論議では実際に役に立つことはないという意味。
5級,四神相応,しじんそうおう,四神に基づき、最も理想的とされる地相のこと。「四神」は四方位を守護する神々であり、東の青竜は流水、南の朱雀は窪地、西の白虎は大道、北の玄武は丘陵を象徴する。これらの地形が揃う地相が、吉兆とされている。この地相は、官位や福禄、無病、長寿をもたらすと信じられており、平安京はその条件を満たす地に建設されたとされている。
5級,死生有命,しせいゆうめい,人の生死は天命で決まっていて、人の力ではどうすることも出来ないという意味。
5級,舌先三寸,したさきさんずん,口先だけで誠実さがなく、巧みな弁舌のこと。口だけで相手をうまくあしらったり、丸め込んだりすること。
5級,七転八起,しちてんはっき,七回転んでも八回起き上がるという意味から、何度失敗してもくじけずに奮闘すること。「七転び八起き（ななころびやおき）」とも読む。
5級,七難八苦,しちなんはっく,様々な苦難や災難のこと。または、災難や苦難にあうこと。元は仏教語で経典によってことなるが、『観音経』で「七難」は、火難、水難、羅刹難、王難、鬼難、枷鎖難、怨賊難の七つのこと。「八苦」は、生、老、病、死、愛別離苦、怨憎会苦、求不得苦、五陰盛苦の八つのこと。
5級,死中求活,しちゅうきゅうかつ,死ぬ覚悟を持って、困難に立ち向かうこと。または、絶体絶命の窮地の中で生き延びるための活路を求めること。「死中」は死を待つしかない状況、「求活」は生き残るための方法を求めること。
5級,七里結界,しちりけっかい,人や物事を嫌って近づけない、寄せつけないこと。または、密教で魔障をいれないようにするために七里四方に結界を設けること。
5級,四通八達,しつうはったつ,四方八方に道路が広がっている様子。または、交通網が発達していて、交通や往来が盛んでにぎやかな場所のこと。
5級,質疑応答,しつぎおうとう,疑問点を質問して、それに応じて答えること。「質疑」は疑問点を質問して問いただすこと、「応答」は問いに答えること。
5級,士農工商,しのうこうしょう,日本の江戸時代にあった四つの身分階級のことで、武士、農民、工人、商人のこと。
5級,四百四病,しひゃくしびょう,人のかかる様々な病気のこと。仏教で人の体を構成する四大元素、地、水、火、風の不調が原因で発生し、それぞれに百一の病があるとされていて、あわせると四百四の病があるということから。
5級,四門遊観,しもんゆうかん,釈迦が太子の時に、四つの門から外に出て老人、病人、死人、修行者を見つけて、出家を決意した伝説のこと。釈迦がまだシッダールタ太子と呼ばれ、不自由のない生活をしていたときに、城外で遊ぼうとして別々の日に別々の門の外に老人、病人、死人を見かけた。そして、人間の無常を感じ、最後に修行者に出会い出家する決意をしたといわれる。
5級,舎近求遠,しゃきんきゅうえん,近くに良いものがあることに気がつくことがなく捨ててしまい、遠くまで捜し求めること。「舎近」は近くにあるものを捨てること。「求遠」は遠くにあるものを求めること。
5級,射将先馬,しゃしょうせんば,馬に乗っている武将を射止めるためには馬を射ることが先決であるという意味から、目的を果たすためにはその周囲やよりどころにしているものを先に攻めるとよいということ。
5級,舎短取長,しゃたんしゅちょう,短所や欠点を補わずにすてて、長所だけを伸ばすこと。または、取るに足らないものをすてて、よいものだけに着目すること。「短」は短所、「長」は長所のこと。「短（たん）を舎（す）て長（ちょう）を取る」とも読む。
5級,衆議一決,しゅうぎいっけつ,多くの人々が考えや意見を出し合って論じた結果、一つの結論が出ること。「衆議」は多くの人々で行う議論や相談のこと。「一決」は議論などの結論が一つにまとまること。
5級,秋高馬肥,しゅうこうばひ,爽やかで心地よい秋を言い表す言葉。空が高く、すっきりと晴れ渡る気持ちのよい秋の季節になると、馬も餌をよく食べてたくましく肥えるということから。元は秋の収穫の後で、中国の北部から騎馬民族が攻め込んでくる季節のことをいう言葉。「秋高く馬肥ゆ」とも読み、現在では、「天高く馬肥ゆる秋」と用いることが多い言葉。
5級,修己治人,しゅうこちじん,自身の知識を高めて、精神を磨き、徳を積んでから世の中を正しく治めること。自身の修養に励み、高く積んだ徳で人々を感化して、世の中を平和に正しく治めることをいう。儒教の根本思想。「己を修めて人を治む」とも読む。
5級,縮衣節食,しゅくいせっしょく,無駄遣いをしないようにすること。 衣服と食事を節約するという意味から。「衣（ころも）を縮め食（しょく）を節す」とも読む。
5級,縮地補天,しゅくちほてん,政治の構造を大きく変えること。 「地」は実際行われる政治。「天」は政治の理念。天子の政治改革をいう言葉で、現実にある様々な問題を引き締めて、政治理念との不足を補うという意味。「地を縮め天を補う」とも読む。
5級,種種雑多,しゅじゅざった,様々なものが数多く混ざり合っていること。「種種」と「雑多」はいろいろなものがたくさんあるということで、似ている意味の言葉を重ねて強調したもの。
5級,酒池肉林,しゅちにくりん,"極めて贅沢で豪勢な宴会のこと。 または、性的に乱れている宴会のこと。「酒池」は酒で満たした池のこと。 「肉林」は林の木々に肉を吊るしたもの。殷の暴君紂王が、酒池と肉林を用意してその中を裸にした男女に追いかけ回らせるという宴会を、昼も夜もなく何日にもわたって開いたという故事から。「肉林」の""肉""という字には文字通り""肉""の意味しかなく、原文では酒池肉林の後に「男女を裸にして追いかけ回らせる」という意味の文があるため、酒池肉林という言葉自体には「性的に乱れている宴会」という意味は含まれておらず、そのような意味での用い方は本来は誤用である。"
5級,出処進退,しゅっしょしんたい,現在の職に留まるか、辞めるかという身の振り方のこと。または、役人として国に仕えることと、役人を辞めて民間人になること。「出」は世に出て仕えること。 「処」は公の仕事を辞めて家にいること。「進退」は職を続けることと辞めること。身の振り方。
5級,春秋筆法,しゅんじゅうのひっぽう,簡潔な言葉や、文字の中に批評などの深い意味を隠す表現方法のこと。または、平等で厳しい批評の態度のこと。間接的な表現を使って真意を説くことをいう。「春秋」は書物の名前で、中国の魯の国の歴史書を孔子が編集したとされる。『春秋』の中には、簡潔な文章の中に、孔子の歴史批判が込められているということから。
5級,春和景明,しゅんわけいめい,春の日の天候が穏やかで、日の光が明るいこと。「春和」は春になって穏やかになった気候。 「景明」は日光が明るい様子。「春（はる）和（やわら）ぎ景（けい）明らか」とも読む。
5級,生死事大,しょうじじだい,生か死かは最も大切な問題だが、今生きていることが最も大切であるということ。禅宗の言葉で、生と死を繰り返して悟りを得ることは大切だが、悟りを得るのは、今生きている間しかないので、今を生きることが最も大切であるということ。
5級,生生世世,しょうじょうせぜ,いつまでも。永遠に。仏教の言葉で、生と死を繰り返して数多くの世を経験するという意味から。
5級,将門有将,しょうもんゆうしょう,立派な家系の家からは、立派な人材が出るということ。「将門」は将軍を代々輩出している家系のこと。「有将」は将軍が現れること。「将門（しょうもん）、将（しょう）有り」とも読む。
5級,笑裏蔵刀,しょうりぞうとう,見た目は優しそうに見えるが、内心はひどく陰険なこと。「笑裏」は笑顔の内側のこと。 「蔵刀」は刀を隠して持っていること。兵法三十六計の第十計。「笑裏（しょうり）に刀（とう）を蔵（ぞう）す」とも読む。
5級,小利大損,しょうりだいそん,少しの利益を得ようとして、大きな利益を逃すこと。または、少しの利益を得ようとして、大損すること。
5級,生老病死,しょうろうびょうし,人間が避けることが出来ない四つの苦悩のこと。 「生」は生まれること。「老」は年老いること。 「病」は病気になること。 「死」は死ぬこと。仏教の言葉で、四苦のことをいう。
5級,諸行無常,しょぎょうむじょう,世の中は常に変化しており、いつまでも変化しないものや永久に無くならないものはないということ。人生、人の命の儚さをいう言葉。「諸行」はこの世にある全てのもの、全ての現象のこと。「無常」は変化しないものはないという意味。「諸行無常、諸法無我、涅槃寂静」という仏教の思想の特徴を表す三法印の一つ。平家物語の冒頭として有名。
5級,諸子百家,しょしひゃっか,中国の春秋時代に活躍した、たくさんの学者や学派、書物などのこと。「諸子」は孔子や孟子、老子、荘子などの学者のこと。「百家」は儒家や道家、墨家、法家などの学派のこと。
5級,初転法輪,しょてんぼうりん,釈迦が悟りを開いた後、鹿野苑（ろくやおん）ではじめて行った説法のこと。「転法輪」は仏が説法すること。仏の教えを説くこと。
5級,白河夜船,しらかわよふね,何も気がつかないほど、ぐっすり寝入っている様子のこと。または、本当は知らないのに、知っているかのように振舞うこと。「白河」は京都の地名。京都に行ってきたと嘘をついた男が、「白河」はどうだったかと尋ねられたときに、男は白河を川の名前だと勘違いし「夜の船で、眠っている間に通り過ぎたからよくわからない」と答えたため、男の嘘がばれてしまったという故事から。「白河」は「白川」、「夜船」は「夜舟」とも書く。
5級,私利私欲,しりしよく,自分の利益と欲求のことだけを考えて行動すること。「私利」は私的な利益を得ること。 「私欲」は私的な欲望を持つこと。公共の利益よりも個人的な利益を優先する身勝手な態度のことをいう言葉。「私利私慾」とも書く。
5級,至理名言,しりめいげん,物事の筋道が理屈に適っているすぐれた言葉。 「至理」は正しい道理のこと。「名言」は立派な言葉。
5級,四六時中,しろくじちゅう,一日中・いつも・終日という意味。「四六時」は二十四時間。四掛ける六で二十四になることから。「中」はその間ずっとという意味。昔使われていた「二六時中」という言葉が変化したもの。
5級,心機一転,しんきいってん,何かをきっかけに、気持ちがよい方向に切り替わること。「心機」は心の動き、気持ち。「一転」はがらりと変わること。ひっくり返ること。
5級,身言書判,しんげんしょはん,人を登用するときに基準とするもののこと。 「身」は容姿。「言」は言葉遣い。 「書」は筆跡。 「判」は文章。中国の唐の官吏を登用するときの基準をいう。
5級,針小棒大,しんしょうぼうだい,たいしたことがない物事を、実際より大げさに言うこと。針ほどの小さく些細なことを、棒ほどに大きく言うという意味から。
5級,真実一路,しんじついちろ,真実だけを求めて生きること。 または、誠実に生きること。「一路」はまっすぐやひたすらという意味。山本有三の同名の小説によって広まったとされる言葉。
5級,真人大観,しんじんたいかん,道を身につけた人は、目先にとらわれず全体を見わたして、判断を誤らないということ。「真人」は道理を身につけ、物事に深く通じた人。「大観」は細部にこだわらず、大きく見わたすこと。
5級,深層心理,しんそうしんり,普段生活しているときには意識されない、奥深いところに隠れている心理のこと。「心理」は心の動きや状態のこと。心理学者のフロイトやユングによる心理学の用語。
5級,進退両難,しんたいりょうなん,どうすることもできないこと。前に進むことも、後ろに下がることも難しいという意味から。「進退両（ふた）つながら難（かた）し」とも読む。
5級,心地光明,しんちこうめい,心が正しく、清く広いこと。 「心地」は心のこと。「光明」は仏の心身から放たれる、明るく輝く光のこと。
5級,心満意足,しんまんいそく,この上なく満たされた気持ちになること。「心満」と「意足」はどちらも心が満たされるという意味。「心（こころ）満ち意（い）足る」とも読む。
5級,自画自賛,じがじさん,「賛」は絵画に添える詩文のこと。一般的には他人に書いてもらうもので、自分の絵画に自分で賛を書くことから、自分で自分をほめるという意味。
5級,自給自足,じきゅうじそく,自分に必要なものを自分でまかない、十分に足りるようにすること。
5級,自己暗示,じこあんじ,自分で自分に特定の意識や理念を抱くように繰り返すことで暗示をかけること。
5級,時時刻刻,じじこくこく,時を追って次々と何かが起こる様子。 「その時その時」や「一刻一刻」など。「時刻」は時間の流れの決まった一瞬のことで、それを重ねて、一瞬一瞬が連続して経過していく様子という意味。
5級,事実無根,じじつむこん,事実に基づいていない上に、根拠もないこと。
5級,事事物物,じじぶつぶつ,一つ一つのあらゆる物事のこと。「事物」を重ねて強調した言葉。
5級,十死一生,じっしいっしょう,ほとんど助かる見込みがない状況でかろうじて助かること。
5級,十中八九,じっちゅうはっく,十あるうちの八か九ということから「ほとんど」「おおかた」「ほぼ確実」という意味。
5級,弱肉強食,じゃくにくきょうしょく,弱者の犠牲があって、その上にいる強者が繁栄すること。「強食弱肉」ともいう。
5級,十五志学,じゅうごしがく,十五歳で学問をすることを心に決めること。 「十五」は十五歳のこと。「志学」は学問をすることを心に決めること。孔子が生涯を振り返って言った言葉から。「志学」という言葉が十五歳のことをいうのは、この言葉が語源。
5級,十全十美,じゅうぜんじゅうび,不十分な部分がなく、完全であること。「十全」と「十美」はどちらも全てのものに欠点などなく、完璧であるということ。
5級,十人十色,じゅうにんといろ,性格、好み、考え方などは人それぞれ違うということ。「十人」は十人の人のこと。 「十色」は十の種類があるということ。人の性質は人それぞれ違うため、十人いれば十の種類に分かれるという意味から。
5級,十年一日,じゅうねんいちじつ,十年という長い期間が経過しても全く変わっていないこと。または、長い期間が経過しても進歩や成長をしていないこと。「十年」は年数の十年のこと。 「一日」は日数の一日のこと。十年という長い期間、同じ一日を繰り返すという意味から。また、十年間同じことを繰り返すということから、辛抱強く努力し続けることや変化しないように守り続けることをいう場合もある。
5級,十年一昔,じゅうねんひとむかし,世の中の変化が非常に激しいことのたとえ。十年の年月を一区切りとして、十年という期間が過ぎれば、身の回りも変化して、もう昔のことのように感じるという意味から。
5級,十風五雨,じゅうふうごう,十日ごとに風が吹き、五日ごとに雨が降る、農耕に適した天候のこと。または、世の中が平和で穏やかな状態であることのたとえ。
5級,十万億土,じゅうまんおくど,極楽浄土のこと。「万」と「億」は非常に大きな単位のことで、「十万億」は距離が非常に離れていることのたとえ。「土」は仏の土地という意味の仏土のこと。極楽浄土は、この世から十万億の非常に遠い場所にある仏土のさらに先にあるということから。
5級,樹下石上,じゅかせきじょう,出家して行脚している人の境遇のたとえ。行脚している僧は木の下や石の上を宿にして生活するという意味の仏教の言葉。「石上樹下」ともいう。
5級,純一無雑,じゅんいつむざつ,他の物がまったく混ざっていない様子。または、邪心や偽りなどが一切無く純粋なこと。「純一」や「無雑」はどちらも他のものが全く混ざっておらず純粋であるという意味で、同じ意味の語を重ねて強調した言葉。「純一（じゅんいつ）にして雑（まじ）ること無し」とも読む。
5級,自由自在,じゆうじざい,思ったことが思った通りに出来ること。または、思う存分やりたいことをやること。「自由」と「自在」はどちらも、邪魔されることなく思い通りに出来るという意味。
5級,上意下達,じょういかたつ,上の者の意志や命令などを、下の者にしっかりと伝えること。「上意」は君主の命令という意味から、上の者の意志や命令のこと。「下達」は下の者に伝えること。
5級,情意投合,じょういとうごう,お互いの意志や気持ちが通じること。 「情意」は気持ちや意志のこと。「投合」はぴったりと一つに合うこと。
5級,上行下効,じょうこうかこう,上の立場の人が行動すると、下の立場の人はそれを見て学ぶということ。「効」は教わることや、真似をすること。「上（かみ）行えば下（しも）効（なら）う」とも読む。
5級,常住不断,じょうじゅうふだん,途切れることなくずっと続いていること。「常住」と「不断」はずっと続いているという意味。「常住」は仏教の言葉で、過去から現在、未来にわたって変わることなく続いていること。
5級,事理明白,じりめいはく,物事の道理や筋道がはっきりとしていること。 「事理」は物事の道理や筋道。「明白」ははっきりとしていてわかりやすいこと。
5級,人海戦術,じんかいせんじゅつ,たくさんの人を使って、仕事や任務を成し遂げようとするやり方。「人海」は人がたくさんいる様子を海にたとえた言葉。元は人を多く集めて数の力を使い、敵軍を倒す戦略のことをいう。
5級,人間青山,じんかんせいざん,世の中は広く、死に場所ならどこにでもあるので、目的を果たすために、故郷を捨ててでも大いに活躍するべきであるということ。「人間」は世の中、世間。 「青山」は墓。死に場所。世の中は広いので、死に場所くらいはどこにでもあるという意味から。「人間至る処青山有り」を略した言葉。
5級,仁者無敵,じんしゃむてき,人徳が備わった人には、敵になる人がいないということ。「仁者」は仁徳が備わっている人、仁徳者。仁徳者が君主になれば、全ての人民を平等に愛するので、敵になる人がいなくなるという意味から。「仁者は敵無し」とも読む。
5級,仁者楽山,じんしゃらくざん,仁徳のある人は心に余裕があって落ち着いているので、似た様にずっしりと安定している山を好むということ。「仁者（じんしゃ）は山を楽しむ」とも読む。
5級,人心一新,じんしんいっしん,人々の心を新しくすること。 「人心」はたくさんの人々の心。「一新」は古いものを無くして、新しいものにすること。
5級,人事天命,じんじてんめい,人として出来る限りの努力をして、結果は運命に任せること。「人事」は人間ができること。 「天命」は運命。「人事を尽くして天命を待つ」を略した言葉。
5級,人事不省,じんじふせい,意識を失うこと。昏睡状態になること。病気や怪我などで意識を失い、刺激に反応を示さないほどの酷い状態になることをいう。「人事」は人としての感覚・意識。「不省」は意識がはっきりとしないこと。
5級,人生行路,じんせいこうろ,人の一生。 「行路」は道を行くということから、旅路のこと。人の一生をどうなるか予測できない、長く困難な旅路にたとえた言葉。
5級,水月鏡花,すいげつきょうか,目には見えても、手に取ることはできないはかないもののたとえ。または、感じ取ることができるが言葉では表すことができない、詩文などの深い味わいのたとえ。鏡に映る花と水に映る月のことから。「水月鏡花」ともいう。
5級,水清無魚,すいせいむぎょ,心が清く高潔であっても、程度が過ぎると人に親しまれないということ。「水清ければ魚無し」とも読み、澄み切った水には魚が住めないという意味から。
5級,寸鉄殺人,すんてつさつじん,短い一言で相手の弱点や欠点をつくことのたとえ。「寸」は長さの単位で、短い長さのたとえ。「寸鉄」は長さの短く鋭い刃物ということから、短く的を射た言葉のこと。急所を突けば、短い刃物でも確実に人を殺すことが出来るという意味から。「寸鉄（すんてつ）人を殺す」とも読む。
5級,寸田尺宅,すんでんしゃくたく,ほんの少しの財産のこと。「寸田」と「尺宅」はどちらもほんの少しの財産という意味で、四方が一寸の田と四方が一尺の家という意味から。「寸」と「尺」は長さの単位で、どちらも短い長さのたとえ。
5級,寸馬豆人,すんばとうじん,遠くにいる人や馬が小さく見えること。または、絵画の背景として書かれている人や馬が小さいこと。「寸」は長さの単位で、短い長さのたとえ。「寸」と「豆」はどちらも小さいことのたとえ。
5級,頭寒足熱,ずかんそくねつ,頭を冷やして、足を暖めること。健康によく、ぐっすり眠ることができるとされている。
5級,晴雲秋月,せいうんしゅうげつ,純真で汚れがなく透き通っている心のたとえ。「晴雲」は晴れた空に浮かんでいる雲のこと。「秋月」は秋の澄んでいる空にある月のこと。
5級,生寄死帰,せいきしき,人が生きているということは仮にこの世に身を寄せているだけで、死は自分の家に帰るかのように本来いるべき場所に帰ることだという意味。「生は寄（き）なり死は帰（き）なり」とも読む。
5級,精金良玉,せいきんりょうぎょく,穏やかで純真な性格のたとえ。 「精金」は不純物のない純粋な金属。「良玉」は美しい宝玉のこと。北宋の程頤が、兄の程顥の人柄を評して言ったとされる言葉。「良玉精金」ともいう。
5級,晴耕雨読,せいこううどく,田園で心静かにのんびりと気ままな生活をすること。晴れた日は畑を耕して、雨の日は屋内にこもって本を読むという意味から。
5級,生死肉骨,せいしにくこつ,どうすることもできない苦しい状況の者を救うこと。または、そのような状況から救ってもらった大恩のこと。骨に肉をつけて死んだ人を生き返らせるという意味から。
5級,青松落色,せいしょうらくしょく,交友関係が途切れそうになることのたとえ。 「青松」は常緑樹の松のこと。「落色」は色が落ちること。常緑樹の松が色あせるという意味から。
5級,誠心誠意,せいしんせいい,損得を考えず人に尽くそうとする純粋な気持ちのこと。または、そのような気持ちを持って人に接すること。「誠意誠心」ともいう。
5級,精神統一,せいしんとういつ,他のことに気を散らさずに、心を一つにして集中すること。目的を達成するために他のことに気を散らさず、そのことだけに集中する心の持ち方のこと。
5級,聖人君子,せいじんくんし,人格、知識ともにすぐれている素晴らしい人物のこと。「聖人」は最高の人格者のこと。「君子」は学問や人格にすぐれている徳の高い人のこと。
5級,聖人無夢,せいじんむむ,徳を積んだ聖人は、悩むことや心を乱すことがないので、夢をみることがないということ。「聖人に夢無し」とも読む。
5級,正正堂堂,せいせいどうどう,非難する点のない素晴らしい手段や態度のこと。または、軍隊の士気が高く、陣形が整っている様子。「正正」は軍旗が整然と並んでいること。「堂堂」は陣形が整っていて士気が高いこと。「正正の旗、堂堂の陣」を略したもの。「正々堂々」とも書く。
5級,生知安行,せいちあんこう,生まれた時から人としての正しい道を知っていて、苦労することなく実際に行うこと。「安行」は悩むことなく行うこと。努力することなく人の道を知り、それを行うことが出来るという意味から。「学知利行」、「困知勉行」とともに、人の道を修養する三つの段階のことをいう。
5級,青天白日,せいてんはくじつ,雲一つない晴れ渡った青空と輝く太陽のこと。転じて、やましいことが一切ないことのたとえ。または、無実が明らかになり、疑いが晴れることのたとえ。「青天」は晴れ渡った青空のこと。 「白日」は明るく輝く太陽のこと。「白日青天」ともいう。
5級,正当防衛,せいとうぼうえい,他人からの不当な暴力行為から身を守る権利。法律用語で、暴力行為を受けた時に、自身または他人を守るために、仕方なく行使する加害行為のことで、その行為の責任は問われない。
5級,清風故人,せいふうこじん,季節が秋に変わって、秋のさわやかな風が吹いてくるのは、昔からの友人が久しぶりに訪ねてきたかのようだということ。「故人」は昔からの友人。「清風故人来る」を略した言葉。
5級,清風明月,せいふうめいげつ,明るく澄んだ月とすがすがしい風が心地よい静かな夜の様子。または、風雅な遊びや自然を堪能すること。「清風」はすがすがしい風のこと。「明月」は明るく澄んだ月のこと。
5級,精明強幹,せいめいきょうかん,物事に精通していて、仕事を成し遂げる能力が高いこと。「精明」は物事に精通していること。「強幹」は物事を成し遂げる能力が高いこと。
5級,石心鉄腸,せきしんてっちょう,鉄や石のように固く強い心と意志のこと。 「鉄腸」は鉄のように固い腸。「石心」は石のように固い心臓。「腸」と「心」は内臓の腸と心臓のことから、心や意志のたとえ。「石心鉄腸」ともいう。
5級,接見応対,せっけんおうたい,実際に顔を合わせて受け答えすること。 または、相手への受け答えのやり方。「接見」は人と実際に会うことで、特に高い身分の人が、公的に相手を迎えて実際に会うことをいう。
5級,雪月風花,せつげつふうか,四季の季節ごとの美しい自然の風景。または、それらの風景を鑑賞して、詩歌を作る風流な様子のこと。冬の雪、秋の月、夏の風（嵐）、春の花ということから。「風花雪月」ともいう。
5級,切問近思,せつもんきんし,理解が難しいことを、身近な問題として取り上げて、真剣に考えること。「切問」は理解できていないことを問うこと。「近思」は身近なこととして考えること。「切（せつ）に問いて近く思う」とも読む。
5級,世道人心,せどうじんしん,この世の道徳と、その道徳を守る人たちの心。「世道」は人が人として守るべき道徳のこと。「人心」は多くの人の心。
5級,千金一刻,せんきんいっこく,ほんのわずかな時間が千金にも値するということ。「一刻」の「刻」は時間の単位のことで、わずかな時間のたとえ。「千金」は多額の金銭のことから、価値があるもののたとえ。楽しい時間や季節などがあっという間に過ぎ去っていくことを惜しんでいう言葉。また、少しの時間でも大切にするべきだという戒め。出典は「春宵一刻値千金」という言葉で、春の夜は素晴らしく非常に価値があるという意味。「千金一刻」ともいう。
5級,先義後利,せんぎこうり,人が守るべき道徳を一番に考えて、利益を二の次に考えること。「義」は人としての道徳、仁義。 「利」は利益。人の上に立つ人の心構えをいう言葉。「義を先（さき）にして利を後（あと）にす」とも読む。
5級,千古不易,せんこふえき,永遠に変わらないこと。「千古」は大昔、または、遠い昔から現在まで長い時間のこと。「不易」は変わらないという意味。
5級,専心一意,せんしんいちい,他のことに心を奪われることなく、一つのことだけに心を注ぐこと。「一意」と「専心」はどちらも一つのことだけに心を注ぐこと。「専心」は「摶心」とも書く。「専心一意（摶心一意）」ともいう。
5級,先聖先師,せんせいせんし,尊敬の気持ちを込めて孔子を呼ぶ名称。過去の聖人や賢者の教えを広めた、師と仰がれる人をいう。「先聖」は昔の聖人や賢者のこと。 「先師」は聖人や賢者の教えを広めた人。古代中国で学校を作るときに先聖と先師を祭っていたが、時代によって祭る人は異なっていた。
5級,先知先覚,せんちせんがく,普通の人よりも早く道理を理解すること。または、すぐれた学識と人格をもっている人のこと。
5級,先手必勝,せんてひっしょう,先に攻撃を仕掛ければ、必ず勝てるということ。「先手」は先に攻撃すること。
5級,千万無量,せんまんむりょう,どれくらいあるか数えることができないほどに数が多いこと。「千万」はこの上なく数が多いこと。「無量」は見当がつけられないほど数が多いこと。
5級,千里同風,せんりどうふう,天下が一つにまとめあげられていて、平和に治まっていること。「千里」ははるか遠くまでということ。「同風」は風俗が同じものになるということから、同じ国になることのたとえ。
5級,千里結言,せんりのけつげん,遠く離れた友人と結んだ約束のこと。「千里」は距離が非常に離れていることのたとえ。「結言」は言葉で約束をすること。
5級,絶世独立,ぜっせいどくりつ,美しい女性の容姿をいう言葉。「絶世」はこの世に並ぶものが存在しないということ。「独立」は他と離れていて、一つだけ立っていること。中国の前漢の時代に、宮廷楽士の李延年が自身の妹の美しさを歌った詩から。
5級,絶体絶命,ぜったいぜつめい,どうすることもできない危険な状況にあること。「絶」はぎりぎりの状態や限界に達するという意味から、体と命が逃れることの出来ない危険な状態にあることをいう言葉。
5級,善因善果,ぜんいんぜんか,よい行動をすれば、よい報いがあるということ。「善因」はよい報いを受ける原因となる行いのこと。 「善果」はよい報い。仏教の言葉で、人の行動の善悪に応じた報いを受けることをいう。
5級,前後不覚,ぜんごふかく,物事の前後がわからなくなるほど、正気を失ってしまうこと。気絶したり、酒を飲みすぎたりした状態のことをいう言葉。「前後」は物事の前と後。「不覚」は意識がしっかりしてしないこと。
5級,全生全帰,ぜんせいぜんき,親からもらった体を傷つけずに、人生を全うすることが本当の親孝行であるという教え。「全」は欠けていない完全な状態。体を欠くことなく、全て返すという意味から。曾子の門人の楽正子春は、足に軽い怪我を負ったことを、孔子の親孝行の教えに背いたとして嘆いたという故事から。
5級,全知全能,ぜんちぜんのう,全てを知り尽くし、ありとあらゆることができる能力のこと。「全知」は全てのことを理解出来る知識。「全能」はあらゆることができる能力。「全智全能」とも書く。
5級,創業守成,そうぎょうしゅせい,事業を新しく起こすよりも、成果を守り続けていくほうが難しいということ。「創業」は事業を新しく興すこと。 「守成」は成果を守るという意味から。「創業は易く守成は難し」を略した言葉。
5級,草根木皮,そうこんぼくひ,草の根と木の皮という意味から、漢方薬やその素材のこと。または、食糧不足で草の根や木の皮のようなものしか食べ物がないこと。
5級,相思相愛,そうしそうあい,男女がお互いのことを慕い、愛し合っていること。または、互いに必要とし合っている関係のこと。「相思」はお互いに恋しく思うこと。「相愛」はお互いに愛すこと。
5級,走馬看花,そうばかんか,表面だけ見て、本質を理解しないこと。または、物事がうまくいって、誇らしそうにすること。中国の唐の時代に、孟郊が科挙に合格したことを喜んで詠んだ詩の一節で、合格したことを喜び、町中の花を馬に乗って見て回ったが、馬に乗りながら花を見ても、花のことは理解できないという意味から。「馬を走らせて花を看る」とも読む。
5級,争名争利,そうめいそうり,名誉と利益を得るために争うこと。 「争名」は名誉を求めて争うこと。「争利」は利益を得るために争うこと。「名（な）を争い利を争う」とも読む。
5級,装模作様,そうもさくよう,見栄を張ったり、上品ぶったりすること。「装」と「模」はどちらも見た目を着飾ったり、他人の真似をしたりすること。「作様」は動きの様子。「装模（そうも）様（よう）を作（な）す」とも読む。
5級,総量規制,そうりょうきせい,上限を定めて、それを超えるような取引や使用などを防ぐ政策のこと。融資の上限を定めて過度の上昇を抑制したり、工場からの汚染物質の排出量の上限を決めて、環境を保護したりするもの。
5級,則天去私,そくてんきょし,私心を捨てて、自然に身を任せて生きること。「則天」は自然の法則に逆らわないこと。 「去私」は私心を無くすこと。夏目漱石が晩年に理想として目指した境地や、文学観をいう。「天（てん）に則り私（わたくし）を去る」とも読む。
5級,素車白馬,そしゃはくば,葬式で使う馬車のこと。 「素車」は飾りつけをしていない白い木の馬車。「白馬」は馬車を引く白い馬。謝罪や降伏をするときに、死を覚悟しているという意志を示すためにこの馬車を使うこともあった。
5級,孫康映雪,そんこうえいせつ,苦労しながらも学問に励むこと。 「孫康」は中国の人の名前。「映雪」は夜の雪明りで書物を読むこと。中国の晋の時代、孫康は灯り用の油を買うことが出来ないほど貧しく、夜は雪明りで読書をして勉強したという故事から。
5級,損者三友,そんしゃさんゆう,関わらないほうがよい三種類の友人のこと。「損者」は利益になることがない友人。「三友」は体裁だけを取り繕う人、口先だけ達者な人、不誠実な人の三種類の友人のこと。このような人たちと友人になっても損しかないという意味から。
5級,造反無道,ぞうはんむどう,体制に背いて、道理に外れた行いをすること。「造反」は体制に背いた行動を起こすこと、謀反。
5級,造反有理,ぞうはんゆうり,体制に背くことにも、それなりの道理があること。「造反」は体制に背いた行動を起こすこと、謀反。「有理」は道理があること。一九三九年に中国の毛沢東が言った言葉で、文化大革命の時に紅衛兵の標語となった言葉。
5級,続短断長,ぞくたんだんちょう,多くなりすぎたり、少なくなりすぎたりしないように整えること。長さが短いものは継ぎ足しすることで長さを補い、長いものは切って短くするという意味から。「短（たん）を続（つ）ぎ長（ちょう）を断（た）つ」とも読む。
5級,大快人心,たいかいじんしん,人々を痛快な気持ちにさせること。悪人を厳しく罰したときなどに用いられることが多い。
5級,対岸火災,たいがんのかさい,自分には直接関係のない事件、出来事のたとえ。川の向こう岸で起きた火災という意味で、川があるので向こう岸での火災はこちらに被害が出ることはないことから。
5級,大器小用,たいきしょうよう,優れた才能がある人にくだらない雑務をさせること。または、そのような人をうまく使いこなせていないこと。「大器」は優れた才能を持つ人を大きな器にたとえたもの。「小用」は小さなことに用いること。大きな器を小さなことに使用するという意味で、使い方が適切ではないことのたとえ。
5級,大器晩成,たいきばんせい,偉大な人は大成するのが遅く、歳をとってから頭角を現すようになるということ。また、才能があるにもかかわらず報われていない人を同情するときに用いる言葉。「大器」は大きい器のことから優れた才能を持つ人のこと。「晩成」は普通より遅れて形になること。大きな器は出来上がるまでに時間がかかるという意味から。
5級,大義名分,たいぎめいぶん,ある行動に対して根拠となる正当な理由や建前のこと。「大義」は人として大切な道義。 「名分」は身分や立場に伴う本分のこと。本来は身分や立場に応じた守るべき本分や道義のこと。
5級,大逆無道,たいぎゃくむどう,道理や人の道からひどく外れた常軌を逸した行為のこと。「大逆」は君主や親を殺すなどの極悪な行い。「無道」は道理を無視した行いのこと。
5級,大月小月,たいげつしょうげつ,一ヶ月の日数が三十一日ある「大の月」とそれより少ない「小の月」のこと。一年は「大の月」と「小の月」から成っているという意味。「大の月」は一月、三月、五月、七月、八月、十月、十二月。「小の月」は二月、四月、六月、九月、十一月。
5級,体元居正,たいげんきょせい,善や徳を身につけて、常に正しい立場に身を置くこと。「体」は身につけることや実際に行うこと。 「元」は善や正しいこと。「居正」は正しい立場に身を置くこと。「元（げん）を体（たい）して正に居（お）る」とも読む。
5級,大山鳴動,たいざんめいどう,騒ぎばかりが大きくて、結果は非常に小さいことのたとえ。「鳴動」は音を立てて揺れること。「大山鳴動して鼠（ねずみ）一匹」という言葉の略。「大きな山が産気づき激しい音を立て揺れ動いた結果、鼠が一匹生まれた」という古代ローマのことわざからきた言葉。「泰山鳴動」とも、「太山鳴動」とも書く。
5級,大所高所,たいしょこうしょ,一部ではなく、全体を見通す広い視野のこと。「大所」は広い立場、「高所」は高い場所のこと。どちらも広く見渡せる場所のことで、似ている意味の語を重ねて強調した言葉。「高所大所」ともいう。
5級,大信不約,たいしんふやく,約束をしなければ守られないようなことは、本当の信頼関係とはいえないということ。または、信義のない約束は、約束としての意味を持たないということ。「大信」はこのうえない誠意という意味から、本物の信頼関係という意味。「大信（たいしん）は約せず」とも読む。
5級,大道不器,たいどうふき,聖人が行う偉大な道は、普遍的で大きな働きをもつということ。「大道」は聖人が行う偉大な道。「器」は物を入れることしか使い道のない器のこと。器のように一つの用途でしか使えないものとは異なり、聖人の行う道は様々な作用を発揮するという意味から。
5級,大欲非道,たいよくひどう,慈悲が全くなく、非常に欲深いこと。 「大欲」は欲深いこと。「非道」は人の道から外れていること。「大慾非道」とも書く。
5級,多事多難,たじたなん,事件や解決が難しい出来事が非常に多いこと。「多事」は事件が非常に多いこと。「多難」は災害が非常に多いこと。
5級,多情多感,たじょうたかん,感情が豊かで、感受性が鋭いこと。物事から影響を受けて起こる心の動きをいう「情感」に、意味を強める「多」の文字を重ねた言葉。「多感多情」ともいう。
5級,多情仏心,たじょうぶっしん,感情が豊かで気が変わりやすいが、情が深く無慈悲になれないこと。仏の慈悲の心のことをいう言葉で、人や物事への情が多いという意味から。
5級,達人大観,たつじんたいかん,物事を深くきわめた人は広く全体を見ることができ、判断を間違えないということ。「達人」は道理をわきまえていて、深く物事に通じている人のこと。「大観」は物事全体を広く見ること。
5級,他力本願,たりきほんがん,自分は努力せずに、他人の力だけを頼りに望みをかなえようとすること。「他力」は自分以外の人の力のこと。「本願」は仏と菩薩が修行しているときに立てた誓いのこと。もとは仏教語で、本来の意味は阿弥陀如来の本願の力で極楽往生できることを願うこと。この用法での他力は阿弥陀如来の力のことを指す。
5級,単純明快,たんじゅんめいかい,単純でわかりやすいこと。主に文章や話などの道筋や内容が、単純でわかりやすいことをいう言葉。「明快」ははっきりとしていてわかりやすいこと。
5級,単刀直入,たんとうちょくにゅう,前置きなしに、いきなり本題に入ること。いきなり本題に入って、追及すること。 「単刀」は一本の刀。「直入」は回り道をすることなく、すぐに入ること。一本の刀を持って、敵陣にまっすぐ攻め込むという意味から。
5級,大死一番,だいしいちばん,必死の覚悟で物事に取り組むこと。元は仏教の言葉で、自身の欲望、迷いを捨てて修行に取り組むことをいう。
5級,大同小異,だいどうしょうい,小さな違いがあって完全に同じではないが、ほぼ同じこと。大きな差がないこと。 「大同」は大まかには同じものであること。「小異」は少しだけ差や違いがあること。
5級,大同団結,だいどうだんけつ,複数の政党や団体などの目的を持った人々の集まりが、一つの大きな目的のために、政党や団体などの各々の意見の違いを超えて力を合わせること。日本の明治時代、一八八六年～一八八九年に発生した自由民権運動各派による反政府統一運動が有名。
5級,断章取義,だんしょうしゅぎ,自身の都合のいいように解釈するために、他人の書いた文章や詩などから引用すること。「断章」は文章の一部の部分を抜き出すこと。「取義」は自分の都合のいいように意味を取ること。元にした文章などの文脈を無視して、都合のいい部分に使うことをいう言葉。「章を断ちて義を取る」とも読む。
5級,断編残簡,だんぺんざんかん,書物の欠片やちょっとした書き物のこと。「断編」は切れてばらばらになった書物。「残簡」はちりぢりになって残った書物。「残編断簡」「断簡残編」ともいう。
5級,談論風発,だんろんふうはつ,盛んに議論や討論をすること。 「談論」は議論や討論のこと。「風発」は風が勢いよく吹くという意味から、物事の勢いが盛んな様子。
5級,知行合一,ちこうごういつ,知識と実践は一体であるということ。また、知識があっても実践をしなければそれは本当の「知」とはいえず、知識に実践が伴ったものが本当の「知」であるという考え方。
5級,知者不言,ちしゃふげん,物事を本当に知っている人は、軽々しく言葉に出して説明しようとはしないということ。
5級,知者楽水,ちしゃらくすい,知恵のある人は水が流れることを好んで楽しむということ。水がよどみなく流れる様子が、知恵が滞ることなく働くことに似ていることから。「知者（ちしゃ）は水（みず）を楽しむ」とも読む。
5級,置酒高会,ちしゅこうかい,派手で立派な酒宴を催すこと。または酒宴そのもののこと。「置酒」は酒宴を催すこと。「高会」は派手で立派な宴のこと。
5級,知足安分,ちそくあんぶん,多くのことを望まず、自分の立場や境遇に満足すること。「足るを知り分（ぶん）に安（やす）んず」とも読む。
5級,地平天成,ちへいてんせい,万物が栄え、世の中が平穏に統治されていること。または、天災などに見舞われることなく自然が穏やかなこと。「地平」は世の中が平穏に統治されていること。「天成」は天の運行がうまく進み、全てのものが栄えること。「地（ち）平（たい）らかに天（てん）成（な）る」とも読む。「内平外成」と同じく、元号の「平成」の由来とされる語。
5級,着眼大局,ちゃくがんたいきょく,細かいことだけにとらわれずに、全体をしっかりと把握して本質を見極めて対処すること。「着眼」は大事なことに注意して見ること。「大局」は全体を見ること。
5級,忠君愛国,ちゅうくんあいこく,君主に忠義を尽くして、国を愛すること。「忠君」は君主に忠義を尽くして仕えること。「愛国」は国を愛すること。
5級,忠孝両全,ちゅうこうりょうぜん,君主への忠義と両親への孝行のどちらも果たすこと。君主へ忠義を尽くすことと、両親へ孝行することは全く別のものだが、どちらも両立させるという意味。「忠孝（ちゅうこう）両（ふた）つながら全（まっ）とうす」とも読む。
5級,中秋名月,ちゅうしゅうのめいげつ,仲秋の夜の満月のこと。「中秋」は仲秋のことで、仲秋は秋を三分割した中の月ということから、陰暦八月十五日のこと。「仲秋名月」とも書く。
5級,昼想夜夢,ちゅうそうやむ,昼に考えていたことが、夜になって夢になること。または、いつも思い続けていることを言い表す言葉。「昼想い、夜夢（ゆめ）む」とも読む。
5級,中通外直,ちゅうつうがいちょく,君子の広い心には邪心がなく、行いは正しく、まっすぐなこと。君子のあり方を説いた言葉。「中通」は蓮の茎の内側が空で何もないという意味から、邪な心を持っていないことのたとえ。「外直」は蓮の茎の外側の形はまっすぐな形であるということから、堂々としている立派な態度のこと。「中（なか）通（つう）じ外（そと）直（なお）し」とも読む。
5級,長安日辺,ちょうあんにっぺん,非常に遠く離れている場所のこと。 または、すぐれた才能と知恵があること。「長安」は中国の西安市の昔の名前。「日辺」は太陽の辺りという意味から、太陽のこと。東晋の元帝が太子に長安と太陽はどちらが遠いかと尋ねたという故事から。
5級,重見天日,ちょうけんてんじつ,辛く苦しい状況から抜け出して、それ以前のよい状況に戻ること。「重見」は再び見ること。 「天日」は太陽のこと。再び太陽を目にするという意味から。「重ねて天日（てんじつ）を見る」とも読む。
5級,長生久視,ちょうせいきゅうし,長く生きること。「久視」はいつまでも目で見るということから、いつまでも生きること。
5級,長生不死,ちょうせいふし,いつまでも死なずに生き続けること。
5級,頂天立地,ちょうてんりっち,誰に頼ることもなく、一人で堂々と生きていること。「天（てん）を頂（いただ）いて地に立つ」とも読む。
5級,頂門一針,ちょうもんのいっしん,要点を的確に突く戒めや忠告のこと。「針」は治療のために使う、鍼灸の針のこと。頭頂部にあるつぼを、一本の針で確実に突いて治療するという意味から。「頂門一鍼」とも書く。
5級,朝有紅顔,ちょうゆうこうがん,人の一生は変わりやすく、儚いことのたとえ。「紅顔」は色つやのよい顔ということから、若い人のたとえ。「朝に紅顔有りて夕べに白骨となる」を略した言葉で、朝に若者だった人が、夕方には死んで白骨になるという意味から。
5級,直情径行,ちょくじょうけいこう,相手の気持ちや周りの状況を気にすることなく、自分の思うままに行動すること。「直情」は偽ったりしていない、そのままの感情のこと。「径行」は思ったことを思ったとおりに行うこと。「情を直（なお）くして径（ただ）ちに行う」とも読む。
5級,治乱興亡,ちらんこうぼう,世の中が平和で繁栄することと、乱れて滅びること。「治乱」は平和に治まることと、乱れること。「興亡」は栄えることと、滅びること。世の中が変わっていく様子をいう言葉。「興亡治乱」ともいう。
5級,知略縦横,ちりゃくじゅうおう,知恵を働かせて、状況に応じて策略を思いのままにあやつること。「知略」は知恵を働かせた策略。 「縦横」は思うように操ること。「智略縦横」とも書く。
5級,痛定思痛,つうていしつう,辛かった過去を思い出して今後の戒めにすること。「痛定」は病気が治ること。病気が治った後に辛かった過去を思い出すという意味。
5級,適材適所,てきざいてきしょ,その人の能力や特性などに適した地位や役目をあたえること。「適材」は最適な才能を持つ人のこと。「適所」は適している地位や仕事のこと。
5級,適者生存,てきしゃせいぞん,環境に適応できた生物のみが生き残り、適応できない生物は淘汰されて絶滅すること。イギリスのハーバート・スペンサーによる生物進化論の用語。
5級,鉄心石腸,てっしんせきちょう,鉄や石のように固く強い心と意志のこと。「鉄心」は鉄のように固い心臓、「石腸」は石のように固い腸。「心」と「腸」は内臓の心臓と腸のことから、心や意志のたとえ。
5級,鉄腸石心,てっちょうせきしん,鉄や石のように固く強い心と意志のこと。 「鉄腸」は鉄のように固い腸。「石心」は石のように固い心臓。「腸」と「心」は内臓の腸と心臓のことから、心や意志のたとえ。「石心鉄腸」ともいう。
5級,鉄樹開花,てつじゅかいか,将来の可能性がないこと。または、非常に珍しいこと。「鉄樹」は鉄でできた木のことで、鉄でできた木は花が咲かないという意味から。または、「鉄樹」は六十年に一度だけ花が咲くといわれているということから。「開花」は花が咲くこと。
5級,手練手管,てれんてくだ,人を騙して思い通りに操る技術や方法のこと。「手練」と「手管」はどちらも人を騙して操る技術や方法という意味。元は遊女が客を騙す技術のことをいう言葉。
5級,天一地二,てんいちちに,天の数と地の数のこと。易経の言葉。この世の全ての変化は「一」と「二」に含まれるとされている。易経で「一」は奇数の代表であり陽を表す。「二」は偶数の代表であり陰を表す。
5級,天災地変,てんさいちへん,自然が変化することが原因で起こる様々な災いのこと。地震や台風、落雷、洪水、津波などの災害をいう。
5級,天姿国色,てんしこくしょく,生まれた時からこの世のものとは思えないほど美しい女性のこと。「天姿」は天から与えられた容姿。「国色」は国の中で最も美しい女性という意味。
5級,天孫降臨,てんそんこうりん,日本の神話で、天照大神の孫にあたる瓊瓊杵尊（ににぎのみこと）が、天上の高天原から地上へ降りたこと。『古事記』『日本書紀』は、地上を治めるよう天照大神に命じられた瓊瓊杵尊が、日向国の高千穂に降り立ったと伝える。「天孫」は天照大神の孫、すなわち瓊瓊杵尊のこと。「降臨」は神が天から地上に降りてくること。
5級,天地一指,てんちいっし,この世に存在するすべてのものは、みな同じであるという考え。荘子の思想を言い表す言葉で、対立を超えた絶対的な観点からすると、天も地も一本の指も同じであるということ。
5級,天地神明,てんちしんめい,この世に存在するとされる全ての神のこと。「天地」は天と地のことから、この世という意味。「神明」は日本の神道の神々のこと。
5級,天地無用,てんちむよう,荷物の外側に見えやすいように記す指示で、中の物が壊れやすい物なので、取り扱いに注意して上下を逆にしてはいけないということ。「天地」は上と下。「無用」はしてはいけないという意味。
5級,天長地久,てんちょうちきゅう,物事が終わることなくいつまでも続くこと。天地はいつまでも消えることがないという意味から。平和や長寿、繁栄などがいつまでも続くことを願って使われる言葉。「天（てん）は長く地は久（ひさ）し」とも読む。「天地長久」ともいう。
5級,天馬行空,てんばこうくう,考え方や行動が自由なこと。 または、詩文や書の筆遣いに勢いがあること。「天馬」は天帝が乗るとされる、空を駆けることのできる馬。空を天馬が駆ける様子から。「天馬（てんば）空（くう）を行く」とも読む。
5級,天変地異,てんぺんちい,奇妙な自然現象や自然災害のこと。「天変」は天の異変という意味から、隕石、彗星、日食、月食などの天体の異変のことや、雷、竜巻、大雨、暴風などの気象の異変のこと。「地異」は地震、洪水、津波、噴火などの地上で起こる異変のこと。
5級,天門登八,てんもんとうはち,仕官して、一番上の地位を得ようとすれば、自身の命が危うくなるということ。「天門」は天にあるとされる門。古代中国では、天には九つの階層があるとされていて、晋の陶侃は翼で飛んで八つ目をこえ、九つ目の前で門番に叩き落とされる夢を見た後に、八州を治める高官になった。さらに上の地位を目指そうとしたが、夢を思い出して自重したという故事から。
5級,天理人欲,てんりじんよく,天の道理と人の欲望。 「天理」は全てにとって正しい天の道理。「人欲」は人の欲望や本性。相対する意味の言葉を重ねたもの。
5級,伝家宝刀,でんかのほうとう,大事な時だけに使う絶大な威力の物や手段。「伝家」は家に受け継がれ続けていること。家に代々と受け継がれている名刀という意味から。
5級,電光石火,でんこうせっか,動きが極めて早いこと。または、ごく短い時間。一瞬。 「電光」は雷の光。「石火」は火打ち石などを打ち付けたときに出る火花。どちらも一瞬の光であることから。「石火電光」ともいう。
5級,田夫野人,でんぷやじん,教養のない礼儀知らずで乱暴な人のこと。「田夫」は農業を生業にする男性、農夫。 「野人」は田舎者という意味。「野人田夫」ともいう。
5級,田夫野老,でんぷやろう,田舎の農夫と老人。転じて、教養に乏しく作法を知らない、粗野な人のこと。「田夫」は農業を営む男、「野老」は田舎に住む老人。
5級,灯火可親,とうかかしん,過ごしやすい秋の長い夜は、灯りの下で読書をするのにちょうどいいということ。初秋の形容として使われる。「灯火（とうか）親しむ可（べ）し」とも読む。
5級,冬夏青青,とうかせいせい,どんなときも変わらない固い信念のこと。固い信念を一年中緑色の葉をつける常緑樹にたとえたもの。
5級,当機立断,とうきりつだん,機会を逃さないように、即座に決断すること。 「当機」は機に恵まれること。「立断」はすぐに決断すること。
5級,刀耕火種,とうこうかしゅ,農業の形態の一つの焼畑農耕のこと。山林の木々を切り倒して、草木に火をつけて焼き払い、その場所に種をまくという意味から。
5級,灯紅酒緑,とうこうしゅりょく,歓楽と贅沢な食事のたとえ。または、人通りの多いにぎやかな繁華街と歓楽街のたとえ。「灯紅」は紅い灯りのことで、繁華街や歓楽街などのにぎやかな町のきらびやかな灯り。「酒緑」は緑色の酒のことで美酒のたとえ。
5級,東行西走,とうこうせいそう,あっちへこっちへと忙しく走り回ること。東へ行って西へ走るという意味から。
5級,東西古今,とうざいここん,昔から今までの全ての場所。いつでもどこでも。「古今」は過去から現在まで。 「東西」は東から西までの全ての場所のこと。「東西古今」ともいう。
5級,党利党略,とうりとうりゃく,自身が所属する党派や集団の利益とそのための策略。「利」は利益、「略」は計略、策略のこと。
5級,得意満面,とくいまんめん,物事が狙い通りになって、誇らしげな様子が顔いっぱいに表れているさま。
5級,徳高望重,とくこうぼうじゅう,高い人徳があり、多くの人たちからの信望があること。「徳（とく）高く望（ぼう）重し」とも読む。
5級,特筆大書,とくひつたいしょ,目立つように大きな文字で書くこと。「特筆」は特別なものとして取り上げて書くこと。
5級,堂下周屋,どうかのしゅうおく,廊下のこと。 建物の部屋と部屋をつなぐ通路のこと。「周屋」は部屋の周りをめぐるという意味。
5級,同気相求,どうきそうきゅう,気の合う者同士は互いに求め合い、自然と集うようになること。「同気」は気の合う仲間や同じ性質の者のこと。「相求」は互いに求め合うこと。
5級,同工異曲,どうこういきょく,見た目は違っているが、手法や技術に大きな差がないこと。「曲」は音曲のこと。 「工」は技術、技巧のこと。同じ技巧の音曲でも味わいが異なっていたり、同じ技巧の詩文でも趣が異なっていること。「同工異曲」ともいう。
5級,同仁一視,どうじんいっし,差別することなく、全ての人を平等に慈しむこと。「一視」は一つのものとして見ること。 「仁」は愛するという意味。「同仁」は全てのものを同じように愛するという意味。「同仁一視」ともいう。
5級,銅頭鉄額,どうとうてつがく,勇敢で強いことのたとえ。または、槍や刀を通さない、頑丈な甲冑を身に付けた勇ましい兵士のこと。銅の頭と鉄の額という意味から。
5級,土階三等,どかいさんとう,質素な建物のたとえ。 「等」は階段の段の数。宮殿の入り口の階段が土で出来ていて、三段しかないという意味から。古代中国の伝説の聖天子の尭帝と舜帝の宮殿を言い表した言葉。
5級,読書三余,どくしょさんよ,読書をするのに都合のよい三つの余暇のこと。冬の季節、夜、雨天の日の三つ。中国の三国時代、魏の董遇が弟子に読書を勧めると、弟子は時間が無いと嘆いたときに諭したという言葉から。
5級,読書亡羊,どくしょぼうよう,重要なことを忘れて、他のことに夢中になること。「亡羊」は羊に逃げられること。羊の見張りをしていた二人の男は、一人は読書に、一人は博打に夢中になって見張りを忘れて、羊に逃げられてしまったが、逃げられたという点では、読書も博打も同じ罪であるということから。「書を読みて羊（ひつじ）を亡（うしな）う」とも読む。
5級,独断専行,どくだんせんこう,自分自身で勝手に判断して、勝手に行動すること。「独断」は自身だけで勝手に物事を決めること。「専行」は自身の勝手な判断で行動すること。
5級,独立自尊,どくりつじそん,他人の力を借りず、自身の力だけで物事を行うことによって、自身の品格や尊厳を保つこと。「独立」は他人の力を借りずに、自身の力だけで生きていくこと。「自尊」は自身の尊厳や品格を落とすことなく維持すること。
5級,独立自存,どくりつじそん,何ものにも縛られることもなく、誰からの助けを受けることもなく、自分一人の力だけで存在していること。「独立」は他からの助けを受けたり支配されたりしないこと。「自存」は自分一人の力だけで生きていくこと。「自存独立」ともいう。
5級,独立独歩,どくりつどっぽ,他人の力を借りることなく、自身が信じる道を自身の力だけで進むこと。または、誰からの助けも受けることなく、自身の力だけで生きていくこと。「独立」は自身の力だけで生きていくこと。「独歩」は他人の力を借りずに自身の力だけで物事を行うこと。
5級,難行苦行,なんぎょうくぎょう,非常に苦労すること。 または、苦労や困難に耐えながら修行すること。「行」は仏教語で、悟りを得るための修行。「苦行難行」ともいう。
5級,南山不落,なんざんふらく,城や城塞などが堅固で陥落しないことのたとえ。「南山」は堅固や長寿の象徴とされる中国の山、終南山のこと。
5級,南船北馬,なんせんほくば,絶え間なくいろいろな所を旅行してまわること。または、忙しくあちこちへ移動すること。「南船」と「北馬」はどちらも中国の移動手段。南部は川などが多いため船を使い、北部は山が多いため馬を使っていた。それらを使うことから、移動頻度が高いことのたとえ。「北馬南船」ともいう。
5級,二束三文,にそくさんもん,売値がとても安いこと。 ほとんど価値がないこと。「文」は昔使われていた価値の低い貨幣。 「三文」は少しの金額のたとえ。二束売っても三文（少しの金額）にしかならないということから。「二束」は「二足」とも書き、農民の副業として多く生産されていた金剛草履という丈夫な草履が、二足でたったの三文という安い値段で売られていたことが語源という説もある。
5級,二足三文,にそくさんもん,売値がとても安いこと。 ほとんど価値がないこと。「文」は昔使われていた価値の低い貨幣。 「三文」は少しの金額のたとえ。二束売っても三文（少しの金額）にしかならないということから。「二束」は「二足」とも書き、農民の副業として多く生産されていた金剛草履という丈夫な草履が、二足でたったの三文という安い値段で売られていたことが語源という説もある。
5級,日居月諸,にっきょげっしょ,「日よ月よ」という意味。 「居」と「諸」は語句の助字。または、「日」や「月」が天から照らすものであることから「君主と臣下」もしくは「君主とその夫人」、「父と母」などのたとえ。
5級,日進月歩,にっしんげっぽ,日ごと月ごとに、とどまることなく進歩していくこと。
5級,入境問禁,にゅうきょうもんきん,知らない土地に行ったら、はじめにその地での禁止事項を聞いて、それを守ることが大切だということ。「入境」は国境を越えること。他の地域に行くこと。「問禁」は禁止されていることを聞くこと。
5級,入木三分,にゅうぼくさんぶ,筆勢が非常に強いこと。 または、物事を深くまで的確に追究すること。「入木」は木に染み込むこと。 「三分」は長さのことで約七ミリのこと。書家の王羲之は筆勢が強いことで知られていて、文字を記した木を削ってみると、三分の深さまで墨が染み込んでいたという故事から。書道の別称「入木道（じゅぼくどう）」の語源。
5級,二律背反,にりつはいはん,互いに相いれない二つの主張が、どちらも同じだけの根拠をもって成り立つこと。一方を認めれば他方は退けざるをえないのに、どちらの側にも崩しがたい理屈があるという行きづまりをいう。「二律」は二つの法則。 「背反」はそむいて食い違うこと。ドイツの哲学者カントが用いた語アンチノミー（Antinomie）の訳語。カントは、経験の及ばないことがらを理性が突きつめようとするとこの行きづまりに陥るとし、「世界に始まりはあるか、ないか」などの例を挙げた。
5級,二六時中,にろくじちゅう,一日中・いつも・終日という意味。昔は一日を昼と夜の二つに分けて、さらに昼と夜をそれぞれ六つに区切り十二刻で表していたので、「二六時」は二掛ける六で十二刻となるため一日を意味していた。
5級,年百年中,ねんびゃくねんじゅう,一年じゅう、いつも。年がら年中。うんざりするほど同じことが繰り返されるときなど、好ましくない状態について使うことが多い。「年百」は一年のうちに何度もという意味。
5級,破鏡重円,はきょうじゅうえん,一度別れた夫婦がまた一緒になること。または、離散していた夫婦がまた会うこと。割れた円い鏡が元の円い鏡に戻るという意味から。徐徳は戦乱の中で鏡を二つに割って、後に再会するために妻と一つずつ持って離散したが、再会できたという故事から。
5級,白衣三公,はくいのさんこう,地位も権力も持たないものが出世して高官になること。「白衣」は白い色の服のことで、官位にある人は、官位ごとの決まっている色の服を着たということから、官位のない人のこと。「三公」は丞相、太尉、御史大夫という最高権力をもつ三つの官職のこと。漢の公孫弘は、生まれは平民だったが、出世して丞相になったという故事から。「白衣より天子の三公となる」を略した言葉。
5級,博学多才,はくがくたさい,幅広い知識があり、様々な優れた才能を持っていること。「博学」は様々な分野の知識が豊かなこと。「多才」は様々な才能に恵まれていること。
5級,白眼青眼,はくがんせいがん,相手によって応対を変えること。中国の晋の賢者の阮籍は、気に入らない客には白い目をしてそっけなく扱い、気に入った客には青い目をして喜んで迎えたという故事から。
5級,白日青天,はくじつせいてん,雲一つない晴れ渡った青空と輝く太陽のこと。転じて、やましいことが一切ないことのたとえ。または、無実が明らかになり、疑いが晴れることのたとえ。「青天」は晴れ渡った青空のこと。 「白日」は明るく輝く太陽のこと。「白日青天」ともいう。
5級,白水真人,はくすいしんじん,後漢が急激に繁栄することを予言した言葉。 または、中国の貨幣の異称。中国の前漢を倒して新を興した王莽は、貨幣に「金刀」と印字されているのを見て、「金刀」は組み合わせると「劉」となり、劉氏の復興の兆しになるとして「貨泉」と改めた。しかし、「貨泉」も分解すると「貨」は「眞（真）人」、「泉」は「白水」になり、白水郷から劉秀が現われて後漢を興す兆しになったという故事から。
5級,白板天子,はくはんのてんし,北方の異民族が東晋の天子を呼ぶ時の呼び名。「白板」は何も書かれていない板。中国の六朝時代は、官位を任命する場合、板に名前を書いていたということから、正式に任命されずに即位した天子のことをいう。中国の晋王朝は、北方の異民族に侵攻されて、南の地へ都を移して、国家としての正式な印章を持たずに東晋を開いたという故事から。
5級,白馬非馬,はくばひば,詭弁やこじつけのこと。中国の戦国時代の公孫竜が唱えた論で、「白馬」は色を表す「白」と、形を表す「馬」という二つの概念を合わせたものなので、動物の「馬」とは全く別のものであって、「馬」ではないということ。「白馬（はくば）は馬（うま）に非（あら）ず」とも読む。
5級,博聞強記,はくぶんきょうき,様々なことを聞き知っていて、その内容をしっかりと覚えていること。「博聞」は色々なことを聞き知っていること。「強記」はしっかりと覚えていること。「博聞彊記」とも書く。
5級,博文約礼,はくぶんやくれい,数多く様々な書物を読んで学問を修め、礼を基準にまとめて実際に行うこと。「博文」は数多くの書物を読んで学ぶこと。「約」は締めくくる、まとめるという意味。「礼」は儒教で重要とされる道徳や、社会的規範のこと。「博く文を学び、之を約するに礼を以てす」を略した言葉。
5級,白面書生,はくめんのしょせい,若くて経験の少ない人や、若くて学問を十分に修練していない人のたとえ。「白面」は白い顔という意味から、年が若く経験の足りない人のこと。「書生」は学問をする人のこと。
5級,博覧強記,はくらんきょうき,様々な種類の書物を読み、それらの書物から得た知識をしっかりと記憶していること。または、知識が豊富なこと。「博覧」は様々な分野の書物を読んでいるために、知識が豊富なこと。「強記」はすぐれた記憶力を持っていること。「博覧彊記」とも書く。
5級,白黒分明,はっこくぶんめい,善と悪がはっきりと区分されていること。「白黒」は善悪や正邪、物事のよしあしのこと。「分明」ははっきりと区別すること。
5級,八方美人,はっぽうびじん,誰からもよく思われるために、愛想良く振る舞い、相手に調子を合わせること。または、そのような人のこと。または、誰がどの方向から見ても美しい人のこと。「八方」は東西南北の四つの方向と、北東、南東、南西、北西の四つの隅を合わせたもののことから、あらゆる方向という意味。「美人」は容姿が美しい人のこと。行動の節操の無さを批判するために使われることが多い言葉。
5級,発人深省,はつじんしんせい,気づかれないように悟らせて、物事を深く考えるようにさせること。「発人」は他人を啓発すること。「深省」は深く考えること。
5級,反間苦肉,はんかんくにく,敵同士を戦わせたり、敵をあざむいたりするような様々な策略のこと。「反間」は敵の間者を使って、偽の情報を流したりして、敵同士をつぶし合わせたりする反間の計のこと。「苦肉」は自身の身を苦しめて、敵を欺いて信頼を得る苦肉の計のこと。反間の計と苦肉の計を合わせた言葉。
5級,半死半生,はんしはんしょう,いつ死んでもおかしくない状態。半分死んでいて、半分生きているという意味から。「半生半死」ともいう。
5級,半信半疑,はんしんはんぎ,本当か嘘かよくわからず、判断に迷うこと。 「半信」は半分信じること。「半疑」は半分疑うこと。半分は信じられるが、残りの半分は信じきれずに疑ってしまい、完全に信じることが出来ない状態のことをいう。
5級,半知半解,はんちはんかい,知っているだけでほとんど理解していないこと。「半知」は全体の半分だけ知っていること。「半解」は全体の半分だけ理解していること。一つのことの半分しか理解していないという意味から。「半解半知」ともいう。
5級,班田収授,はんでんしゅうじゅ,大化改新の後に取り入れられた、律令の土地制度のこと。一定の年齢になったら田畑としての土地を貸し与え、死んだ後には国に返納させる制度をいう。
5級,反面教師,はんめんきょうし,真似をしてはいけないが、悪い見本として反省の材料や、教訓になることや人のこと。「反面」は正しい面の反対の面ということから、悪い面のこと。中国の毛沢東が言った、「反面教員」という言葉が語源。
5級,幕天席地,ばくてんせきち,小さなことにこだわらずに、大きな目標を決めて目指すこと。または、大きな心を持っていることのたとえ。「席」は座るための場所。むしろ。天を屋根の代わりにして、大地を座席の代わりにするという意味から。「天（てん）を幕（まく）とし地を席（せき）とす」とも読む。
5級,馬氏五常,ばしごじょう,兄弟全員が優秀なこと。中国三国時代、蜀の馬氏の五人兄弟はみな優秀であり、全員の字（あざな）に「常」の字がついていた。中でも、馬良はひときわすぐれており、幼い頃から眉に白い毛が混ざっていたことから「白眉」と呼ばれ、「馬氏の五常、白眉最も良し」といわれたという故事から。
5級,馬歯徒増,ばしとぞう,何かを成し遂げるでもなく、無意味に歳をとっていくこと。「馬歯」は、自分の歳を謙遜していう言葉。「徒」は、いたずらに、むだにという意味。「馬歯（ばし）徒（いたず）らに増す」とも読む。
5級,飛花落葉,ひからくよう,この世は常に変化しているということ。花が風に散り、葉が落ちることから。
5級,百戦百勝,ひゃくせんひゃくしょう,全ての戦いで確実に勝利すること。百回の戦いで、百回勝利するという意味から。古代中国の兵法家の孫子は、確実に勝利する戦いよりも、戦いを起こさずに勝利することを最も善い策略とした。
5級,百二山河,ひゃくにのさんが,防備がしっかりとしている天然の要塞。「百二」は二人で百人を相手にして対等に渡り合えること。または、百人で二百人を相手に対等に渡り合えること。中国の秦の地の防備の固さを言った言葉。
5級,百人百様,ひゃくにんひゃくよう,考え方や、やり方は人それぞれに異なるということ。「様」は人の外観からとらえた形。姿。人が百人いても、一人として同じ姿の人はいないという意味から。
5級,百年河清,ひゃくねんかせい,期待できないことをいつまでも待ち続けること。または、いつまで待っても望みは叶わないということ。「百年」は長い年月ということ。 「河」は中国の黄河のこと。黄河の水はいつまで待っても、澄んだ水になることはないという意味から。「百年河清を待つ」を略した言葉。
5級,百家争鳴,ひゃっかそうめい,様々な立場の学者や専門家が自由に盛んな勢いで論争すること。「百家」は数多くの学者や専門家のこと。「争鳴」は自由で活発な議論をすること。1956年に中国共産党の主席である毛沢東が「百花斉放」と共に掲げた標語の一つで、翌年には撤回された。春秋戦国時代の学者や学派は諸子百家と呼ばれ、孔子や老子、孫子などの様々な学派の思想家が論争したという故事から。
5級,百発百中,ひゃっぱつひゃくちゅう,発射した弾丸や矢などが、全て狙った場所に当たること。または、予想や計画などが、全て狙い通りの結果になること。「百発」は矢や弾丸などを百回発射すること。「百中」は矢や弾丸などが狙った場所に百回命中すること。古代中国の楚の国の養由基という弓の名人が、柳の木から百歩離れた場所から百発の矢を放ち、全ての矢を葉に命中させたという故事から。
5級,氷炭相愛,ひょうたんそうあい,この世にあるはずがないもののたとえ。または、性質が逆のもの同士が助け合うことのたとえ。炭の火で氷はとけて、氷のとけた水で炭の火が消えるという意味から、氷と炭が愛し合うことはできないということ。また、氷のとけた水で炭の火を消して燃え尽きるのを防ぎ、炭の火は氷を本来の姿である水に戻すという意味から、性質が反していても互いに助け合って本質を保つことができるということ。「氷炭（ひょうたん）相（あい）愛す」とも読む。「冰炭相愛」とも書く。
5級,品行方正,ひんこうほうせい,考えや行いが正しくきちんとしている様子。「品行」は普段の行いや振る舞い。「方正」は心や行動が正しいこと。
5級,貧者一灯,ひんじゃのいっとう,誠意がこもっている行いのこと。または、誠意のこもった行いは尊いものであるということのたとえ。裕福な人が多くの寄付をするよりも、貧しい人の誠意のこもった少しの寄付のほうが尊いものであるという意味の言葉。古代インドの阿闍世王が、仏を供養するためにたくさんの灯明で照らしたが、それらの灯明はすべて消えてしまった。貧しい老女が誠意を込めて用意した灯明は、朝まで輝き続けたという故事から。
5級,美意延年,びいえんねん,心配事もなく楽しい心のまま生きれば、自然と長生きできるという意味。「美」は楽しむ、「意」は心のことで、「延年」は長生きすること。
5級,風林火山,ふうりんかざん,時勢や情勢に合わせた対処の方法のこと。もとは軍を指揮するときの四つの心構えのこと。風のように速く行動して、林のように静かに機会を待ち、火のように激しく襲い掛かり、山のように動かずに構えるという意味。孫子の中の句を略した言葉で、武田信玄が旗印に使ったといわれている。
5級,不易流行,ふえきりゅうこう,松尾芭蕉一門の俳諧の理念の一つで、絶対に変わることがない部分を忘れずに、変化を続けている新しいものを取り入れていくこと。または、新しいものを取り入れていくことこそが、永遠に変わらないことであるということ。「不易」はいつまでも変わらないこと。「流行」はその時々に合わせて変化すること。
5級,不解衣帯,ふかいいたい,他のことを忘れるほど、あることに集中すること。「衣帯」は着物と帯のこと。衣服も着替えず、不眠不休で仕事に取り組むことから。「衣帯（いたい）を解かず」とも読む。「不解衣帯」ともいう。
5級,福徳円満,ふくとくえんまん,様々なものに恵まれていて、何一つ不満がないこと。「福徳」は幸福と財産があって、不自由しないこと。
5級,不言実行,ふげんじっこう,屁理屈をこねたり文句を言ったりせず、黙ってやるべきことをやること。「不言」は口に出して言わないこと。「実行」は実際に行動すること。
5級,不言不語,ふげんふご,何も言わないこと。または、口に出して言うことなく、相手に理解されること。「言わず語らず」という形で用いられることの多い言葉。
5級,富国強兵,ふこくきょうへい,国家の経済力を強めて豊かにし、軍事力を高めること。「富国」は国の経済力を強くすること。「強兵」は兵力を増やして軍事力を増強すること。元は中国の春秋戦国時代に行われた政策。日本では、明治政府が西欧諸国の強国と渡り合うために行った政策。「国を富まし兵を強くす」とも読む。
5級,父子相伝,ふしそうでん,学問や芸術の奥義を、父親が子だけに代々と伝えていくこと。「相伝」は何代にも渡って伝えていくこと。
5級,不断節季,ふだんせっき,決算を毎日するつもりで、借金をせずに地道に生活すれば、困るようなことにはならないということ。「不断」はいつもの生活、日常。「節季」は盆と暮れに行う、一年に二回の決算の時期のこと。
5級,不知案内,ふちあんない,知識がないために、何が起こっているのか全くわからないこと。「不知」は知識がないこと。 「案内」は物事の事情や様子のこと。「案内を知らず」とも読む。
5級,不得要領,ふとくようりょう,大切な部分のことがよくわからないこと。「要領」は着物で大切な部分の腰帯と襟のことで、物事の大切な部分のことをいう。「要領を得ず」とも読む。
5級,不買美田,ふばいびでん,子孫のためを思って、故意に資産を残さないこと。「美田」は肥えた地質の田畑。多くの資産を子孫に残すと、その資産に頼って、子孫は怠けて楽な生き方を選んでしまうということから。「美田（びでん）を買わず」とも読む。
5級,不老不死,ふろうふし,老いることなく、いつまでも生き続けること。
5級,武運長久,ぶうんちょうきゅう,戦いや戦場での幸運がいつまでも続くこと。または、出征した兵士の無事がいつまでも続くこと。「武運」は戦闘や戦場での幸運のこと。「長久」は終わることなくいつまでも続くこと。
5級,無事息災,ぶじそくさい,穏やかで変わったことが特にないこと。「無事」は特別なことが特になにもないこと。「息災」は仏の力でさまざまな災いを取り除くこと。
5級,仏足石歌,ぶっそくせきか,奈良の薬師寺にある仏足石歌碑に刻まれた二十一首の歌のこと。「仏足石」は釈迦の足跡を石に刻んだもの。仏足石歌体は、短歌に七音の一句を加えて、五・七・五・七・七・七の六句三十八音の形式の歌体。
5級,文芸復興,ぶんげいふっこう,十四世紀末のイタリアから始まった、古典古代の文化を復興しようという文化運動、「ルネサンス」の異称。イタリアから始まり、西欧一帯に広がって近代文化の形成の源流となった。
5級,分合集散,ぶんごうしゅうさん,離れては集まり、集まっては離れたりすること。または、協力したり対立したりすること。「分合」と「集散」はどちらも離れたり集まったりすることで、同じ意味の語を重ねて強調した語。
5級,文章絶唱,ぶんしょうのぜっしょう,非常にすぐれた文章や詩歌のこと。「絶唱」はこれ以上ないほどにすぐれた文章や詩歌のこと。
5級,文従字順,ぶんじゅうじじゅん,筋が通っていて読みやすく、分かりやすい文章のこと。分かりやすく、無駄な飾りつけのない文章を褒めていう言葉。「文従（したが）い字（じ）順（したが）う」とも読む。
5級,文武両道,ぶんぶりょうどう,学問と武道のこと。 または、学問と武道の両方にすぐれた能力があること。「文」は文学や学問、芸術などの道。文道。「武」は剣術や柔術、弓術などの道。武道。 「両道」は二つの道。現代では、主に勉学と運動のどちらも優れているという意味で用いられる。
5級,文明開化,ぶんめいかいか,科学力や技術力が上がることにより、生活の水準が上がること。「文明」は人の創った文化。「開化」は新たな知識や文化を取り入れて進歩すること。特に日本の明治時代初期、西洋の文化を取り入れて近代化した時代の流れのことをいう。「開化文明」ともいう。
5級,平身低頭,へいしんていとう,身をかがめて頭を低く下げ、ひたすら畏まる（かしこまる）こと。または、そのようにひたすら謝罪すること。 「平身」は体をかがめること。「低頭」は頭を低く下げること。「低頭平身」ともいう。
5級,変態百出,へんたいひゃくしゅつ,次から次へと姿や形が変わること。 「変態」は形が変化すること。「百出」は次々と出現すること。
5級,変法自強,へんぽうじきょう,法律や制度を新しくして国力を上げること。中国の清の時代に、光緒帝からの支持を得て、康有為や梁啓超などが日本の明治維新を手本に、立憲君主制を目指して行った政治改革運動。保守派の西太后を幽閉または暗殺しようとしたが、戊戌の政変を起こされて阻止された。「変法自彊」とも書く。
5級,米塩博弁,べいえんはくべん,一つのことを深く詳細に話し合い、さらに幅広く議論すること。「博」は幅広く、多方面という意味。米や塩のつぶほど細かく広い範囲で議論すること。
5級,別有天地,べつゆうてんち,人が暮らしている世界とは違う、他の世界があるということ。人が足を踏み入れたことのない大自然の美しい景色や、理想郷などのことをいう言葉。「別に天地の人間（じんかん）に非（あら）ざる有り」を略した言葉で、「別に天地有り」とも読む。
5級,放言高論,ほうげんこうろん,思ったことをそのまま言って、議論すること。「放言」は思いついたことを好き放題に言うこと。「高論」はすばらしい議論という意味。
5級,豊年満作,ほうねんまんさく,作物のできが非常によく、収穫も多いこと。「豊年」は作物がよく実った年のこと。豊作の年。「満作」は作物がよく実り、収穫が多いこと。豊作という意味。
5級,報本反始,ほうほんはんし,天地や祖先の恩に感謝して恩返しをすること。「本」と「始」は物事の一番初めのもの。「報」と「反」はふさわしい恩返しをすること。自分自身が存在するに至った根源の全てのものに報いようとする気持ちをいう言葉。「本（もと）に報い始めに反る」とも読む。
5級,北窓三友,ほくそうのさんゆう,文人に必要といわれている、琴、詩、酒の三つの友のこと。
5級,本来面目,ほんらいのめんもく,人が本来もっている、人としての心の本質のこと。「本来」は初めからの状態のこと。 「面目」は姿形、容姿のこと。禅宗の言葉。
5級,暴飲暴食,ぼういんぼうしょく,度を過ぎた飲食をすること。「暴」は程度が激しいという意味。
5級,忘恩負義,ぼうおんふぎ,受けた恩を忘れて、義理に背くこと。
5級,暴言多罪,ぼうげんたざい,言いすぎや失礼なことを謝罪するという意味で、手紙の末尾に記す言葉。乱暴で礼を失する言葉を使って多くの罪を犯しましたという意味から。
5級,望文生義,ぼうぶんせいぎ,文字の印象だけで文章の意味や内容を勝手に判断して理解すること。「文」は文字や語句のこと。 「義」は意味のこと。「文を望みて義を生ず」とも読む。
5級,望聞問切,ぼうぶんもんせつ,東洋医学で最も重要な四つの診療方法。「望診」、「聞診」、「問診」、「切診」の四つを略した言葉。「望診」は目で見て観察すること。 「聞診」は耳で聞くこと。「問診」は患者に言葉で尋ねること。「切診」は指でさすって調べること。
5級,真一文字,まいちもんじ,「一」の字のようにまっすぐなこと。一直線であることや、わき目も振らないこと。
5級,末法末世,まっぽうまっせ,釈迦入滅から五百年を正法、そのあとの千年を像法、そのあとの一万年を末法といい、末法には仏の教えだけが残り、悟りを開ける修行者がいなくなり、仏法が衰え道徳の乱れた世の末のこと。
5級,三日天下,みっかてんか,地位や権力を手に入れてすぐに失うこと。戦国時代、明智光秀が織田信長を討ち取り天下を奪ったが、すぐに豊臣秀吉に奪われた故事から。
5級,密雲不雨,みつうんふう,前触れはあるのに事が起こらないこと。また、恩恵が全ての人にいきわたらないこと。雨雲が空いっぱいに覆っているが、まだ雨は降らないという意味。
5級,名字帯刀,みょうじたいとう,江戸時代、武士の特権であった姓を名乗り刀を持つことが、功績や財力などによって平民にも許されたこと。「帯刀」は刀を腰に差して持ち歩くこと。
5級,無位無官,むいむかん,地位や肩書き、階級などがないこと。「位」は地位や身分、「官」は役目や官職のこと。
5級,無芸大食,むげいたいしょく,特に才能や特技もない人が、食事だけは人並み以上に食べること。または、そのような人のことを蔑んでいう言葉。「無芸」は技術や特技を何も身につけていないこと。
5級,無始無終,むしむじゅう,始まりもなく、終わりもないこと。仏教語で、死んでは生まれ変わる輪廻（りんね）を永遠に繰り返すという意味から。
5級,無茶苦茶,むちゃくちゃ,物事の筋道が立たないこと。 または、物事の程度をひどく超えていること。「苦茶」は「無茶」を強調する言葉。もとは平仮名の言葉で漢字を当てた言葉とされる。
5級,無二無三,むにむさん,ただ一つだけで、ほかに代わりになるものがないこと。または、一つのことにひたすら没頭すること。もとは仏教語で、仏になるための道はただ一つで、二も無ければ三も無いという意味から。
5級,無念無想,むねんむそう,何も思わず何も考えない無心の状態のこと。「無念」は仏教語で迷いを捨てて心が澄んでいる状態のこと。「無想」は何も考えないということ。特に何も考えていない思慮の足りない様子を指すこともある。「無想無念」ともいう。
5級,無病息災,むびょうそくさい,病気をすることなく、健康で元気に暮らすこと。「無病」は病気にならないこと。「息災」は病気や災害などの災いを仏の力で止めるという意味から、災いもなく元気であること。元は仏教の言葉。
5級,無理往生,むりおうじょう,自分の言動を強引に相手に承諾させること。「往生」は元は「圧状」と書き、人を脅して相手に無理やり文書を書かせること。
5級,無理無体,むりむたい,相手の都合を考えずに、強引に強制して行わせること。「無理」と「無体」はどちらも同じような意味で、人の道に反した行いを強引に行うこと。
5級,無量無辺,むりょうむへん,どこまでも広く大きいこと。「無量」は量ることが出来ないほど数が多いこと。「無辺」は程度が非常に大きいこと。仏教の言葉で、物事の程度や分量などの見当をつけることができないほど大きいことをたとえた言葉。
5級,明鏡止水,めいきょうしすい,心が清く澄み切っていて邪念のない心境のたとえ。「明鏡」は曇りが一点もないきれいな鏡のこと。「止水」は止まっていて澄み切った水のこと。
5級,盟神探湯,めいしんたんとう,古代日本で行われた、神に誓いを立て、真偽、正邪を判断する裁判の方法。神に誓いを立てて熱湯に手をいれて、正しい者はやけどを負わず、罪のある者は手がただれるというもの。
5級,名実一体,めいじついったい,評判や名がそのものの実体に合致していること。「名」は名称や評判、「実」は本質、「一体」は同一であること。
5級,名声過実,めいせいかじつ,実体に比べて評判が良すぎること。世間での噂ほどの実体ではないという意味。「過実」は実体以上という意味。
5級,名存実亡,めいそんじつぼう,名前としては存在しているが、実体が失われていること。内容や意義が無くなり、名前や見た目だけになること。「名（な）存（そん）し実（じつ）亡（ほろ）ぶ」とも読む。
5級,明明白白,めいめいはくはく,考える必要もなく、疑う要素もないほどはっきりとしていること。他と区別できてはっきりとしているという意味の「明白」を重ねて強調した言葉。
5級,面向不背,めんこうふはい,どの方向から見ても整っていて美しいこと。または、どの方向から見ても同じであること。「面向」は顔の額の中央ということから、顔の正面のこと。「不背」は裏が存在しないこと。元は正面が三方向ある仏像のことをいい、どの方向から見ても正面になるということから。
5級,面従後言,めんじゅうこうげん,直接目の前にいる時は気に入られるように振る舞い、その人がいないところでは、その人のことを悪く言うこと。
5級,面従腹背,めんじゅうふくはい,相手におとなしく従うふりをしながら、心の中で相手に歯向かうこと。「面従」は面と向かい合っている時だけ従うこと。「腹背」は心の中で歯向かうこと。おとなしく従うふりをして相手を安心させ、裏では相手の地位や立場を脅かすような策をめぐらすこと。
5級,面張牛皮,めんちょうぎゅうひ,非常に厚かましいことのたとえ。面の皮が厚いということをたとえた言葉で、牛の皮を顔に張るという意味から。
5級,面目一新,めんもくいっしん,見た目や内容を新しく変えること。または、世間からの評判が一気によくなること。「面目」は周囲から見た評価や外側からの見たようすのこと。「一新」は全てが新しいものに変わること。
5級,目指気使,もくしきし,言葉を使うことなく目配せや顔つきだけで目下の者を酷使すること。前漢の貢禹が「卑しい行いをしている者の家が富み栄えていると、目下の者を目配せや顔つきだけでこき使い、それをすぐれたことだとしている」と元帝に上奏したという故事から。
5級,門外不出,もんがいふしゅつ,とても大切な技術や物などを、決して他人に知られないように人に見せ付けたり自慢することなく隠して外に出さないこと。家の門から外に出さないという意味から。
5級,門戸開放,もんこかいほう,制度や制限をなくして、自由に出入りできるようにすること。門戸を開け放って自由にするという意味から。
5級,門前成市,もんぜんせいし,たくさんの人が集まること。門の前にたくさんの人が集まっていて市場のようになっているという意味から。中国の前漢の時代の鄭崇が、人を集めて謀反を企んでいると疑われ、「家の門の前には市場のように人がいるが、心は水のように清らかです」と訴えたという故事から。「門前（もんぜん）市を成す」とも読む。
5級,問答無益,もんどうむえき,話し合うことに意味がないこと。 議論を終わらせるときに使う言葉。話を続けても、互いに利益になることはないという意味から。
5級,問答無用,もんどうむよう,話し合うことに意味が無いこと。「問答」は話し合うこと、「無用」は必要ないことで、主にこれ以上話し合っても無駄なため、一方的に話し合いを終わらせるときに使う言葉。
5級,薬石無効,やくせきむこう,薬や医者の治療がまったくもって効かないこと。「薬石」は石の鍼（はり）治療や薬剤。「無効」は効き目が無いという意味。
5級,約法三章,やくほうさんしょう,簡単な法や取り決めを作り、それを実施することを民衆と約束すること。秦末期に関中を平定した劉邦が、県の長老に秦の法律を廃止して、人を殺したものは死刑、傷害と盗みは罰するとした三つの法の制定を約束した故事から。
5級,有言実行,ゆうげんじっこう,言ったことは必ず実行すること。「有言」は口に出して言うこと、「実行」は実際に行動すること。「不言実行」をもとにしてつくられた俗語。
5級,右文左武,ゆうぶんさぶ,文事と武事、また学芸と武芸の両方を兼ね備えること。また、重んじること。「左武右文」「左文右武」ともいう。
5級,有名無実,ゆうめいむじつ,名前は立派だが内容が伴っていないこと。「有名」は立派な名前、「無実」は内容がないこと。使われていない法律や制度、存在しているものの活動はしていない組織などのことをいう。
5級,油断大敵,ゆだんたいてき,気を緩めて注意を怠ると失敗の原因となり危険だという戒め。「油断」は気を緩めることや注意を怠ることで、油断している状態が最も大きな敵になるという意味から。
5級,用行舎蔵,ようこうしゃぞう,出処進退の時機をわきまえて身を処すること。世に用いられ登用されたときは表に出て力を尽くし、退けられて用いられないときは静かに身を引いて才能を隠す、という進退のあり方をいう。「舎」は「捨」に通じて捨て置く意、「蔵」は隠れる意で、「用（もち）いらるれば行（いこな）い、舎（す）てらるれば蔵（かく）る」と訓読する。孔子が、世に出るべきときと退くべきときとをわきまえる処世の心得を説いた言葉に由来する。「用舎行蔵」ともいう。
5級,用舎行蔵,ようしゃこうぞう,出処進退の時機をわきまえて身を処すること。世に用いられ登用されたときは表に出て力を尽くし、退けられて用いられないときは静かに身を引いて才能を隠す、という進退のあり方をいう。「舎」は「捨」に通じて捨て置く意、「蔵」は隠れる意で、「用（もち）いらるれば行（いこな）い、舎（す）てらるれば蔵（かく）る」と訓読する。孔子が、世に出るべきときと退くべきときとをわきまえる処世の心得を説いた言葉に由来する。「用舎行蔵」ともいう。
5級,羊腸小径,ようちょうしょうけい,曲がりくねっている山道や小道のこと。「径」は道のことで、羊の腸のような道という意味から。
5級,夜目遠目,よめとおめ,女の人は、しっかりと見るよりも、よく見えないときのほうが美しく見えるということ。暗い夜や遠く離れた場所から見たり、笠をつけているほうが実際よりも美しく見えるという意味から。「夜目遠目笠の内」を略した言葉。
5級,落花流水,らっかりゅうすい,落ちた花が流れる水に乗っていくことから、過ぎ去っていく春の景色のこと。転じて、衰えおちぶれること。また、男女が相思相愛にあることのたとえ。水の流れに身を任せたい落花を男、落花を浮かべて流れたい水を女にたとえて、男女の気持ちが通じ合うとの意で用いる。「流水落花」ともいう。
5級,覧古考新,らんここうしん,古いものを参考にして新しいものを考察すること。
5級,乱雑無章,らんざつむしょう,秩序が乱れていることや筋道が立たないこと。「無章」は筋道が立たないという意味。
5級,利害得失,りがいとくしつ,自分にとっての利益と損失のこと。「利害」は利益と損害、「得失」は得することと損すること。同義語を重ねて強調した語。
5級,立身出世,りっしんしゅっせ,成功して社会的に高い地位について、名前が世に広まること。「立身」と「出世」はどちらも社会的によい地位につくこと。
5級,理非曲直,りひきょくちょく,物事の「善と悪」や「正と不正」のこと。「理非」は道理にかなうこととかなわないこと、「曲直」は曲がっていることとまっすぐなこと。
5級,流星光底,りゅうせいこうてい,光が一瞬の間だけ輝くこと。勢いよく振り下ろした刀が一瞬輝くことを、流れ星の輝きにたとえた言葉。「流星光底長蛇を逸す」という詩の一節で、上杉謙信が武田信玄を討ち損ねたことをうたった詩から。
5級,良玉精金,りょうぎょくせいきん,穏やかで純真な性格のたとえ。 「精金」は不純物のない純粋な金属。「良玉」は美しい宝玉のこと。北宋の程頤が、兄の程顥の人柄を評して言ったとされる言葉。「良玉精金」ともいう。
5級,量才録用,りょうさいろくよう,各々の能力をしっかりと見据えて、能力を生かせる地位に登用すること。「量才」は能力を量ること。 「録用」は採用すること。「才を量（はか）りて録用（ろくよう）す」とも読む。
5級,量体裁衣,りょうたいさいい,状況に合わせて、最も現実的な方法を使って処理すること。体の大きさを量って、それに合わせて布を裁断して衣服を作るという意味から。「体（たい）を量（はか）りて衣（い）を裁（た）つ」とも読む。
5級,良知良能,りょうちりょうのう,人が生まれた時から持っている正しい心の働きと能力のこと。孟子の性善説に基づく考え方で、誰に教わるでもなく、子が親を尊敬して、親しみを持つような類いのことをいう。
5級,理路整然,りろせいぜん,話や考えが道理にかなっていて、前提から結論までの順序や段階がしっかりとしていること。「理路」は話や考えの道理、「整然」はしっかりと整っていること。
5級,臨機応変,りんきおうへん,状況の変化に応じて対処する方法を適切にかえること。「臨機」は時と場合に応じて適切な手段をとること。「応変」は変化に応じて対処すること。
5級,臨終正念,りんじゅうしょうねん,死に臨む時も心を乱さずに、心を穏やかに保つこと。仏教の言葉で、心静かに念仏を唱え、極楽往生を願いながら死んでいくことをいう。「臨終」は死ぬ直前のこと。「正念」は心を正しい状態に保つこと。
5級,冷暖自知,れいだんじち,自分のことは他人から教わらなくても自分自身で分かるということ。水の冷暖は飲んだ者が分かるという意味から。
5級,老少不定,ろうしょうふじょう,人の寿命は歳に関係なく一定ではないので予見できないということ。「不定」は一定ではない、定まっていないということから、人生の無常をいう仏教語。「少」は若い、または若者という意味。
5級,老成円熟,ろうせいえんじゅく,経験が豊富で、人格や技能が十分に熟練していること。「老成」は多くの経験を積んでいて、物事に長けていること。「円熟」は人格や技能が十分に熟練していること。
5級,老成持重,ろうせいじちょう,十分に経験を積んでいて、さらに慎重なこと。「老成」は多くの経験を積んでいて、物事に長けていること。「持重」は大事を取るということから、慎重という意味。
5級,和顔愛語,わがんあいご,仏教経典で菩薩の態度を表現する言葉で、和やかで親しみやすい態度のこと。「和顔」はなごやかで柔らかい表情、「愛語」は親愛の気持ちのこもった言葉のこと。
4級,合縁奇縁,あいえんきえん,人と人の縁は奇妙な巡り合わせということ。特に人間関係や、男女の関係についていう言葉。「合縁」は「愛縁」や「相縁」、「奇縁」は「機縁」とも書く。
4級,愛別離苦,あいべつりく,仏教の八苦の一つで、親子や兄弟、夫婦などの愛する人との生別または死別することの悲しみや苦しみのこと。
4級,青息吐息,あおいきといき,この上なく苦しい時に発するため息。または、ため息がでるほど苦しい状況のこと。「青息」は非常に苦しいときに発する息。 「吐息」はため息のこと。
4級,悪戦苦闘,あくせんくとう,困難な状況の中で強敵と決死の覚悟で戦うこと。または、困難に打ち勝つために必死に努力すること。「悪戦」は自分に不利な状況で戦うという意味。
4級,悪木盗泉,あくぼくとうせん,困窮したとしても人としての道理を外れた行いはしないこと。または、悪事に近づかないこと。「悪木」はとげやにおいがあり人を困らせる悪い木、「盗泉」は泉の名前で、孔子が名前を嫌い喉が渇いていても水を飲まなかった泉。
4級,暗雲低迷,あんうんていめい,悪い状態が好転する兆候もなく、先行き不安のまま長く続いている状況のこと。「暗雲」は光が届かないほど厚く、今にも雨が降り出しそうな黒い雨雲のことから、悪いことが起こりそうな気配のたとえ。「低迷」は雲が高さの低い位置で留まること。主に経済や社会状況、人の気持ちについていう言葉。
4級,暗中飛躍,あんちゅうひやく,ひそかに計画を立てて、見事な活躍をすること。「飛躍」は高く飛び上がるという意味から、見事な活躍をすることのたとえ。「暗躍（あんやく）」と省略して用いられることもある。
4級,安分守己,あんぶんしゅき,身の程をわきまえて、高望みをしないこと。「安分」は身の程をわきまえること。 「守己」は自分の状態を維持すること。
4級,意志薄弱,いしはくじゃく,はっきりとした自身の意志を持っておらず、物事を決める決断力や最後までやり抜く忍耐力が欠如していること。または、他人の言葉や行いの影響を受けやすいこと。
4級,一意攻苦,いちいこうく,苦労しながら、ひたすら考えること。「一意」はいちずに、一心にという意味。「攻苦」は苦難、苦境とたたかうという意味から、苦労しながら勉強すること。
4級,一月三舟,いちがつさんしゅう,仏の教えは一つなのに、受け手によりそれぞれの解釈があるということ。同じ一つの月でも、停止している舟から見れば止まって見え、北へ動く舟から見れば北へ動いているように見え、また南へ動く舟から見れば南へ動いているように見えるということから。
4級,一元描写,いちげんびょうしゃ,小説の登場人物の動向や心理状態、事件の描写を、主人公一人の視点から一元的に表現すべきであるという小説作法。
4級,一族郎党,いちぞくろうとう,血縁関係のある家族や親族とそれらに付き従う家来のこと。または、権力のある者やその者に付き従い利益を分けあう者たちのこと。「一族」は血縁者の総称。「郎党」は家臣のこと。 「一族郎等」とも書く。
4級,一読三嘆,いちどくさんたん,すばらしい詩文などをよみ、感銘を受けること。または、そのような名文、書物のこと。 「三」は何度もという意味。「嘆」は感心して褒め称える、感嘆という意味。
4級,一念発起,いちねんほっき,何かを成し遂げる決意を固めること。もとは仏教の言葉で、「一念」は悟りを得ようと心に決めること、「発起」は仏道に入ること。仏道に入り、悟りを開くことを心に決めるという意味から。
4級,一暴十寒,いちばくじっかん,努力というものは、続けられずに怠ってしまいがちであるということ。また、短期間努力してもその後に長期間怠れば努力が無駄になってしまうということ。「暴」は日にさらすこと。 「寒」は冷やすこと。日にさらして暖めようとして、一日は暖めたがその後の十日間は日陰においたままにして冷やしてしまうという意味。「十寒一暴」ともいう。
4級,一罰百戒,いちばつひゃっかい,罪を犯した一人に罰を与えて、他の人が同じ罪を犯さないように注意を発すること。「一罰」は一人に罰を与えること。 「百戒」は百人の戒めにすること。一つの罰を百の戒めにするという意味。
4級,一網打尽,いちもうだじん,悪人や犯罪者などの集団を一気に全て捕まえること。「一網」は一度網を打つこと。 「打尽」は全て捕ること。網を一度打ち、そこにいる魚を全て取り尽くすという意味から。
4級,一毛不抜,いちもうふばつ,極めてけちなこと。または、利己的な人、けちな人。 「一毛」は一本の毛のこと。自分のものは一本の毛すら惜しんで抜かないということから。「一毛も抜かず」とも読む。
4級,一粒万倍,いちりゅうまんばい,ほんの少しのものから大きな利益をあげることのたとえ。または、小さなものでも粗末に扱ってはいけないという戒め。または、稲の別名。 「一粒」は一粒の種のこと。 「万倍」は一万倍のこと。一粒の種が、たくさん（一万倍）の稲の穂を実らせるという意味から。元は仏教の言葉で、一つの善い行いをすればたくさんのよい結果がもたらされることのたとえ。
4級,一口両舌,いっこうりょうぜつ,前に話した内容と、後で話した内容とが食い違っていること。以前に言ったことと違うことを、平気で言う人のこと。一つの口に二つの舌があるということから。
4級,一切有情,いっさいうじょう,この世に生きとし生けるものすべてのこと。特に、人間のこと。「一切」はすべてのこと。 「有情」は生きているもののこと。 仏教用語。
4級,一切合切,いっさいがっさい,全部。全て。「一切」と「合切」はどちらも全部や残すことなく全てという意味。同じ意味の言葉を重ねて強調したもの。「一切合財」とも書く。
4級,一笑千金,いっしょうせんきん,美人のこと。一度の微笑みが千金にも値することから。 「千金一笑」ともいう。
4級,一将万骨,いっしょうばんこつ,功名や手柄は上に立っている人が得るが、その陰には多くの部下の犠牲があるということ。また、それを忘れてはいけないという戒め。 「将」は将軍のこと。「万骨」は何万もの遺骨のこと。 「一将功成りて万骨枯る」の略した言葉。
4級,一触即発,いっしょくそくはつ,非常に緊迫した状態のこと。「一触」はちょっと触れること。「即発」はすぐに爆発すること。ちょっとしたことで大変なことが起きるかもしれない危険な状態をいう言葉。
4級,一心発起,いっしんほっき,何かを成し遂げる決意を固めること。「発起」は仏教用語で、悟りを得ようとすること。
4級,一寸光陰,いっすんのこういん,ほんの少しの時間のこと。少しでも時間を無駄にしてはいけないという戒めの言葉。「一寸」の「寸」は長さの単位で、とても短いことや、少ないことのたとえ。「光陰」は日時計の陰のことから、時間や年月のたとえ。「一寸の光陰軽んずべからず」の形で使うことが多い言葉。朱熹の「偶成」の詩とされていたが、現在では日本の五山の僧侶が作ったとされる説がある。
4級,一寸丹心,いっすんのたんしん,嘘のない本心からの誠意。ほんの少しだけの真心という意味から。 自身の誠意という意味の謙譲語。「一寸」の「寸」は長さの単位で、とても短いことや、少ないことのたとえ。「丹心」は真心、誠意のこと。
4級,一朝一夕,いっちょういっせき,ほんの少しの時間。あっという間の時間。「一朝」はひと朝。 「一夕」はひと晩。 どちらもきわめて短い時間のたとえ。「一朝一夕に出来ることではない」などと後に否定の語を伴って用いることが多い言葉。
4級,一天万乗,いってんばんじょう,天子や天皇のこと。「一天」は天の下全てということから、全世界のこと。「乗」は兵車のことや、兵車を数える場合に使う単位。一万乗の兵車を出すことが出来る国の君主という意味から。古代中国では、兵車一台に馬四頭と兵士百人がついていたとされている。「一天万乗の君」を略した言葉。
4級,一片氷心,いっぺんのひょうしん,濁りやけがれがなく、綺麗で澄んでいる心。ひとかけらの氷のように透き通っているということから。「一片冰心」とも書く。
4級,移風易俗,いふうえきぞく,習慣やしきたりをよりよく変えること。「風俗を移易す」を一文字ずつ分けて、互いを補い合って表現した言葉。「風（ふう）を移し俗を易（か）う」とも読む。
4級,遺風残香,いふうざんこう,過去の賢者やすぐれた風俗のなごり。「遺風」は過去の賢者が残した教え。または、昔から受け継がれている風習。「残香」は残り香。
4級,威風堂堂,いふうどうどう,雰囲気や態度が立派で威厳のある様子。「威風」は威厳に満ち溢れた雰囲気。 「堂堂」はたくましく威厳のある様子。「威風堂々」とも書く。
4級,緯武経文,いぶけいぶん,学問と武術の両方を重んじて、国や政治の基礎にすること。「緯」は横糸のこと。 「経」は縦糸のこと。学問と武術を重んじることを、横糸と縦糸を交互に組み合わせて布を織ることにたとえた言葉。「武を緯（い）にし文を経（けい）にす」とも読む。 「経文緯武」ともいう。
4級,飲灰洗胃,いんかいせんい,今までのことを悔いて、心を改めて再出発すること。灰を飲み込んで、胃の中の汚れを落として清めるという意味から。「灰を飲んで胃を洗う」とも読む。
4級,陰徳陽報,いんとくようほう,誰にも知られないように善い行いをすると、必ずよい報いがあるということ。「陰徳」は人知れずに善い行いをすること。「陽報」は一目でわかるよい報いのこと。「陰徳あれば必ず陽報あり」とも読む。
4級,陰陽五行,いんようごぎょう,この世の全てのものを造り出す陰と陽の気と、この世の全てを生み出す元となる木・火・土・金・水の五つの元素のこと。古代中国では、これらの関わり合いで、全ての物事の解釈や説明をしようとしていたということから。
4級,有為転変,ういてんぺん,この世のものはすべて、少しの間もとどまらずに移り変わるということ。そこから、この世ははかないものだということ。「有為」はさまざまな因縁が重なって生じる、この世の現象。「転変」は移り変わること。 もとは仏教の言葉。
4級,有為無常,ういむじょう,この世の全ての現象や存在は常に移り変わり、はかないものということ。仏教の言葉で、「有為」は様々な因縁から生じる現象。
4級,雨奇晴好,うきせいこう,晴れでも雨でも美しい景色のこと。山水の景色は、雨の日は趣きがあり、晴れた日は美しく、どちらも見事であるという意味。「晴好雨奇」ともいう。
4級,有象無象,うぞうむぞう,元は仏教語で有形、無形全てのもののことで、この世に存在する全てのもののこと。または、数が多くつまらない人や物のことを卑しめる言葉。
4級,有頂天外,うちょうてんがい,「有頂天」は仏教で一番上にあるとされる天のことで、それを超えるほどの喜びという意味から、この上なく大喜びすること。
4級,有無相生,うむそうせい,有があるから無があり、無があるから有があるという、有と無の相対的な関係のこと。または、この世のものはすべて相対的な関係にあるということ。「相生」はお互いに生じあうこと。元は、相対的であるものを絶対的であるかのように錯覚してしまう、人間の愚かさや危うさを警告した言葉。
4級,雲合霧集,うんごうむしゅう,たくさんのものが、一時的に集まること。雲や霧が集まってわくという意味から。
4級,雲集霧散,うんしゅうむさん,たくさんのものが集まったり散ったりすること。雲のように集まり、霧のように散るという意味から。「雲のごとく集まり霧のごとく散（さん）ず」とも読む。
4級,永垂不朽,えいすいふきゅう,名誉や名声、業績などが伝わり、決して滅びることがないこと。「永垂」は永遠と後世に伝わる、「不朽」は滅びることがない、後世まで残るという意味。
4級,易姓革命,えきせいかくめい,王朝が交代すること。「易姓」は姓が変わること。中国の王朝は同じ姓の人が継ぐため、姓が変わることは王朝の交代を意味する。「革命」は天命が改まること。昔の中国の思想では、天命により天子が選ばれ、天子の徳が無くなれば他の人に天命が下るとされていたことから。「姓（せい）を易（か）え命（めい）を革（あらた）む」とも読む。「革命易姓」ともいう。
4級,遠交近攻,えんこうきんこう,遠くの国と親しくして、近くの国を攻める策略。中国の戦国時代に范雎が秦の君主に進言した策略で、兵法三十六計の第二十三計にあたる。
4級,鉛刀一割,えんとういっかつ,普通の人でも力を発揮する時があることのたとえ。または、二度使うことができないことのたとえ。切れ味の悪い鉛の刀でも、一回切るくらいは使えるという意味から。主に少しでも力になりたいということを謙遜していうときに使う言葉。
4級,縁木求魚,えんぼくきゅうぎょ,方法が間違っているため、どれだけ苦労しても目的を果たせないことのたとえ。実現が無理なことのたとえ。木に登って魚を捕ろうとすることから。「木（き）に縁（よ）りて魚（うお）を求む」とも読む。「求魚縁木」ともいう。
4級,応接不暇,おうせつふか,忙しすぎて、全てを対処することはできないこと。または、次々に来訪者があり、一人ずつ対応することができないこと。
4級,応病与薬,おうびょうよやく,人の性格や素質、理解力などの能力に合わせて適切な指導をすること。「病に応じて薬を与える」とも読み、仏教語で症状に合う薬を与えると言う意味から。
4級,大盤振舞,おおばんぶるまい,盛大なごちそうのことや物を与えたりご馳走したりすること。江戸時代、正月に親戚などを招待して酒宴を開くことをいった。
4級,恩威並行,おんいへいこう,恩賞と刑罰をそれぞれ適切に与えること。「恩威」は恩賞と刑罰。 「恩威（おんい）並び行う」とも読む。
4級,音吐朗朗,おんとろうろう,声が豊かで、遠くまではっきりと聞こえる様子。「音吐」は声や声の出し方のこと。「朗朗」は声が高く澄んでいて、離れていてもよく聞こえること。特に詩歌を吟じるときや朗読するときに使う言葉。
4級,回山倒海,かいざんとうかい,山をころがし、海をひっくり返すほど勢いが盛んなこと。
4級,階前万里,かいぜんばんり,天子が地方の政治の状況を詳しく知っていて、家臣がごまかすことができないこと。「階前」は宮殿の階段の前のこと。宮殿の階段の前にあるかのように、万里の遠方の地方のことも詳しく知っているという意味から。
4級,海内奇士,かいだいのきし,この世で比べることができないほど優秀な人物。または、行動や言動が普通の人とは違う奇人、風変わりな人のこと。「海内」は世界や国内、四海の内のこと。「奇士」は普通ではない言行で優秀な人物や、普通とは違う豪傑のこと。
4級,夏雲奇峰,かうんきほう,夏に発生する入道雲が作り出す、珍しい峰の形のこと。
4級,格致日新,かくちにっしん,物事の本質や真理を日々追究し続け、常に向上し続けること。「格致」は「格物致知」を略した言葉で、物事の本質や真理を追い求めて、知識を高めること。「日新」は毎日新たに向上し続けること。「格致（かくち）日（ひ）に新たなり」とも読む。
4級,格物致知,かくぶつちち,物事の道理を極めて、知識を最大限に広げていくこと。「格物」は物事の道理を極めつくすこと。 「致知」は知識を極めること。「致知格物」ともいう。
4級,家書万金,かしょばんきん,一人で寂しいときに、家族から届く手紙は何よりも嬉しいということ。「家書」は実家からの手紙。「万金」は大金という意味から、極めて価値があることのたとえ。旅先などで一人きりで寂しいときに家族から届く手紙は、大金のような価値があるということから。
4級,家常茶飯,かじょうさはん,毎日起こるようなよくある出来事のこと。いつもと同じ茶と飯ということで、いつもの食事という意味から。
4級,花朝月夕,かちょうげっせき,春と秋の心地よい天気の時期。または、春と秋の季節の楽しみのこと。春の朝の花を愛でて、秋の夕方の月を愛でるということから。「花朝」は陰暦の二月十五日のことで、現在の四月の中頃のこと。「月夕」は陰暦の八月十五日のことで、現在の十月の初めの頃のこと。
4級,活計歓楽,かっけいかんらく,好き勝手に楽しみながら、贅沢な生活をすること。「活計」は贅沢をすること。
4級,家徒四壁,かとしへき,ひどく貧しいことのたとえ。家の中に家具が何も無く、四つの方向に壁しかないという意味から。「家、徒（ただ）四壁（しへき）のみ」とも読む。
4級,家貧孝子,かひんこうし,貧しい家庭で育った子どもは、親孝行な子どもになるということ。または、人は苦しい状況のときこそ、本当の価値を発揮するということ。「家貧しくして孝子顕れ、世乱れて忠臣を識る」を略した言葉。
4級,歓天喜地,かんてんきち,思いっきり喜ぶこと。「歓喜」と「天地」を合わせた言葉で、天に向かって喜び、地に向かって喜ぶという意味から。「天（てん）に歓（よろこ）び地に喜ぶ」とも読む。
4級,雅人深致,がじんしんち,世俗を超越した高尚な人の持っている深い趣のこと。「雅人」は風雅を理解できる才知のある人のこと。「深致」は深い風情のある様子。
4級,我田引水,がでんいんすい,他人のことを考えず、自分の利益のみのために行動したり、都合のよい理屈をこねたりすること。自分の田だけに水を引き入れるという意味から。「我（わ）が田（た）に水（みず）を引（ひ）く」とも読む。
4級,奇貨可居,きかかきょ,絶好の好機は逃さずに、うまく利用しなければならないというたとえ。珍しい物品は貯えておいて価値が上がった後に売ること。「奇貨」は珍しい品物、「居」は蓄えるという意味。中国の呂不韋という人物が、趙の人質になった秦の王子を援助し、後に利用した故事から。
4級,危機一髪,ききいっぱつ,「一髪」は一本の髪の毛ほどの隙間のことで、髪の毛一本ほどのわずかな差で、大変なことになる瞬間や状況という意味。
4級,旗鼓堂堂,きこどうどう,隊列などがきちんと整っていて、威厳のある様子のこと。または、文筆の勢いが盛んなことの形容。「旗鼓」は旗と太鼓という意味から軍隊という意味。「堂堂」は整然としていて威厳のある様子。
4級,奇策妙計,きさくみょうけい,他の人の思いつかないような奇抜ですぐれた計略。「妙計」はすぐれた計略のこと。「奇策」は人が思いつかない奇妙な策のこと。 「奇策妙計」ともいう。
4級,鬼出電入,きしゅつでんにゅう,目にも止まらない速さで現れたり、消えたりすること。または、奔放で出没を予想できないこと。鬼神のように自在で、稲妻のように速く出没するという意味から。
4級,貴種流離,きしゅりゅうり,高貴な生まれの人が他国をさすらって、苦難や恋などの苦楽を経験して帰国すること。「貴種」は身分が高い家で生まれ育ったこと。「流離」は他国でさすらうこと。『竹取物語』や『今昔物語』、『源氏物語』などの物語の類型のことで「貴種流離譚」という。
4級,奇想天外,きそうてんがい,通常では思いつかないような奇抜なこと。「奇想」は奇抜な考えのこと。「天外」は天の外という意味から、予想できない場所のたとえ。
4級,鬼面仏心,きめんぶっしん,恐ろしい顔をしているが、性格は穏やかなこと。または、そのような人のこと。 鬼のような顔と仏の心という意味から。
4級,求魚縁木,きゅうぎょえんぼく,方法が間違っているため、どれだけ苦労しても目的を果たせないことのたとえ。実現が無理なことのたとえ。木に登って魚を捕ろうとすることから。「木（き）に縁（よ）りて魚（うお）を求む」とも読む。「求魚縁木」ともいう。
4級,旧態依然,きゅうたいいぜん,昔の状態のまま、進歩や変化が全くないこと。「旧態」と「依然」は、どちらも昔からの状態が良くも悪くも変わらずに続いていること。
4級,弓道八節,きゅうどうはっせつ,弓道での弓を射る時の八つの基本動作のこと。一つの動作を竹の節にたとえ、動作の一つ一つはしっかりと区分されているが、動作の全ては竹のように繋がっているということ。
4級,九年面壁,きゅうねんめんぺき,長い期間一つのことに専念してやり遂げること。または、長い期間努力し続けること。達磨大師が嵩山の少林寺に籠り、九年間壁に向かって座禅を組んで悟りを開いたという故事から。「九年面壁（くねんめんぺき・きゅうねんめんぺき）」ともいう。
4級,吸風飲露,きゅうふういんろ,けがれがなく、清らかな仙人の生活のこと。食べ物を食べず、風を吸って、露だけを飲んで暮らすということから。「風（かぜ）を吸い露（つゆ）を飲む」とも読む。
4級,狂喜乱舞,きょうきらんぶ,思い切り喜ぶこと。「狂喜」は正気を失ったかのように激しく喜ぶこと。「乱舞」は大人数で入り乱れて踊ることや狂ったように踊ること。思わず踊ってしまうほど激しく興奮して喜ぶという意味から。
4級,驚天動地,きょうてんどうち,世間をあっと驚かせること。天地をゆるがすほどの出来事や事件についていう。「天を驚かし地を動かす」とも読む。唐の白居易が、李白の墓をよんだ詩で、ここに眠る人にはかつて天を驚かし地を動かす文章があった、とうたったことによる。
4級,曲折浮沈,きょくせつふちん,複雑にからみ合っている面倒な事情や状況の解決に苦労すること。「曲折」は折れ曲がること。または、複雑な事情のこと。「浮沈」は浮き沈みすること。または、栄えることと衰えること。
4級,曲筆舞文,きょくひつぶぶん,言葉を飾りつけるために、事実を曲げて文章を書くこと。「舞文」は文章を飾るために、好き勝手に文章をいじること。「曲筆」は事実を捻じ曲げて文章を書くこと。「文を舞（ま）わしめ筆（ふで）を曲（ま）ぐ」とも読む。「曲筆舞文」ともいう。
4級,挙国一致,きょこくいっち,国が一つにまとまって力をあわせること。「挙国」は国中を挙げて、国全体という意味。主に戦争中に国民の全員が協力することをいう。
4級,金口木舌,きんこうぼくぜつ,すぐれた言論で人々を指導する人のたとえ。金属の口に、舌の形をした木製の振り子でできた大きな鐘のことで、古代中国で新しい政令を出すときにこの鐘を鳴らして人々に知らせていたということから。
4級,金谷酒数,きんこくのしゅすう,詩を作ることが出来なかったことへの罰として飲ませる酒のこと。中国の西晋の石崇が、別荘の金谷園で開いた宴会で、詩を作れなかった人に罰として酒を飲ませたという故事から。
4級,金城鉄壁,きんじょうてっぺき,並外れて固い守りのこと。金属や鉄で出来た城壁という意味から。
4級,近所合壁,きんじょがっぺき,家の近くの家のこと。「合壁」は壁一枚で遮られているだけの隣の家のこと。
4級,金声玉振,きんせいぎょくしん,備わっている才知と、人徳の釣り合いが取れていることのたとえ。または、そのような人のこと。 「金声」は鐘を鳴らすこと。「玉」は磬という打楽器のこと。 「振」は収めること。古代中国の音楽は、まず始めに鐘の音から始まって、琴や笛の音が続き、最後は磬で締めくくるというもので、最初から最後までよく整っているもののたとえとして使われる。孟子が孔子を賛美したとされる言葉。
4級,疑心暗鬼,ぎしんあんき,疑う心を持ってしまい、取るに足らないことを恐れたり、怪しく感じたりしてしまうこと。「疑心」は疑う心のこと。 「暗鬼」は暗い場所に見える亡霊のこと。疑う心を持っていると、暗い場所に亡霊（存在するはずのないもの）が見えてくるという意味から。
4級,空空寂寂,くうくうじゃくじゃく,この世の形の有るもの無いもの全ては実体や本性が空で、思惟分別を超えているということ。または、何も無く静かな様子。 または、無関心や、煩悩のない無心な状態。
4級,空即是色,くうそくぜしき,「空」であることによって、はじめてこの世の全ての事象や物体が成り立つということ。「空」とは、存在しているが実体性を欠いていることで、この世の全ての事象や物体などのすべてを否定しているのではない。「空」が事象や物体などの真の姿でもあるという意味。「色」とは、この世に存在する全ての物質的な物や、人が認識できる全ての事象のこと。
4級,君子三戒,くんしのさんかい,少年期の色欲、壮年期の闘争、老年期の物欲という人格者が自ら戒めておくべき三つのこと。「君子」は人格者。
4級,君子万年,くんしばんねん,高い徳を持っている高潔な人は長く生きるということ。または、長生きを祈願する言葉。「君子」は学識が高く、徳の高い人物、人格者。「万年」は一万年のことで、長い年月のたとえ。
4級,群雄割拠,ぐんゆうかっきょ,実力者たちがそれぞれ勢力を持ち、対立すること。「群雄」は英雄や実力者たちのこと。「割拠」は各地に拠点を構えて勢力を持つこと。戦国時代、英雄達が各地に拠点を構えて覇を競ったことから。
4級,形影相同,けいえいそうどう,心の善悪が行動に出ること。「形影」は形と影。形が曲がれば影も曲がり、形がまっすぐであれば影もまっすぐであるように、心が正しければ行いも正しいということ。
4級,傾国美女,けいこくのびじょ,「傾国」は国を傾け滅ぼすという意味で、国政をないがしろにするほど君主が心を引かれるほどの絶世の美女のこと。
4級,軽薄短小,けいはくたんしょう,人格が薄っぺらで中身がないことを言い表す言葉。または、物の大きさが小さく、厚さが薄く、重さが軽くなっていく様子。
4級,経文緯武,けいぶんいぶ,学問と武術の両方を重んじて、国や政治の基礎にすること。「緯」は横糸のこと。 「経」は縦糸のこと。学問と武術を重んじることを、横糸と縦糸を交互に組み合わせて布を織ることにたとえた言葉。「武を緯（い）にし文を経（けい）にす」とも読む。 「経文緯武」ともいう。
4級,兼愛交利,けんあいこうり,全ての人を愛して、互いに利益を与え合うこと。「兼愛」は全ての人を愛するという意味。墨子が儒教の「仁愛」を差別愛と批判して唱えた思想。「交利」はお互いに利益を与え合うこと。
4級,兼愛無私,けんあいむし,全ての人を愛すること。「兼愛」は全ての人を愛するという意味。墨子が儒教の「仁愛」を差別愛と批判して唱えた思想。「無私」は個人的な感情がないこと。「兼愛（けんあい）私（わたくし）無し」とも読む。
4級,堅白同異,けんぱくどうい,辻褄の合わない無茶な論理を展開すること。詭弁。中国の戦国時代の趙の公孫竜の詭弁のことで、堅くて白い石を見ると白いことはわかるが堅さは分からない、手で触って堅さを調べると色は分からないので、堅くて白い石は存在しないというもの。「堅白異同」ともいう。
4級,外題学問,げだいがくもん,見た目だけは立派だが、中身のない学問。「外題」は書物の表題の名のこと。名前は知っているが、内容が全くない学問という意味から。
4級,元軽白俗,げんけいはくぞく,中国の中唐の詩風を批判した言葉。「元」は元稹、「白」は白居易のことで、どちらも中唐の詩人のこと。中国の北宋の詩人の蘇軾が批判して言った言葉で、元稹は軽薄で、白居易は卑俗であるという意味。
4級,言行一致,げんこういっち,実際に口に出して言ったことと行動が同じであること。主張していることと行動が同じであること。「言行」は発言と行動。「一致」は同じものであること。
4級,言笑自若,げんしょうじじゃく,何があっても決して慌てず、落ち着いていることのたとえ。「言笑」は喋り声と笑い声。談笑すること。「自若」は落ち着いていて慌てないこと。中国の三国時代の蜀の関羽は、毒矢をひじに受け、諸将との宴会の途中に、その場で手術したが、骨を削って血が溢れる中でも酒を飲み、談笑していたという故事から。
4級,現状維持,げんじょういじ,現在の状況を変化しないように保つこと。または、状況が変化しないこと。
4級,言文一致,げんぶんいっち,いつも使っている話し言葉で文章を書くこと。または、明治時代の言論界や文学界に行われた、文体の改革運動のこと。「言文」は口語と文語のこと。言論界では福沢諭吉や西周、文学界では二葉亭四迷や山田美妙などが推進した。
4級,香囲粉陣,こういふんじん,容姿の美しい人に囲まれるということ。香りに囲まれて白粉（おしろい）が行列するという意味から。
4級,厚顔無恥,こうがんむち,恥知らずで、遠慮がない態度のこと。「厚顔」はあつかましいこと。 「無恥」は恥知らずなこと。他人のことを一切考えずに、自分の思い通りに行動する態度のこと。「無恥厚顔」ともいう。
4級,好機到来,こうきとうらい,すばらしい機会がやってくること。「好機」は行動するのによい時期。 「到来」はやって来るという意味。
4級,光彩陸離,こうさいりくり,きらびやかな光がまともに見られないほど美しく輝く様子。「光彩」は美しい光や鮮やかな彩りのこと。 「陸離」は美しい輝きの形容。「光采陸離」とも書く。
4級,口耳講説,こうじこうせつ,人から聞いた話を理解することなく、そのまま人に話すこと。受け売り。耳から入ってきたものをそのまま口から出すという意味から。
4級,向上機縁,こうじょうのきえん,昇天することの出来る機会のこと。「向上」は天に向かうという意味から、昇天するという意味。「機縁」は機会という意味。
4級,攻城野戦,こうじょうやせん,野原や平地で戦闘をして、城を攻めること。「攻城」は城を攻めること。 「野戦」は野外で戦うこと。「野戦攻城」ともいう。
4級,公序良俗,こうじょりょうぞく,"社会の状態を安定させるための決まりと、一般的に良いとされている昔からの習慣や道徳の考え方のこと。""公共の秩序""と""善良な風俗""を略したもの。法の解釈や適用をするときの基準の一つであり、全ての法の基本となる理念。「公序」は公共の守るべき決まりのこと。「良俗」は世間から認められている習慣や道徳の考え方のこと。"
4級,口耳四寸,こうじよんすん,聞いたことの意味を考えることをせずに、そのまま人に伝えるだけの役に立たない学問のこと。「寸」は長さの単位のこと。耳から入ったことがそのまま口から出ることで、口と耳の四寸の長さの間でする浅い学問ということから。
4級,高談雄弁,こうだんゆうべん,思いっきり議論すること。「高談」は盛んに議論を戦わせること。「雄弁」は力強く説得力のあることを言うこと。
4級,口中雌黄,こうちゅうのしおう,自身の言った間違っていることをすぐに訂正すること。または、根拠のない、いい加減なことを言うこと。「雌黄」は文字を訂正するときに使っていたとされる、黄色の顔料のこと。昔の中国の紙は黄色がかっていたので、黄色の顔料で文字を塗りつぶして訂正していた。文字を訂正するための黄色の顔料を常に口の中に含んでいるという意味から。
4級,項背相望,こうはいそうぼう,人の行き来が非常に多いこと。「項背」は背中とうなじのこと。 「相望」はお互いに見ること。前後にいる人の背中やうなじをお互いに見るという意味から。「項背（こうはい）相（あい）望む」とも読む。
4級,刻舟求剣,こくしゅうきゅうけん,時代の変化を知らずに、古い考えや昔からの習慣にこだわって、融通がきかないことのたとえ。中国の春秋時代、楚の人が舟で川を渡っているときに川に剣を落としてしまったので、慌てて剣を落とした位置を舟に記した。向こう岸に着いた後に、舟に記した位置をたよりに水中を探したという故事から。「舟に刻みて剣（けん）を求む」とも読む。
4級,国色天香,こくしょくてんこう,植物の牡丹の別名。または、美人を言い表す言葉。「国色」は国の中にあるものの中で最も美しい色のこと。または、国の中で最も美しい人のこと。「天香」はこの世のものとは思えないほどのよい香りのこと。「天香国色」ともいう。
4級,刻露清秀,こくろせいしゅう,さっぱりとしていて、すがすがしい秋の景色のこと。「刻露」は秋になって、木の葉が落ちて、山の姿がはっきりと現れること。「清秀」は空気が澄んでいて、眺めがよいこと。
4級,今是昨非,こんぜさくひ,昨日までは間違いだと思っていたことが今日は正しいと思えること。または、今になって過去の行いが過ちであったと気づいて悔いること。「是」は正しいこと。 「非」は誤りのこと。「今の是にして昨の非なりしを覚る」を略した言葉。 「昨非今是」ともいう。
4級,極悪非道,ごくあくひどう,人の道から外れた、これ以上ないほどの悪のこと。「極悪」は類を見ないほど極めて悪いこと。「非道」は人としての道理に反していること。
4級,極楽往生,ごくらくおうじょう,この世で死んだ後、極楽浄土に生まれ変わること。または、思い残すことなく、心穏やかに死ぬこと。「極楽」は「極楽浄土」を略した言葉で、仏教で阿弥陀仏がいるとされる苦しみのない世界のこと。「往生」は死ぬこと。 「往生極楽」ともいう。
4級,五里霧中,ごりむちゅう,物事の状況が全くわからず、判断に困ること。または、そのような状況。「五里霧」は五里にも渡って周囲が霧で覆われていること、「中」はその霧の中にいること。霧の中にいて、先もよく見えず方向もよくわからない状態という意味から。後漢の道士の張楷が五里霧という仙術を使い、周囲五里を霧で覆ったという故事からきた言葉。
4級,歳寒三友,さいかんさんゆう,冬に友とすべきもので東洋画の画題としても好まれる松、竹、梅のこと。「歳寒」は寒い季節、冬のことから乱世や逆境ともいう。乱世に友とすべき山水・松竹・琴酒のことをいう場合もある。
4級,歳月不待,さいげつふたい,年月はあっという間に過ぎていき、人の都合などでは待ってくれないので、時を大切にせよという戒めの語。
4級,才色兼備,さいしょくけんび,女性が、すぐれた頭のはたらきと美しい容姿の両方をそなえていること。「才」は才知、「色」は容姿の美しさ。「兼備」は二つ以上をあわせもつこと。
4級,祭政一致,さいせいいっち,神を祭ることと政治を行うことは、あわせて一つのものであるという考え。または、そうした政治形態のこと。古代社会に多い政治形態の一つ。 「祭」は神を祭ることから宗教のこと。「政」は政治を行うこと。 「一致」は二つ以上のものが一つになること。
4級,昨非今是,さくひこんぜ,昨日までは間違いだと思っていたことが今日は正しいと思えること。または、今になって過去の行いが過ちであったと気づいて悔いること。「是」は正しいこと。 「非」は誤りのこと。「今の是にして昨の非なりしを覚る」を略した言葉。 「昨非今是」ともいう。
4級,山簡倒載,さんかんとうさい,大酒飲みのこと。 「山簡」は人の名前。「倒載」は車に乗せた酒を全て傾けるという意味から、全ての酒を飲み尽くすという意味。古代中国の晋の将軍の山簡は大の酒好きで、高陽池のほとりで酒を持って行っては全て飲み尽くし、ご機嫌で帰ってきていたという故事から。
4級,三軍暴骨,さんぐんばくこつ,大差で戦いに負けること。「三軍」は三万七千五百人の軍隊ということから、大軍のたとえ。「暴骨」は兵士が死んで、野で骨になるという意味。中国の周の時代は、一万二千五百人の軍隊を一軍として、大国ではその三倍の三軍を保有するとされていた。「三軍（さんぐん）骨（ほね）を暴（さら）す」とも読む。
4級,山紫水明,さんしすいめい,自然の景観がとても澄み切っていて美しいこと。山は日の光で紫色にかすみ、水はきれいに澄んでいるという意味から。「水紫山明」ともいう。
4級,三舎退避,さんしゃたいひ,相手のことを恐れて、避けること。「舎」は古代中国の軍隊が一日で進む距離のことで、三十里のことをいう。軍隊が相手を恐れて、九十里の距離を空けて避けるという意味から。「三舎を避（さ）く」とも読む。中国の春秋時代、楚に亡命した晋の重耳は、楚の成王に厚遇され、重耳は感謝して、晋と楚が戦うようなことがあれば九十里後退させると約束した。晋の君主になった重耳はその約束を果たしたという故事から。
4級,山中暦日,さんちゅうれきじつ,人里から離れて、山奥でのんびりと暮らすこと。「暦日」は月日のこと。「山中暦日無し」を略した言葉で、人里離れた山奥で暮らすと、ゆったりとしていて、月日がたつのを忘れてしまうという意味から。
4級,三令五申,さんれいごしん,何度も繰り返して説明して諭すこと。「申」は繰り返すという意味。 三回命じて五回言い聞かせるという意味から。
4級,三老五更,さんろうごこう,高い徳を積んでいる長老のこと。「三老」と「五更」はどちらも中国の周の時代の長老の異称。「三老」は臣下の最高位の三公、「五更」は引退した卿の地位をもっていた人の呼称とされているが、様々な説がある。
4級,子為父隠,しいふいん,子が父親の犯した罪や過失をかばって隠すこと。身内の不正を世間にさらすよりも、肉親としての情によって庇護するほうが人の道にかなうとする立場を表す。孔子が、直き者のあり方を問われた際、正直とは身内の過ちを暴くことではなく、親子が互いにかばい合うその情の内にこそ備わるものだと説いたことに由来する。規範や法の順守よりも親への情愛を上位に置く、儒教的な倫理観を示す語。
4級,四海兄弟,しかいけいてい,人と接するときにまごころと礼儀を持てば、人は兄弟のように親しくなれること。または、親しくするべきだということ。「四海」は四つの方向の海のことから全世界という意味。
4級,死灰復然,しかいふくねん,火が消えて冷たくなった灰が再び燃え上がるという意味から、衰えたものが勢いを取り戻すこと。また、解決したことが再発すること。
4級,色即是空,しきそくぜくう,この世に形あるものは、どれもそれ自体で独立して存在しているのではない、ということ。「色」は形や色をもって現れるもの。目に見える物や体をいう。「空」は、それ自体の変わらない本質をもたないこと。すべては他とのつながりの中で移り変わる。『般若心経』はこのあとに「空即是色」と続け、独立した本質をもたないからこそ、ものは形をとって現れると説く。
4級,四荒八極,しこうはっきょく,世界中のあらゆる場所、地域のこと。世界の隅々までという意味。「四荒」は北方の觚竹、南方の北戸、西方の西王母、東方の日下の四つのことで、この四方の果てにあるえびすの国のこと。えびすは異民族の別称。 「八極」は八方の地の果てという意味。
4級,四書五経,ししょごきょう,代表的な儒教の経典のこと。「四書」は「大学」、「中庸」、「論語」、「孟子」のこと。「五経」は時代によって異説あるが漢以降は、「易経」、「詩経」、「書経」、「礼記」、「春秋」のこと。
4級,四十不惑,しじゅうふわく,孔子が生涯を述懐して語った言葉で、四十歳のときに自分の学問に自信をもって、向かう方向が妥当だと確信して迷わなくなったということから、四十歳で迷わなくなること。
4級,志操堅固,しそうけんご,自分の理念や信念、流儀などを堅く守っていて決して変えることがないこと。
4級,詩腸鼓吹,しちょうのこすい,詩を作る情をかきたてられること。または、情をかきたてられる鶯（うぐいす）の鳴き声のこと。「詩腸」は詩を作る情、「鼓吹」は太鼓や笛を鳴らすという意味から勢いづけるや鼓舞するという意味。六朝時代、宋の戴顒が行き先を聞かれ、「鶯の声を聞き世俗に染まった耳を清めて、詩情をかきたてようとしている」と答えた故事から。
4級,四鳥別離,しちょうべつり,雛（ひな）鳥が巣立つときに親鳥が悲しい声で鳴く様子から、親子の悲しい別れのこと。「四鳥」は四羽の雛鳥のこと。孔子が早朝に悲鳴のような泣き声を聞き、これはなんだろうと弟子の顔回に尋ねると、垣山にいる四羽の雛鳥が巣立とうとしていたときの悲しげな母鳥の声に似ていると答えた。調べてみると、父親が亡くなり、貧しくて子を売ることになった母親の泣き声だったという故事から。
4級,失笑噴飯,しっしょうふんぱん,食べている飯を噴き出してしまうほど、おかしくて笑ってしまうこと。「噴飯」は食べている飯を噴き出すこと。
4級,七珍万宝,しっちんまんぽう,多種多様の宝物のこと。経典により多少違いはあるが、仏教語で「七珍」は、金、銀、瑠璃、シャコ、瑪瑙、玻璃、珊瑚の七種のこと。「万宝」は多くの種類の宝物という意味。
4級,射石飲羽,しゃせきいんう,集中して必死の思いで事にあたれば、どんな困難なことでも成し遂げることができるということ。楚の熊渠子が暗闇の中でうずくまる虎を狙い、集中して力いっぱい矢を射て確認してみると、虎ではなく大きな石に矢の羽までも深く突き刺さっていたという故事から。「射石」は弓で石を射ること。「飲羽」は矢の羽までも深く突き刺さるという意味。
4級,秀外恵中,しゅうがいけいちゅう,主に女性についていう語で、容姿が美しく優しい心を持っていること。または、容姿が美しく賢いこと。「秀外」は外見が秀でている。 「恵中」は心が優しいや、聡いという意味。
4級,衆口一致,しゅうこういっち,多くの人たちの意見が一致すること。「衆口」はたくさんの人の言葉や考え。「一致」は完全にぴったりと合うこと。
4級,集散離合,しゅうさんりごう,離れては集まり、集まっては離れたりすること。または、協力したり対立したりすること。「離合」と「集散」はどちらも離れたり集まったりすることで、同じ意味の語を重ねて強調した語。「集散離合」ともいう。
4級,舟中敵国,しゅうちゅうてきこく,味方が敵になることもあることのたとえ。行き先が同じ舟に乗っている人は利害が同じだが、状況によっては敵になるという意味から。為政者への戒めの言葉で、周囲の敵国ばかり気にかけて、内政を怠れば、国内から反逆者が現れて滅ぼされるということ。
4級,主客転倒,しゅかくてんとう,物事の優先順位、重要性の大小、立場などが逆転すること。「主客」は主人と客のことから、主な物事とそれに関係する物事のたとえ。「転倒」は逆さにすること。 主人と客の立場が逆転するという意味から。
4級,出将入相,しゅっしょうにゅうしょう,学問と武術の両方の才能があること。朝廷から外に出ると将軍として力を発揮して、朝廷の中に入れば宰相として力を発揮するということから。「出（い）でては将（しょう）、入（い）りては相（しょう）」とも読む。
4級,手舞足踏,しゅぶそくとう,うれしくて小躍りして喜ぶこと。「手舞」は手を動かして踊ること。 「足踏」は地面を踏んで音を出すこと。どちらも踊りを言い表す言葉。 「手の舞い足の踏むを知らず」を略した言葉。
4級,春日遅遅,しゅんじつちち,春の日が心地よく、のんびりとしている様子。または、春の日が長く、日が暮れるまでの時間が長いこと。「春日」は春の太陽。 「遅遅」は時間がのんびりと過ぎていくこと。
4級,笑止千万,しょうしせんばん,この上なくくだらないこと。または、ひどく気の毒なこと。「笑止」はくだらないこと。または、気の毒なこと。「千万」は程度がこの上なく高いこと。
4級,小心翼翼,しょうしんよくよく,小心者でいつもびくびくしている様子。「小心」は慎み深いこと。または、気が小さいこと。「翼翼」は親鳥が雛を翼で覆って注意深くかばうという意味から、遠慮がちで控えめなこと。元は慎み深く礼儀正しい様子のことで、周の文王をほめる言葉。「翼翼小心」ともいう。
4級,笑比河清,しょうひかせい,厳しい性格で、笑顔を見せることがほとんどないこと。「河清」は黄河の水が透き通ること。今までに透き通ったことのない黄河の水が透き通るくらいに、笑顔を見せることがないという意味から。中国の北宋の時代の裁判官の包拯がほとんど笑うことがなかったことを、人々が黄河の水が澄むことにたとえたという故事から。「笑いを河清（かせい）に比（ひ）す」とも読む。
4級,傷風敗俗,しょうふうはいぞく,道徳を乱して、社会に害を与えること。「傷風」と「敗俗」はどちらもよい風俗に害を与えるということ。「風（ふう）を傷（そこな）い俗（ぞく）を敗（やぶ）る」とも、「風（ふう）を傷（やぶ）り俗（ぞく）を敗（やぶ）る」とも読む。
4級,食前方丈,しょくぜんほうじょう,極めて贅沢で豪華な食事のこと。「食前」は食事の時に座る席の前。 「方丈」は一丈四方。自分の席の前の一丈四方に、ごちそうが一杯に並べられるという意味から。
4級,諸法無我,しょほうむが,仏教の根本的な三つの思想の一つで、この世に存在しているものの全ては、永遠不変の本質はもっていないということ。「諸行無常」、「涅槃寂静」と合わせて三法印と呼ばれる。「諸法」はこの世の全ての事象や現象のこと。「無我」は不変の本質である「我」は存在しないということ。
4級,思慮分別,しりょふんべつ,注意深く考えて、物事を判断すること。「思慮」は注意深く考えること。 「分別」は道理をわきまえた判断のこと。
4級,新鬼故鬼,しんきこき,最近死んだ人の霊魂と昔死んだ人の霊魂のこと。「鬼」は霊魂のこと。
4級,神機妙算,しんきみょうさん,非常にすぐれた策略のこと。「神機」は神が考えたような素晴らしい策略。 「妙算」はすぐれた策略。
4級,身軽言微,しんけいげんび,地位が低いと発言も軽く扱われるということ。「身軽」は身分が低いこと。 「言微」は言葉が軽く扱われること。「身（み）軽くして言（げん）微（いや）し」とも読む。
4級,慎始敬終,しんしけいしゅう,最初から最後まで、気をゆるめずに慎重に行うこと。または、物事は最初と最後が大切であるということ。「慎」と「敬」はどちらも細心の注意を払うこと。「始めを慎み終わりを敬（つつ）しむ」とも読む。
4級,信賞必罰,しんしょうひつばつ,賞と罰を正しく与えること。立派な働きをしたものには必ずそれ相応の褒賞を与え、罪を犯したものには必ずそれ相応の罰を与えること。「信賞」は必ず褒賞を与えること。 「必罰」は必ず罰を与えること。
4級,神色自若,しんしょくじじゃく,何があっても慌てずに落ち着いていること。「神色」は精神と顔色。 「自若」は心がいつもと同じこと。何があっても普段と同じ対応をするという意味から。
4級,新進気鋭,しんしんきえい,新たに現れた、鋭い意気込みがある将来有望な人のこと。「新進」はその分野に新しく現れること。「気鋭」は鋭く盛んな意気込みがあること。
4級,身体髪膚,しんたいはっぷ,人の体のあらゆる部分のこと。全身。「髪膚」は髪の毛と皮膚のこと。出典には「身体髪膚之を父母に受く」とあり、父母から受けた体は大切なものであるという意味の言葉。
4級,震天動地,しんてんどうち,大きな事件が起こることのたとえ。または、勢いや音が極めて激しいことのたとえ。「天（てん）を震（ふる）わし地を動かす」とも読む。
4級,自己矛盾,じこむじゅん,同じ人の考えや行動が前後で食い違い、つじつまが合わなくなること。
4級,耳熟能詳,じじゅくのうしょう,何度も聞いて聞きなれていることは、詳しく説明できるという意味。または、物事をよく知っているという意味。「耳熟」は耳が聞きなれている、「能詳」は詳しく説明することが出来るということ。
4級,十寒一暴,じっかんいちばく,努力というものは、続けられずに怠ってしまいがちであるということ。また、短期間努力してもその後に長期間怠れば努力が無駄になってしまうということ。「暴」は日にさらすこと。 「寒」は冷やすこと。日にさらして暖めようとして、一日は暖めたがその後の十日間は日陰においたままにして冷やしてしまうという意味。「十寒一暴」ともいう。
4級,実事求是,じつじきゅうぜ,「実事」は本当のことや事実、「求是」は真実を求めるということから、事実の実証に基づいて物事の真理を追求すること。
4級,耳提面命,じていめんめい,細かいところまで行き届いた丁寧な説明をして、理解できるように説き聞かせること。「耳提」は耳を引いて寄せること。「面命」は向かい合って説き聞かせること。
4級,縦横無尽,じゅうおうむじん,思うまま好きなように物事を行う様子。または、満足するまで自由に行動すること。「縦横」は縦と横のことから、自分の思いのままに振る舞うこと。「無尽」は尽きることが無いという意味。
4級,重厚長大,じゅうこうちょうだい,大きくて重量感のある様子。重く、厚く、長く、大きいという意味から。人の性格や建物、または、重化学工業などのことをいう。
4級,十年一剣,じゅうねんいっけん,武術の修練を長い間積み続けること。または、修練を積み続けた武術を発揮する機会を待つこと。一振りの刀を十年磨き続けるという意味から。「十年、一剣を磨く」を略した言葉。
4級,熟思黙想,じゅくしもくそう,心を落ち着かせて、しっかりと物事を考えること。「熟思」はしっかりと考えること。 「黙想」は喋らずによく考えること。
4級,熟慮断行,じゅくりょだんこう,不足がないようにしっかりと考え抜いた上で、固い決意を持って行動すること。「熟慮」は不足がないようにしっかりと考えること。「断行」は固い決意を持って行動すること。
4級,上援下推,じょうえんかすい,上の人から目をかけられ、下のものから推薦されること。「援」は引き上げるという意味。 「推」は推す、推薦するという意味。
4級,自力更生,じりきこうせい,他人を頼りにせず、自身の力だけで生活を改めて正しく立ち直ること。「更生」は悪い状況からよい状態に戻ること。犯罪を犯した人や経営の傾いた企業などが、他の力を借りずに立ち直ることなどをいう。「自力甦生」とも書く。
4級,尋章摘句,じんしょうてきく,些細なことばかりこだわって、全体的なものの見方ができないこと。「尋章」と「摘句」は文章の一節を考えること。文章や詩の語句を解釈することにこだわって、書物全体の意味や趣旨を理解できないという意味から。「章を尋（たず）ね句を摘（つ）む」とも読む。
4級,尋常一様,じんじょういちよう,他と変わらず、普通な様子。「尋常」は変わったことのない、普通なこと。「一様」は行動や状態が他と同じこと。
4級,人跡未踏,じんせきみとう,人がまだ足を踏み入れたことがないこと。「人跡」は人が歩いた足跡のこと。「未踏」は未だ誰一人として、足を踏み入れていないこと。
4級,尽善尽美,じんぜんじんび,完璧なこと。善と美のどちらもきわめているということから。「善を尽くし美を尽くす」とも読む。
4級,尽忠報国,じんちゅうほうこく,国に忠義を尽くして、国からの恩に報いること。「尽忠」は誠意を込めて君主や国家に尽くすこと。「報国」は国から受けた恩に報いること。中国の南北朝時代の皇帝宣帝の死後、その遺言に背こうとした高官を顔之儀が諫（いさ）めたとされる言葉から。「報国尽忠」ともいう。
4級,人品骨柄,じんぴんこつがら,人柄や品格、容姿や身なりのこと。「人品」はその人が持っている品性や気品のこと。「骨柄」は体つきから感じられる風格や品性のこと。
4級,人面獣心,じんめんじゅうしん,非情で残酷な人のたとえ。けだものの心を持った人間という意味から。
4級,人面獣身,じんめんじゅうしん,妖怪や化け物のこと。顔が人間で、身体は獣という意味から。
4級,人面桃花,じんめんとうか,恋い慕う女性に会えないこと。「人面」は美しい女性の顔。 「桃花」は植物の桃の花。中国の唐の詩人の崔護は、ある桃の木の下で美しい女性に会い、その女性と互いに惹かれあったが、その時はそのまま別れた。崔護はその女性を忘れられず、次の年にまた訪ねたがその女性に会うことができず、詩を残して去ったという故事から。
4級,寸歩不離,すんぽふり,すごく近い距離にいること。または、非常に深い関係のこと。「寸歩」はほんの少しの距離、一歩。一歩より遠い距離に離れることがなく、常に一緒にいるという意味から。「寸歩（すんぽ）も離れず」とも読む。
4級,誠歓誠喜,せいかんせいき,この上なく喜ばしいという意味。臣下が天子に書を奉る時に用いる言葉で、「歓喜」に「誠」を重ねて至上の喜びを表現した言葉。
4級,晴好雨奇,せいこううき,晴れでも雨でも美しい景色のこと。山水の景色は、雨の日は趣きがあり、晴れた日は美しく、どちらも見事であるという意味。「晴好雨奇」ともいう。
4級,青史汗簡,せいしかんかん,歴史書のこと。 「青史」は歴史。「汗簡」は文書や書籍のこと。紙ができる前の古代中国では、青竹を火であぶり、汗のように出る油を取り除いたものに文字を書いていたことから。
4級,精神一到,せいしんいっとう,精神を集中して事にあたれば、どんなことでも必ず成し遂げることができるということ。「一到」は集中すること。
4級,青銭万選,せいせんばんせん,非常にすばらしい文章のたとえ。「青銭」は青銅の銭。 「万選」は何度も選びなおすこと。青銅の銭は非常に質がよく、他の質の悪い銭の中に混ぜても、一万回でも間違えることなく、青銅の銭を選び出すことが出来るという意味から。中国の官吏の試験の科挙を何度受けなおしても合格する、素晴らしい文章のことをいう。唐の張鷟の文章が素晴らしく、「青銭学士」と称されたという故事から。
4級,盛徳大業,せいとくたいぎょう,大きくすぐれた徳と大きな事業。「盛徳」はすぐれた高い徳。「大業」は社会的に価値や重要性がある大きな仕事。大きな徳があり、すぐれた人格のある君子が目標とするもののこと。
4級,精疲力尽,せいひりきじん,酷く疲れて弱ること。「精（せい）疲れ力（ちから）尽く」とも読む。
4級,生離死別,せいりしべつ,非常に辛い別れのこと。生き別れと死に別れということから。 「生きて離れ死んで別れる」とも読む。
4級,世外桃源,せがいとうげん,この世とは違う別の平和な世界。理想郷。「世外」はこの世ではない別の世界のこと。「桃源」は「桃源郷」を略した言葉で、別の世界にある平和で穏やかな世界をいう。とある漁師が川をさかのぼって森の奥に進むと洞穴があり、その洞穴を抜けると、そこには桃の花が咲き乱れる美しい地があり、秦の乱から逃れてきた者たちが平和に暮らす理想郷を見つけたという故事から。
4級,積羽沈舟,せきうちんしゅう,小さなものでも、数がたくさん集まれば大きな力になるということのたとえ。軽い羽毛でもたくさん集まれば、舟を沈めるほどの重さになるという意味から。「積羽（せきう）舟（ふね）を沈む」とも読む。
4級,積厚流光,せきこうりゅうこう,蓄積したものが多ければ多いほど、その恩恵は大きいということ。または、先祖の功績が大きければ、子孫にも恩恵が及ぶということ。「積厚」は厚く積み重ねること。 「流光」は広く恩恵が及ぶこと。
4級,石破天驚,せきはてんきょう,非常に斬新ですぐれている詩文や音楽のこと。石が破れて、天が驚くほどに素晴らしいという意味から。「石（いし）破れて天（てん）驚く」とも読む。
4級,切歯腐心,せっしふしん,激しく怒って、思い悩むこと。「切歯」は歯軋りをするということから、怒った顔のたとえ。「腐心」は心を悩ますこと。
4級,雪裏清香,せつりせいこう,植物の梅の別名。 「雪裏」は雪の中という意味。雪がある時期はほとんど花は咲いていないが、梅は雪が残っている時期から花を咲かせて、清らかな香りを漂わせるという意味から。
4級,扇影衣香,せんえいいこう,身分の高い女性が集まって話をしている様子。「扇影」は持っている扇子の影。 「衣香」は豪華で美しい衣服とよい香り。どちらも高貴な女性を言い表す言葉。
4級,浅学非才,せんがくひさい,学問や知識が浅く、才能や能力が乏しいこと。自分のことを謙遜していう言葉。「浅学」は修練が足りず、学問や知識が浅いという意味。「非才」は才能がない、才能が劣っているという意味。「浅学菲才」とも書く。
4級,千客万来,せんきゃくばんらい,たくさんの客が、途絶えることなく次々に来ること。「千」と「万」は数が多いことのたとえ。来客が多い様子や繁盛している店の様子をいう言葉。
4級,千軍万馬,せんぐんばんば,この上なく規模の大きい軍隊のこと。または、戦闘の経験を多く積んでいる人物のことで、人生経験が豊富な人物のたとえ。「千」と「万」は数が多いことのたとえ。「軍」は兵士、「馬」は軍用の馬のこと。
4級,千言万語,せんげんばんご,極めて多くの言葉のこと。または、非常に多くの言葉を並べたくどい話のこと。「千」と「万」は非常に数が多いことのたとえ。「言」と「語」はどちらも言葉という意味。
4級,千紅万紫,せんこうばんし,たくさんの色の花が咲いている様子。または、たくさんの色を言い表す言葉。「千」と「万」は数が多いことのたとえ。「紅」と「紫」はたくさんの花の色のたとえ。「万紫千紅」「千紫万紅」ともいう。
4級,千差万別,せんさばんべつ,人や物や事柄には様々な種類や違いがあり、どれひとつをとっても同じものはないということ。「千」と「万」は、数が多いことのたとえ。「差」と「別」は、違いや区別という意味。
4級,千山万水,せんざんばんすい,多くの山と川のこと。また、奥深く広大な自然のこと。「千」と「万」は数が多いことで、どこまでも山や川が続いているという意味から、遠く険しい道のりの形容としても用いられる言葉。「万水千山」ともいう。
4級,千思万考,せんしばんこう,何度も深く考えること。「千」と「万」は、数が多いことのたとえ。「思」と「考」は、考えるという意味。
4級,千紫万紅,せんしばんこう,たくさんの色の花が咲いている様子。または、たくさんの色を言い表す言葉。「千」と「万」は数が多いことのたとえ。「紅」と「紫」はたくさんの花の色のたとえ。「万紫千紅」「千紫万紅」ともいう。
4級,千姿万態,せんしばんたい,様々な異なっている姿や様相。「千」と「万」は数が多いことのたとえ。「姿」と「態」は顔かたちや体つき、容姿のこと。「千万の姿態」ということから。
4級,千秋万古,せんしゅうばんこ,この上なく長い年月。永遠の歳月。「万古」は万年、永遠のたとえ。 「千秋」は千年、長い年月のたとえ。「千秋万古」ともいう。
4級,千秋万歳,せんしゅうばんざい,限りなく長い年月。または、長生きを祝う言葉。 「千」と「万」は数が多いことのたとえ。「秋」と「歳」は年のこと。千年も万年も長生きすることを願うという意味から。
4級,千状万態,せんじょうばんたい,色々な様子や形のこと。「千」と「万」は数が多いことのたとえ。「状」と「態」はどちらも形や状態のこと。
4級,先制攻撃,せんせいこうげき,相手の攻撃よりも先に攻撃すること。「先制」は物事が起こる直前。または、事を起こそうとしている直前のこと。
4級,千村万落,せんそんばんらく,たくさんの村落。「千」と「万」は数が非常に多いことのたとえ。
4級,先難後獲,せんなんこうかく,先に難事に取り組み、利益は後回しにすること。まずは人のためになることを行い、自分の利益になることは後回しにすること。または、苦労した後に利益を得ること。「先難」は困難な物事を先に解決すること。「後獲」は利益を後回しにすること。後で利益を得ること。「難（かた）きを先（さき）にし獲（う）るを後（のち）にす」とも読む。
4級,千変万化,せんぺんばんか,情勢や状況がさまざまに移り変わり、変化し続けること。「千」と「万」は数が多いことのたとえ。千回も万回も変化するという意味から。
4級,千慮一失,せんりょのいっしつ,どんな立派な賢者にも、失敗や間違いが一つはあるということ。または、しっかりと考えて準備しても、予想もしていなかった手落ちがあるということ。「千慮」は何度も考えること。 「一失」は一回の失敗。
4級,千慮一得,せんりょのいっとく,愚かな人にでも、たくさんの考えの中には、一つくらい良いものがあるということ。「千慮」はたくさんの考え。 「一得」は一つの利点。自身の考えを述べるときに謙遜していうこともある言葉。
4級,是是非非,ぜぜひひ,正しいことは正しい、悪いことは悪いと、公正に判断すること。個人的な感情を交えることなく、公正に判断すること。「是を是とし、非を非とする、之を智と謂う。是を非とし、非を是とする、之を愚と謂う」という一文を略したもの。「是々非々」とも書く。
4級,是非曲直,ぜひきょくちょく,物事の善悪のこと。「是非」は正しいことと、間違っていること。「曲直」は曲がっていることと、まっすぐなこと。 「曲直是非」ともいう。
4級,是非善悪,ぜひぜんあく,物事の善悪のこと。「是非」は正しいことと、間違っていること。 「善悪是非」ともいう。
4級,前人未到,ぜんじんみとう,今までに誰一人として成し遂げたことがないこと。または、誰も足を踏み入れたことがないこと。「前人」は過去から現在までの全ての人、先人のこと。「未到」は到達したことがないこと。今までにない素晴らしい記録や先人が誰一人として踏み込んだことのない場所への探検について使う言葉。「前人未踏」とも書く。 「未踏」は誰もそこに入ったことがないという意味。
4級,前程万里,ぜんていばんり,これから先の目的地までの道のりが遠く長いこと。または、将来に大きな可能性があること。 「前程」はこれから先の道のり。「万里」は距離が非常に遠いことのたとえ。
4級,前途多難,ぜんとたなん,これから先に、数多くの困難が待っていること。または、そのように予想されること。 「前途」は将来、これから先の道のり。「多難」は困難や災難などの苦労する出来事が多いこと。
4級,前途有望,ぜんとゆうぼう,将来、成功する可能性が大いにあること。「前途」はこれから先の道のり、将来のこと。「有望」は望みが叶う可能性があること。
4級,前途洋洋,ぜんとようよう,これから先の人生が明るく開けていて、希望に満ちていること。「前途」はこれから先の道のり。将来。「洋洋」は見渡す限り一面に水が広々と満ちている様子、転じて、大きく広がっている様子のこと。「前途洋々」とも書く。
4級,善男善女,ぜんなんぜんにょ,仏教を信仰する人たちのこと。または、寺院や霊場、神社などを参拝したり、巡礼したりする人のこと。
4級,善隣友好,ぜんりんゆうこう,隣国と友好的な外交関係を結ぶこと。「善隣」は隣の家の人や隣国と仲良くすること。
4級,創意工夫,そういくふう,今までにない新しいことを考え出し、そのためにさまざまな手段、方法をためすこと。「創意」は今までになかった新しい発想。「工夫」は実行するためにさまざまな手段、方法をためすこと。
4級,草行露宿,そうこうろしゅく,困難で苦しい旅をすること。険しい道を草をかき分けて進み、野宿をしながら旅をするという意味。「草行」は道らしい道がない場所を草をかき分けて進むこと。「露宿」は屋外で寝泊まりをする野宿のこと。
4級,送故迎新,そうこげいしん,職に就いていた者を送り出し、新たにその職に就く者を迎え入れること。または、去っていく人を見送り、新たに来る人を迎えること。「故（ふる）きを送り新しきを迎（むか）う」とも読む。
4級,相即不離,そうそくふり,関係が深く、切り離すことができないこと。「相即」は仏教の言葉で、全ての事象は完全に溶け合っていて、一つのものであり、本質は一体であるということ。「相（あい）即（つ）きて離れず」とも読む。
4級,草木皆兵,そうもくかいへい,ひどく怯えて恐れることのたとえ。あまりの恐怖に気が動転して、草や木が敵の兵士に見えるという意味から。
4級,即時一杯,そくじいっぱい,後で大きな利益を得るよりも、すぐに手に入る小さな利益のほうがよいということ。「即時一杯の酒に如かず」を略した言葉で、後世に名を残すよりも、今の一杯の酒のほうが大切だという意味から。古代中国の晋の張翰は、何もせずに毎日を過ごしていたことを人に諫（いさ）められたが、死後に名誉を残すよりも、目の前の酒を飲むことのほうが大切だと答えたという故事から。「即時一盃」とも書く。
4級,速戦即決,そくせんそっけつ,短い期間で物事の決着をつけること。または、戦いにおいて一気に勝利を決定づけようとすること。
4級,即断即決,そくだんそっけつ,その場で判断してすぐに決めること。「即断」と「即決」はどちらもすぐに決めるという意味で、同じ意味の熟語を重ねて強調した言葉。「即決即断」ともいう。
4級,即決即断,そっけつそくだん,その場で判断してすぐに決めること。「即断」と「即決」はどちらもすぐに決めるという意味で、同じ意味の熟語を重ねて強調した言葉。「即決即断」ともいう。
4級,率先垂範,そっせんすいはん,人の先頭に立って行動して、手本を示すこと。「率先」は自らが人の先頭に立って行動すること。「垂範」は手本を示すこと。
4級,属毛離裏,ぞくもうりり,親子のつながりが深いこと。「属」と「離」はどちらも連なるという意味。「毛」は体の外側にあるという意味から、陽の存在を言い表す言葉で、父親のたとえ。「裏」は母胎という意味から、母親のたとえ。父親を手本にし、母親に育てられて成長することをいう言葉。
4級,大隠朝市,たいいんちょうし,悟りを開いた真の隠者は、山中ではなく人の多い街中で生活しているという意味。「大隠」は本当に悟りを開いた隠者のこと。 「朝市」は人が多く集まる場所。
4級,大驚失色,たいきょうしっしょく,非常に激しく驚き恐れて、血の気が引いて青ざめること。「大驚」はとても激しく驚くこと。「失色」は顔色を失うということから青ざめるという意味。
4級,大味必淡,たいみひったん,最もすぐれた味は、薄味であっさりしているものであるということ。「大味」は味のすぐれている食べ物。「淡」は味がうすく、あっさりしているという意味。濃い味の食べ物は、短い期間好まれることはあっても長続きせず、うすくあっさりとした食べ物は飽きられずに好まれるという意味から。「大味（たいみ）必ず淡し」とも読む。
4級,大惑不解,たいわくふかい,自分の心にある迷いを理解できない人は、いつまでも真理を悟ることができないということ。または、様々なことを疑い迷って、疑問を解くことができないこと。「大惑」は酷く迷うということで、自分の心にある迷いを理解できない人をいう。「大惑（たいわく）解（と）けず」または、「大惑（たいわく）は解（さと）らず」とも読む。
4級,度徳量力,たくとくりょうりき,自身の持つ徳や信望、力量をしっかりと確かめること。または、確かめた後に能力に応じて事にあたるべきであるということ。「度」と「量」はどちらも測るという意味。「徳を度（はか）り力（ちから）を量る」とも読む。
4級,多事多端,たじたたん,やるべきことが多くて、非常に忙しいこと。「多事」はやらなければならないことが多いこと。「多端」は非常に忙しい様子。
4級,多蔵厚亡,たぞうこうぼう,欲の深い人は財産だけに固執するために、人間関係だけではなく、財産も全て失うということ。財産を蓄えれば蓄えるほどに失うものも多くなるという意味から。欲をおさえて、相応のところで満足することが大切であるという戒め。「厚亡」はたくさんのものを失うということ。「多く蔵（ぞう）すれば厚く亡（うしな）う」とも読む。
4級,端木辞金,たんぼくじきん,納得のできない金銭は、絶対に受け取らないということ。「端木」は人名。 「辞金」は金銭を受け取ることを辞退するという意味。中国の春秋時代、孔子の弟子で富豪の端木は、他国に売られた魯の国の人を買い戻すときに公金を使うことになっていたにも関わらず、それをよしとせずに私財で買い戻したという故事から。「端木（たんぼく）金（きん）を辞す」とも読む。
4級,短慮軽率,たんりょけいそつ,結果がどうなるかを考えず、軽々しく行動や物事を決めること。「短慮」は考えが足りずに浅いこと。「軽率」は深く考えることなく、軽々しく事を行うこと。「軽率短慮」ともいう。
4級,弾丸雨注,だんがんうちゅう,雨が激しく降るように、弾丸が降り注ぐこと。「弾丸（だんがん）雨のごとく注ぐ」とも読む。
4級,弾丸黒子,だんがんこくし,非常に狭い土地のたとえ。「弾丸」は小さな鳥を捕獲するために使う弾き弓の小さな玉。「黒子」はほくろ。 弾き弓の玉や、ほくろのような土地という意味から。「弾丸黒痣」とも書く。
4級,談言微中,だんげんびちゅう,直接ではなく、遠回しに人の急所を突く話し方のこと。「談言」は話し方。 「微中」はさりげなく相手の重要なところを突くこと。
4級,断髪文身,だんぱつぶんしん,野蛮な習慣のこと。「断髪」は髪の毛を短い長さに切ること。 「文身」は刺青のこと。中国で野蛮とされていた、呉越の一帯の風習。
4級,知者不惑,ちしゃふわく,賢い人は物事の道理を理解しているので、判断に迷うことがないということ。
4級,致知格物,ちちかくぶつ,物事の道理を極めて、知識を最大限に広げていくこと。「格物」は物事の道理を極めつくすこと。 「致知」は知識を極めること。「致知格物」ともいう。
4級,忠言逆耳,ちゅうげんぎゃくじ,他人からの忠告は聞き入れがたいものだということ。「逆耳」は聞きづらいということで、他人からの忠告は聞きづらいが、ためになるものなので、聞く態度をもつことが大切だという意味。「忠言は耳に逆らう」とも読み、「忠言は耳に逆らえども行いに利あり」を略した言葉。
4級,忠孝一致,ちゅうこういっち,主君に忠義を尽くすことと親を敬い尽くすことは同じことだということ。または、それらを両立することはできるということ。「忠孝」は主君に忠義を尽くすことと親へ孝行すること。「一致」は複数のものが完全に同じものであること。日本国民を一つの家族とした場合、天皇は家長にあたるため、主君に忠義を尽くすことと親を敬い尽くすことは同じことだということから。
4級,昼夜兼行,ちゅうやけんこう,一日中休まずに仕事をすること。「昼夜」は昼と夜のことから、一日中という意味。「兼行」は先を急ぎ、一日に二日分の距離を進むこと。
4級,忠勇義烈,ちゅうゆうぎれつ,正義感があり、忠義に厚く勇敢なこと。
4級,朝雲暮雨,ちょううんぼう,男女の交わり、情交のたとえ。中国の戦国時代の楚の懐王が昼寝をした際、夢の中で巫山の女神と情交を結んだ。別れ際に女神が「朝には雲となって、夕方には雨となってここに参ります」と言ったという故事から。
4級,朝改暮変,ちょうかいぼへん,命令や制令、法律などがすぐに変わってしまい、しっかりと定まることがないこと。朝に出した命令や法律などが、夕方には変わるという意味から。
4級,朝過夕改,ちょうかせきかい,犯した過ちをすぐに改めることのたとえ。朝に犯した過ちを夕方には改めるという意味から。 君子の心得をいう言葉。「朝（あした）に過（あやま）てば夕（ゆう）べに改む」とも読む。
4級,朝観夕覧,ちょうかんせきらん,朝に見て、夕方にも見ること。絵画などの芸術品を何度も見て楽しむことをいう言葉。
4級,鳥語花香,ちょうごかこう,のどかな春の景色のこと。鳥のさえずりと花の香りという意味から。
4級,朝三暮四,ちょうさんぼし,目先のわずかな違いや損益にこだわりすぎて、結局は同じ結果になることが理解できないこと。または、巧みな言葉や話し方で人を丸め込むこと。変化しやすく安定しないことや何とか生きていけるだけの生計のことをいう場合もある。春秋時代、たくさんの猿を飼っていた宋の狙公は生活が急に苦しくなり、自身が食べる分もぎりぎりの状態で仕方なく猿の餌を減らすことにしたが、嫌われるのが嫌だったためにごまかすことにした。狙公が「どんぐりを朝に三つ、暮に四つにする」と言ったところ猿たちが怒ったため、「それでは朝は四つに増やし、暮は三つにする」と言うと猿たちは朝の数が増えて喜んで納得したという故事から。
4級,鳥尽弓蔵,ちょうじんきゅうぞう,重要な地位を任されていた人も、目的が果たされた後には捨てられるということのたとえ。全ての鳥を捕り尽くして鳥がいなくなれば、弓はしまわれるという意味から。古代中国の漢の劉邦の家臣だった韓信の故事と、春秋時代の越の勾践の家臣だった范蠡の故事から。「鳥（とり）尽きて弓（ゆみ）蔵（おさ）めらる」とも読む。
4級,朝生暮死,ちょうせいぼし,命が短いこと。虫の蜉蝣などの成虫は寿命が一日しかなく、それらのことを言った言葉で、朝に生まれて、夜には死ぬということから、人生の儚さをいう言葉。「朝（あした）に生まれ暮れに死す」とも読む。
4級,朝朝暮暮,ちょうちょうぼぼ,毎朝毎晩。 「朝朝」は毎朝。 「暮暮」は毎晩。「暮暮朝朝（暮々朝々）」ともいう。
4級,長目飛耳,ちょうもくひじ,すぐれた情報収集能力があり、深い観察力と鋭い判断力を備えていること。「飛耳」は遠くの音までよく聞くことができる耳のこと。「長目」は遠くまで見通せる目のこと。 「長目飛耳」ともいう。
4級,朝令暮改,ちょうれいぼかい,命令や法律がたびたび変わって、あてにならないこと。朝に出した命令を、その日の夕方には改めてしまうという意味から。前漢の晁錯が、税の取り立ての時期が定まらず農民が苦しんでいると文帝に訴えた上奏文にある言葉。「朝（あした）に令（れい）して暮（く）れに改（あら）む」とも読む。
4級,沈思黙考,ちんしもっこう,静かに落ち着いて深く物事を考えること。「沈思」は深く物事を考えること。 「黙考」は静かに物事を考えること。
4級,沈博絶麗,ちんぱくぜつれい,文章などの表現が美しく、広く深い意味が込められていること。「沈」は深い、「博」は広い、「絶」は非常にすぐれていること、「麗」は美しいという意味。すぐれた文章を言い表す言葉。
4級,提耳面命,ていじめんめい,細かいところまで行き届いた丁寧な説明をして、理解できるように説き聞かせること。「提耳」は耳を引いて寄せること。「面命」は向かい合って説き聞かせること。
4級,低頭傾首,ていとうけいしゅ,頭を低くして身を慎むこと。「低頭」と「傾首」はどちらも首をたれるという意味。「頭（こうべ）を低（た）れて首（くび）を傾（かたむ）く」とも読む。
4級,滴水成氷,てきすいせいひょう,冬の猛烈な寒さのこと。または、極寒の地のこと。 滴る水がすぐに氷になるという意味から。「滴水（てきすい）氷を成す」とも読む。
4級,天香国色,てんこうこくしょく,植物の牡丹の別名。または、美人を言い表す言葉。「国色」は国の中にあるものの中で最も美しい色のこと。または、国の中で最も美しい人のこと。「天香」はこの世のものとは思えないほどのよい香りのこと。「天香国色」ともいう。
4級,天地玄黄,てんちげんこう,天は黒く、地は黄色いということ。「玄」は色が黒いということ。漢字を正しく書く練習に使われる『千字文』の第一句。
4級,電光影裏,でんこうえいり,人の一生は短く儚いものだが、悟りを得た者の魂は滅びることなく、永久に存在するということのたとえ。中国の宋の僧の祖元が元の兵に襲われたときに唱えたとされる、「電光影裏、春風を切る」という経文の一句を略した言葉。命は落としても魂は消えることはないということをたとえた言葉で、春風を鋭く光る稲妻で切り裂いたとしても、春風は何の影響もなく、いつもどおり吹くという意味から。
4級,電光朝露,でんこうちょうろ,非常に短い時間のたとえ。または、人の一生が儚いことのたとえ。 「電光」は稲光。「朝露」は植物の葉に宿る朝の露のこと。「電光」と「朝露」はどちらもあっという間に消えるという意味から。
4級,当意即妙,とういそくみょう,機転をきかせて、その場で適切に対応すること。「当意」は工夫して適切な対応をすること。「即妙」はすぐに思いつくことで、機転のこと。
4級,桃園結義,とうえんけつぎ,後漢末期に、張飛の家の庭にある桃園で「劉備」「関羽」「張飛」の三人が義兄弟の約束を交わした逸話から、義兄弟の契りを結ぶこと。
4級,刀光剣影,とうこうけんえい,状況が切迫していて、いつ戦いが起こってもおかしくない殺気立った雰囲気のこと。刀が光って剣の影がちらりと見えるという意味から。
4級,刀山剣樹,とうざんけんじゅ,思いやりが一切無いむごたらしい刑罰。または、酷く危険な境遇。「刀山」は刀の刃が上を向いた状態で、無数に立てられている山。「剣樹」は葉や枝、花、実の全てが剣で出来ている樹。刀山を歩かされたり、剣樹を登らされては落とされるという地獄で行われている刑罰のことから。
4級,頭髪上指,とうはつじょうし,激しく怒り、髪の毛が逆立つこと。「上指」は上の方向を示すこと。古代中国の秦の時代にあった鴻門の会で、樊噲が激怒して項羽を睨みつけたという故事から。
4級,得意忘形,とくいぼうけい,芸術などで、精神や本質を大切にして、外形のことを忘れること。または、気分が舞い上がって、我を忘れること。「意を得て形（かたち）を忘（わす）る」とも読む。
4級,得意忘言,とくいぼうげん,悟りや真理に達した際には言葉が不要になるということ。言葉は真理に至るため、また相手に思いを伝えるための道具であり、本質が伝われば言葉は忘れてしまっても良いという意味から。荘子の教えの一つ。 「意を得て言（げん）を忘（わす）る」とも読む。
4級,吐故納新,とこのうしん,昔からあるものを捨てて、新しいものを取り入れること。「吐故」は体の中から古い空気を吐き出すこと。「納新」は鼻から新しい空気を取り入れること。「故（ふる）きを吐きて新しきを納（い）る」とも読む。
4級,同床異夢,どうしょういむ,立場や仕事が同じでも、考え方や目的が違うこと。同じ寝室に寝ていても、見る夢の内容はそれぞれ違うという意味から。
4級,同声異俗,どうせいいぞく,生まれながらにして持っている素質は同じだが、教育や生活の環境によって人格に差が生じること。教育の重要性を説いた荀子の言葉で、赤子の泣き声は同じでも、民族が違えば異なる風俗や習慣を身につけるということ。「声を同じくして俗を異にす」とも読む。
4級,読書三到,どくしょさんとう,読書をするときに大切な三つのこと。「三到」は「目到」、「口到」、「心到」の三つの心得のこと。「目到」は文字を目でしっかりと見ること。 「口到」は声を出して読むこと。「心到」は集中して読むこと。 中国の宋の朱熹が唱えたもの。
4級,内清外濁,ないせいがいだく,心は清潔さを保ちながら、外見は汚れたように装い、世俗とうまく付き合う処世術のこと。
4級,難攻不落,なんこうふらく,非常に攻めることが難しく、容易には陥落しないこと。または、事が思い通りに進まないこと。「難攻」は攻めることが難しいという意味。「不落」は落城することがないという意味。
4級,日常茶飯,にちじょうさはん,頻繁に起こるような、よくある出来事のこと。ありきたりな出来事を日常の食事（茶と飯）にたとえた言葉。「日常茶飯事」や「茶飯事」ともいう。
4級,二人三脚,ににんさんきゃく,二人一組で横に並び、隣り合った足首をひもで結んで走る競走。また、二人が協力し合って物事を遂行することのたとえ。
4級,女人禁制,にょにんきんせい,女性が特定の場所に立ち入ることや行事に参加することを禁止したもの。昔の仏教や修験道では、女性がいると修行に差し支えるとして、寺や聖域に入ることを禁止していた。
4級,年年歳歳,ねんねんさいさい,「来る年も来る年も」や「毎年、毎年」という意味。「年年」と「歳歳」はどちらも「どの年も」という意味。「歳歳年年（歳々年々）」ともいう。
4級,杯水車薪,はいすいしゃしん,少なすぎて役に立たないこと。「杯水」は杯に一杯分の水、「車薪」は車一台分の薪のことで、杯に一杯分という少量の水で、燃えている車一台分の薪の火を消そうとするという意味から。
4級,破顔一笑,はがんいっしょう,にっこりと微笑むこと。「破顔」は表情を緩めること。「一笑」は軽く笑うこと。
4級,波及効果,はきゅうこうか,波紋が広がっていくように、だんだんと広い範囲に影響を及ぼすこと。「波及」は波紋が広がっていくように影響を与えていくこと。「効果」は結果や効き目のこと。
4級,薄志弱行,はくしじゃっこう,何かを成そうとする気持ちが弱く、決断力や実行力が乏しいこと。「薄志」は何かを成そうとする志が弱いこと。「弱行」は決断力や実行力に欠けること。
4級,白砂青松,はくしゃせいしょう,海岸の美しい景色を言い表す言葉。「白砂」は白い砂、「青松」は青々と生い茂った松の林のことで、主に日本の美しい海岸線のことをいう。「白沙青松」とも書く。
4級,薄物細故,はくぶつさいこ,意味のない些細なこと。価値がなく役に立たないこと。「薄物」と「細故」はどちらも意味も価値もないちょっとした物事という意味。
4級,薄利多売,はくりたばい,物の値段を下げて、そのかわりに数を多く売ることで利益を増やすこと。商売の一つの方法で、利益を薄くして数を多く売ること。
4級,破天荒解,はてんこうかい,今まで誰もできなかったことを成し遂げること。または、常識では考えられないやり方をすること。「天荒」は凶作などで、雑草などが生い茂った荒れ果てた土地。または、未開の土地のこと。「解」は解送者のことで、中国の科挙の本試験を受けるための地方試験に合格した人のこと。中国の荊州では、長い間地方試験に合格する人がいなかったために「天荒解」と呼ばれ、劉蛻が初めて合格したときに、天荒を破ったと人々に言われたという故事から。
4級,反首抜舎,はんしゅばっしゃ,粗末な姿で野宿すること。または、悲壮な思いで辛い生活をおくること。「反首」は髪の毛を束ねずに、振り乱して垂らした姿。「抜舎」は野宿すること。
4級,売剣買牛,ばいけんばいぎゅう,戦争を止め、武器を売り農業を活発にすること。前漢の宣帝の時代に、民に倹約と農業を奨励して、武器を売って牛を買うことをすすめた。民は農耕に精を出し、その結果収穫量があがり、税収も増えて役人も民も皆が豊かになったという故事から。
4級,馬耳東風,ばじとうふう,他人からの注意や批評を聞いても受け入れることなく、全て聞き流すこと。または、何を言われても反応を示すことがないこと。 「馬耳」は馬の耳。「東風」は東から吹く春風のこと。人は東からの暖かく心地よい風が吹くと春の訪れを喜ぶが、馬の耳に風が吹いても、馬は反応を示さないように見えるという意味から。
4級,抜苦与楽,ばっくよらく,人々の苦しみを取り除いて、安楽を与える仏の慈悲のこと。
4級,抜来報往,ばつらいほうおう,速やかにやって来て、速やかに去っていくこと。または、何度も行ったり来たりすること。「抜」と「報」はどちらも速いことのたとえ。「抜（と）く来たり報（と）く往（ゆ）く」とも読む。
4級,万古千秋,ばんこせんしゅう,この上なく長い年月。永遠の歳月。「万古」は万年、永遠のたとえ。 「千秋」は千年、長い年月のたとえ。「千秋万古」ともいう。
4級,万古長青,ばんこちょうせい,永遠に変わらないこと。「万古」は大昔からという意味から、永遠や長い年月のたとえ。「長青」は松などの常緑樹がずっと枯れることなく、青々としているということから、いつまでも変わらないことのたとえ。国の繁栄や、よい人間関係などがいつまでも続くことをいう。
4級,万古不易,ばんこふえき,いつまでも変化しないこと。「万古」は非常に長い期間、永遠という意味。「不易」は変わることがないこと。
4級,万死一生,ばんしいっせい,死ぬ覚悟で事に当たること。または、非常に危険な状況からなんとか助かること。「万死」は命が助かりそうにない危険な状況。「万死に一生を顧みざるの計」または、「万死を出でて一生に遇う」を略した言葉。
4級,万水千山,ばんすいせんざん,多くの山と川のこと。また、奥深く広大な自然のこと。「千」と「万」は数が多いことで、どこまでも山や川が続いているという意味から、遠く険しい道のりの形容としても用いられる言葉。「万水千山」ともいう。
4級,万世一系,ばんせいいっけい,一つの血筋がいつまでも続いていくこと。「万世」は永遠、いつまでもという意味。 「一系」は同じ家系のこと。主に日本の皇室、皇統についていう言葉。
4級,万世不易,ばんせいふえき,いつまでも変わらないこと。「万世」は永遠、いつまでもという意味。 「不易」は変わらないということ。
4級,万世不刊,ばんせいふかん,途切れることなく、いつまでも伝わり続けること。または、いつまでも無くならないこと。「万世」は永遠、いつまでもという意味。「不刊」はなくならない、すりへらないということ。
4級,万代不易,ばんだいふえき,いつまでも変化しないこと。「万代」は非常に長い期間、永遠という意味。「不易」は変わることがないこと。
4級,万能一心,ばんのういっしん,何を学ぶにしても、集中してやらなければ身につかないということ。または、様々な技芸をこなすことができても、心が欠けていれば意味がないということ。「万能足りて一心足らず」を略した言葉。
4級,万万千千,ばんばんせんせん,数がこの上なく多いことのたとえ。「万」と「千」は数が多いことのたとえで、繰り返して使うことで強調した言葉。
4級,万物一馬,ばんぶついちば,この世のすべてのものは、もとをたどれば一つで、隔てはないということ。天地も一本の指、万物も一頭の馬と変わらない、という意味から。当時は、ことばの上で物と物の違いを細かく論じ合う議論がさかんだった。荘子はそれに対し、是非や区別は人があとから設けたものにすぎず、道の立場から眺めればどれも同じだと説いた。
4級,万夫不当,ばんぷふとう,たくさんの男が向かっていっても、勝負にすらならないほど強い人のこと。「万夫」は大勢の男。 「不当」は相手にもならないこと。「万夫（ばんぷ）当たらず」とも読む。
4級,万里同風,ばんりどうふう,天下が一つにまとめあげられていて、平和に治まっていること。「万里」ははるか遠くまでということ。「同風」は風俗が同じものになるということから、同じ国になることのたとえ。「万里（ばんり）風（ふう）を同じうす」とも読む。
4級,万緑一紅,ばんりょくいっこう,たくさんのものの中に、一つだけすぐれたものがあることのたとえ。または、大勢の男の中に一人だけ女がいること。緑一色の草むらの中に、一つだけ赤い花が咲いているということから。「万緑叢中紅一点」を略した言葉で、「紅一点」という形で使うことが多い言葉。
4級,被堅執鋭,ひけんしつえい,武器や防具を身につけること。将軍や指導者が自ら戦場に出る際に用いられる言葉。「被堅」は堅い鎧を身につけること。 「執鋭」は鋭い刃剣を手にすること。「堅を被（こうむ）り鋭（えい）を執（と）る」とも読む。
4級,飛耳長目,ひじちょうもく,すぐれた情報収集能力があり、深い観察力と鋭い判断力を備えていること。「飛耳」は遠くの音までよく聞くことができる耳のこと。「長目」は遠くまで見通せる目のこと。 「長目飛耳」ともいう。
4級,皮相浅薄,ひそうせんぱく,物の見方が浅く表面しか見ないこと。または、知識や学問などに奥深さがないこと。「皮相」は見た目や表面のこと。 「浅薄」は深さが浅くて厚さが薄いこと。「浅薄皮相」ともいう。
4級,匹夫匹婦,ひっぷひっぷ,身分の低い男と女のこと。または、教養がないために道理をわきまえない人のこと。「匹」は社会的地位が低いこと、「夫」は男性、「婦」は女性。社会的地位が低い男女という意味から、際立ってすぐれているところのない、ありふれた男女のこと。
4級,肥肉厚酒,ひにくこうしゅ,贅沢な食べ物とお酒のこと。油の乗ったおいしい肉と高級な酒という意味から。 「厚酒肥肉」ともいう。
4級,被髪文身,ひはつぶんしん,異なる民族の風習。または、異民族の野蛮な風習。 「被髪」は束ねずに乱れた髪の毛。「文身」は身体に入れ墨をすること。
4級,百依百順,ひゃくいひゃくじゅん,人に言われるがまま従うこと。「依」はもたれかかる、頼るという意味。 「順」は逆らうことなく従うこと。
4級,百川帰海,ひゃくせんきかい,散り散りになっているものが一つに集まること。または、たくさんの人たちの意見や気持ちが一つになること。川の全ては海に流れ着くという意味から。「百川源を異にして皆海に帰す」を略した言葉で、「百川（ひゃくせん）海に帰（き）す」とも読む。
4級,百鬼夜行,ひゃっきやこう,たくさんの悪人たちが横暴な態度で好き勝手に行動して、思いのままに悪事を働くこと。「百鬼」は色々な怪物のこと。 「夜行」は夜に連なって歩き回ること。夜になると色々な怪物が、たくさん連なって好き勝手に歩き回るという意味から。
4級,表裏一体,ひょうりいったい,二つのものが切り離すことができないほど深い関係にあること。「表裏」は表と裏のこと。 「一体」は一つのものという意味。表と裏は一つのものの両面であり、決して切り離すことができないという意味から。
4級,比翼連理,ひよくれんり,夫婦の愛情が深く、非常に仲がよいことをたとえた言葉。「比翼」は目と翼が一つしかなく、雌雄が常に一体となって飛ぶとされている比翼の鳥のこと。古代中国の想像上の動物。「連理」は別々の木の枝や幹がくっついて、まるで一本の木であるかのように木理（木目）が一つになったもののこと。どちらも、男女間の愛情が深く仲がよいことのたとえ。
4級,皮裏陽秋,ひりのようしゅう,口に出して言うことなく、心の中で善悪や是非を判断して批判すること。「皮裏」は皮膚の裏側という意味から、心の中という意味。「陽秋」は孔子が厳正に歴史を批評し、賞賛や批判の意味を、言葉の一つ一つに深く込めて編集したとされる、五経の一つの『春秋』の別名。
4級,微言大義,びげんたいぎ,簡潔な言葉や微妙な言い回しに深い意味や道理を含んでいること。孔子の言った言葉や、孔子が書いたとされる「春秋」の記述法を評したもの。「微言」は奥深い言葉。 「大義」は深い道理。
4級,美辞麗句,びじれいく,「うまく飾り立てた美しい言葉」という意味で、内容が真実味に欠けるという悪い意味で使われることが多い言葉。または、うわべだけの言葉という意味。「美辞」と「麗句」はどちらも美しく飾り立てた言葉という意味。
4級,美人薄命,びじんはくめい,美しい女性は運に恵まれず短命であることが多いという意味。「薄命」は短命なこと。運命に恵まれないこと。
4級,微妙玄通,びみょうげんつう,全ての物事に精通していて、底知れないこと。「微妙」は底が深く、底がわからないこと、「玄通」は物事に精通していること。真理を会得した人を言い表す言葉。
4級,風雲月露,ふううんげつろ,風に吹かれる雲と月光にひかる露の玉という意味で、詩を作りたくなるような美しい自然の風景のこと。または、自然の風景を詠んだだけで、毒にも薬にもならない詩文のこと。
4級,風月玄度,ふうげつげんたく,長い期間、会っていない人のことを想うこと。または、すばらしい人の死を残念に思い、その人のことを思い出すこと。「風月」はさわやかな風と美しい月。 「玄度」は人の名前。簡文帝の座敷に招かれた劉エンが「風が清々しく、月も美しい。玄度がいないのは非常に残念だ」と語った故事から。
4級,風俗壊乱,ふうぞくかいらん,社会の風習や日常的に行っていることが乱れること。「風俗」はしきたりや習慣。 「壊乱」は壊れて乱れること。
4級,浮雲朝露,ふうんちょうろ,不確かで、あっという間に消えてしまいそうなもののたとえ。「浮雲」は空に浮いている雲のことで、不安定で頼りにならないもののたとえ。「朝露」は朝に降りる露のことで、日が昇るとすぐに消えるということから、儚いもののたとえ。
4級,不可抗力,ふかこうりょく,人の力ではどうすることもできない大きな力や事態のこと。または、必要と認められる注意や予防法を講じても、なお被害を防ぐことができないことをいう法律用語。「不可抗」は人の力ではどうすることもできないという意味。不慮の事故や天災などのこと。
4級,不将不迎,ふしょうふげい,後悔することなく、これから先に起こるかもしれないことに悩んだりしないこと。「将」は送ること。去っていくものを送ることなく、来るものを迎えないという意味から。「将（おく）らず迎えず」とも読む。
4級,浮声切響,ふせいせっきょう,軽い質の声と重い質の声。「浮声」は高く軽い声。 「切響」は鋭い響きや重々しい響きのこと。声や響きの軽重や高下をいう言葉。
4級,浮石沈木,ふせきちんぼく,多くの人たちの無責任な言葉で、道理に反した力を持つことのたとえ。水に浮くことのない石を水に浮かせて、水に沈むことのない木を水に沈ませるという意味から。「石（いし）を浮かべ木を沈む」とも読む。
4級,不即不離,ふそくふり,二つのものが、近づき過ぎることも離れ過ぎることもなく、適度な関係にあること。「不即」は近づかないこと。 「不離」は離れないこと。「即（つ）かず離れず」とも読む。 「不離不即」ともいう。
4級,普天率土,ふてんそつど,全世界。世界のあらゆる場所。「普天」は天、天下のこと。 「率土」は大地の果てのこと。「普」は「敷」「溥」とも書く。
4級,不眠不休,ふみんふきゅう,物事に取り組み続けること。睡眠をとることもなく、休憩もすることなく物事を行い続けるということから。
4級,粉飾決算,ふんしょくけっさん,年度末の不正な決算のことで、利益や損失に手を加えて収支を偽って表示すること。「粉飾」は白粉を塗るという意味から、よく見せるために表面を飾るということ。
4級,物議騒然,ぶつぎそうぜん,世論が騒がしく、人の心が落ち着かないこと。「物議」は世間に広がっているうわさや評判。世論。「騒然」は騒がしくて落ち着きのない様子。
4級,舞文曲筆,ぶぶんきょくひつ,言葉を飾りつけるために、事実を曲げて文章を書くこと。「舞文」は文章を飾るために、好き勝手に文章をいじること。「曲筆」は事実を捻じ曲げて文章を書くこと。「文を舞（ま）わしめ筆（ふで）を曲（ま）ぐ」とも読む。「曲筆舞文」ともいう。
4級,文武一途,ぶんぶいっと,文事と武事、文官と武官を区別しないこと。文と武が偏ることを戒める言葉。
4級,平談俗語,へいだんぞくご,普通の生活でいつも使っている言葉のこと。「平談」はふだんの会話。「俗語」はふだん話すときに使う日常的な言葉のこと。
4級,平平凡凡,へいへいぼんぼん,際立って優れている点も変わった点もないありきたりな様子。目立つほど優れているところも変わっているところもないという意味の「平凡」を重ねて強調した言葉。「平々凡々」とも書く。
4級,辺幅修飾,へんぷくしゅうしょく,外見や世間体をよく見えるように飾って見栄を張ること。「辺幅」は布の縁のこと。転じて外見のこと。 「修飾」は飾り立てること。布の縁を縫って、ほころびを取り繕うことから。「辺幅（へんぷく）を修飾す」とも読む。 「修飾辺幅」ともいう。
4級,片利共生,へんりきょうせい,一緒に生活していて、片方だけが利益を得ているが、片方は利益も損害も受けないこと。「片利」は一方だけが利益を得ること。「共生」は別の種類の生き物が一緒に暮らすこと。 「片利共棲」とも書く。
4級,砲煙弾雨,ほうえんだんう,この上なく激しい戦闘の様子。「砲煙」は大砲を撃つ時に出る煙、「弾雨」は弾丸が雨のように降り注ぐという意味。
4級,放語漫言,ほうごまんげん,根拠の無い適当なことを言いたい放題に言うこと。「漫言」は大して考えずに口から出た言葉。 「放語」は言い散らすこと。「放語漫言」「漫語放言」ともいう。
4級,抱薪救火,ほうしんきゅうか,害を取り除こうとして行動すると、逆に被害が大きくなること。薪を抱えたまま火を消そうとするということから。「薪（たきぎ）を抱（いだ）きて火を救う」とも読む。
4級,本末転倒,ほんまつてんとう,物事の重要な部分とそうでない部分を逆に捉えてしまうこと。「本末」の「本」は大事なこと、「末」は取るに足らないこと。「転倒」は逆さにすること。
4級,暮雲春樹,ぼうんしゅんじゅ,遠く離れている友人に思いをはせること。「暮雲」は夕方の雲。 「春樹」は春になって新しい木の芽がふいた木のこと。
4級,漫言放語,まんげんほうご,根拠の無い適当なことを言いたい放題に言うこと。「漫言」は大して考えずに口から出た言葉。 「放語」は言い散らすこと。「放語漫言」「漫語放言」ともいう。
4級,三日坊主,みっかぼうず,僧侶の修行をしても三日も続かないということから、飽きやすく長続きしないことやその人のこと。「三日」は非常に短い期間のこと。
4級,妙計奇策,みょうけいきさく,他の人の思いつかないような奇抜ですぐれた計略。「妙計」はすぐれた計略のこと。「奇策」は人が思いつかない奇妙な策のこと。 「奇策妙計」ともいう。
4級,妙法一乗,みょうほういちじょう,法華経だけが悟りを得られる唯一のものと説いたもの。「妙法」は仏法の妙法蓮華経、「一乗」は悟りを得るための唯一の道という意味。
4級,無為自然,むいしぜん,人の手を加えずにあるがままにまかせること。「無為」は何もしない、「自然」は人の手が入っていないありのままの状態。
4級,無為徒食,むいとしょく,何もしないでただ過ごすこと。「無為」は何もしないこと。 「徒食」は働かないで食べること。「徒食無為」ともいう。
4級,無為無策,むいむさく,何も対策をせずに、そのまま放置すること。「無為」は何もしないこと。「無策」は有効的な対策をだすことができないこと。 「無策無為」ともいう。
4級,無為無能,むいむのう,「何もしない何もできない」ということ。自分のことを謙遜するときに用いることが多い。 「無為」は何もしないこと。「無能」は能力がないということ。
4級,無我夢中,むがむちゅう,一つの物事に集中しすぎて、自分のことすら忘れること。または、集中しすぎて他のことを何も気にかけないこと。「無我」は仏教語で自分への執着をなくすということから我を忘れること、「夢中」は一つのことに集中して他のことをまったく考えられなくなること。
4級,無恥厚顔,むちこうがん,恥知らずで、遠慮がない態度のこと。「厚顔」はあつかましいこと。 「無恥」は恥知らずなこと。他人のことを一切考えずに、自分の思い通りに行動する態度のこと。「無恥厚顔」ともいう。
4級,無味乾燥,むみかんそう,面白いと思える要素や風情が何もないこと。「無味」は味が無いという意味から、面白みがないことのたとえ。「乾燥」は水分がなくなり潤いに欠けるという意味から、風情や面白みがないことのたとえ。「乾燥無味」ともいう。
4級,迷者不問,めいしゃふもん,わからないことがあれば積極的に尋ねるべきだという戒め。無知な人は道に迷っても、人に道を尋ねることをせず、さらに迷うことになるという意味。
4級,迷惑千万,めいわくせんばん,非常に迷惑なこと。「千万」は数が非常に多いという意味から、程度のはげしさをあらわす言葉。
4級,面壁九年,めんぺきくねん,長い期間一つのことに専念してやり遂げること。または、長い期間努力し続けること。達磨大師が嵩山の少林寺に籠り、九年間壁に向かって座禅を組んで悟りを開いたという故事から。「九年面壁（くねんめんぺき・きゅうねんめんぺき）」ともいう。
4級,綿裏包針,めんりほうしん,穏やかで優しそうに見えるが、実際は相手に気付かれないような悪意を持っていること。「裏」は内側という意味で、柔らかい綿の中に危険な針を隠すという意味から。「針」は害意のたとえ。 「綿裏（めんり）に針を包む」とも読む。
4級,目食耳視,もくしょくじし,衣食の本質を忘れて、見た目の贅沢さだけを求めること。「目食」は味を気にせずに見た目が豪華なものを食べること。「耳視」は評判を気にして、たとえ似合わなくても高価な衣服を選ぶこと。「耳視目食」ともいう。
4級,物我一体,もつがいったい,仏教語で他の人と自分が一つになり、他者も自分もない境地のこと。
4級,野戦攻城,やせんこうじょう,野原や平地で戦闘をして、城を攻めること。「攻城」は城を攻めること。 「野戦」は野外で戦うこと。「野戦攻城」ともいう。
4級,夜郎自大,やろうじだい,自分の力量も知らずに、偉そうに振舞うこと。「夜郎」は中国、漢代にあった国の名前。夜郎国の王が漢の大きさを知らずに、漢国の使者に自分の国の大きさを自慢して、夜郎国と漢国のどちらが大きいか尋ねた故事から。
4級,有脚陽春,ゆうきゃくようしゅん,足のある陽気の満ちた春という意味から、行く先々で仁徳を施す人のこと。唐の宋璟という人物が行く先々で恩徳を施したことを、人々が称した故事から。
4級,有厚無厚,ゆうこうむこう,不合理なことをこじつけによって正当化しようとすること。「極めて厚さがあるものは、もはや厚い厚くないということすら言えないので厚さの概念自体がない」という詭弁（きべん）。
4級,雄材大略,ゆうざいたいりゃく,すぐれた才能と大きな策略のこと。「雄材」はすぐれた才能、「大略」は大きな計略という意味。
4級,優勝劣敗,ゆうしょうれっぱい,能力のある者が勝ち、劣っている者が負けること。生存競争で強者が繁栄して、弱者が滅亡すること。
4級,優柔不断,ゆうじゅうふだん,いつまでもはっきりとせず、決断力に欠けること。「優柔」ははっきりとしないこと、「不断」はどうするか決めることができないこと。
4級,勇猛精進,ゆうもうしょうじん,精力的に物事に取り組むこと。困難を克服し、一心に仏道修行をすること。「勇猛」は勇ましく猛々しいさま。 「精進」は精神を打ち込んで励むこと。「精進勇猛」ともいう。
4級,用意周到,よういしゅうとう,準備に手抜かりがなく、心遣いが行き届いていること。
4級,陽関三畳,ようかんさんじょう,繰り返し別れを惜しむこと。または、送別の詩として名高い陽関の曲の第四句を三度繰り返して歌うこと。「畳」は繰り返すという意味。
4級,要害堅固,ようがいけんご,険しい地形により外敵からの攻撃を防ぎやすく、攻め落とすことが難しいさま。また、そのような地形に築かれた砦（とりで）。「要害」は地形が険しく、守るのに有利な場所のこと。「堅固」はしっかりしていて、容易に破れないさま。
4級,容姿端麗,ようしたんれい,顔立ちや姿かたちが美しいこと。「容姿」は顔立ちや姿かたち、「端麗」は整っていて美しいこと。
4級,用和為貴,ようわいき,人と人が仲良く協力しあうことが最も大切であるということ。聖徳太子が作ったとされる「十七条憲法」の第一条にある言葉。「和を用て貴しと為す」と読むのが一般的な言葉。
4級,乱離拡散,らんりかくさん,戦争で世の中が乱れて人々が離れ離れになること。または、世の中が荒れ果てること。「乱離」は国が乱れて多くの人が離れ離れになること。
4級,力戦奮闘,りきせんふんとう,力の限り努力すること。または、全力で戦うこと。「力戦」は全ての力を注いで戦うこと。 「奮闘」は気力を振るって戦うこと。
4級,離合集散,りごうしゅうさん,離れては集まり、集まっては離れたりすること。または、協力したり対立したりすること。「離合」と「集散」はどちらも離れたり集まったりすることで、同じ意味の語を重ねて強調した語。「集散離合」ともいう。
4級,流連荒亡,りゅうれんこうぼう,家にも帰らず、仕事もせずに酒を飲んだり遊びにふけって無駄に日々を過ごすこと。「流連」は川遊びや山遊びに夢中になって帰るのを忘れること。「荒亡」は狩りをしたり、酒を楽しんだりして仕事をしないこと。
4級,良弓難張,りょうきゅうなんちょう,すぐれた才能をもつ人を使うことは難しいが、使いこなすことが出来れば非常に役に立つということ。「難張」は弓の弦を張ることが難しいこと。弓の弦を強く張るのは難しいが、張ることが出来れば素晴らしい威力を発揮できるという意味から。「良弓（りょうきゅう）張り難し」とも読む。
4級,良風美俗,りょうふうびぞく,美しく、素晴らしい風習や習慣。「風」と「俗」はどちらも習慣やしきたり。
4級,六十耳順,ろくじゅうじじゅん,六十歳になると、人の言葉をすぐに理解することができるようになり、異なる考えも素直に受け入れることができるということ。孔子が生涯を述懐して語った言葉。
4級,論旨明快,ろんしめいかい,議論や主張などの内容が分かりやすいこと。「論旨」は議論や主張などの内容。
4級,和敬清寂,わけいせいじゃく,茶道で主人と客が心を和らげて互いに敬い、茶室や茶器や雰囲気などを清らかで静かに保つこと。「和敬」は主人と客が互いに心を和らげ敬うこと。「清寂」は清らかで静かに保つこと。 千利休の茶道の精神を象徴する言葉。
3級,哀哀父母,あいあいふぼ,自分を生んで苦労を重ねてくれた父母の死を悼み、その恩に報いることができず哀しむこと。「哀哀（あいあい）たる父母」とも読む。
3級,哀糸豪竹,あいしごうちく,悲しい音をだす琴と、力強く明るい音をだす笛の見事な管弦は、人を感動させること。
3級,愛多憎生,あいたぞうせい,人並みはずれてかわいがられると、そのぶん周りのねたみを招くということ。恩が深すぎれば怨みが生まれ、愛が多すぎれば憎しみが生じる、という言葉から。「愛多ければ憎しみ生ず」とも読む。 「愛多憎至」ともいう。
3級,安穏無事,あんのんぶじ,何事もなく、世の中や暮らしが穏やかで安らかなさま。「無事安穏」ともいう。
3級,衣冠盛事,いかんせいじ,名門の家に生まれてさらに功績を上げた後に、家の名声を引き継ぐこと、またはその者のこと。「衣冠」は衣服と冠のことで名門、立派な家柄という意味。「盛事」は立派な事業や功績、盛大な事柄のこと。
3級,衣冠束帯,いかんそくたい,昔の貴族や官僚が公事で着用する礼装のこと。「束帯」は貴族や官僚が公事で着用する礼装のこと。「衣冠」は簡易化した礼装のこと。
3級,意気衝天,いきしょうてん,気力が天を衝くほど高く充実している様子。「意気」は気力や気概、「衝天」は天を衝くほど高いという意味。
3級,意気自如,いきじじょ,心の持ち方がいつも通りで平静な様子。「意気」は気力や気概、「自如」は動じない様子。
3級,意気揚揚,いきようよう,威勢がよく誇らしげに振る舞う様子。「揚揚」は非常に得意げな様子。
3級,異端邪説,いたんじゃせつ,少数派に信じられている正統ではない主張・学説・信仰などのこと。「異端」は多くの人には認められず、少数の人によって信じられている主張や学説、宗教などのこと。「邪説」は道理に外れた主張や学説のこと。 「邪説異端」ともいう。
3級,一栄一辱,いちえいいちじょく,人の世は、良いときもあれば悪いときもあるということ。「栄」は栄えること。 「辱」ははずかしめを受けること。
3級,一言芳恩,いちごんほうおん,ひと言声をかけてもらったことに対して感謝すること。また、その人を主人と仰ぐこと。 「芳恩」は人から受けた恩の敬称。
3級,一樹百穫,いちじゅひゃっかく,人材を育成することは、大きな利益につながるということ。また、大計を成功させるには人材の育成が必要であるということ。「一樹」は一本の木を植えること。 「百穫」は百倍の収穫の意。
3級,一諾千金,いちだくせんきん,決して裏切らない、一度約束したことは守らなければならないというたとえ。一度引き受けた約束には、千金同様の重みがあるということ。「一諾」は一度承知して、引き受けること。 「千金」は大金のたとえ。中国楚の季布は、一度承知して引き受けたことは違えることなく確実に果たしたため、季布に約束を引き受けてもらうことは千金を得るよりも価値があると言われていたという故事から。
3級,一了百了,いちりょうひゃくりょう,一つが解決すれば、すべてのことが解決すること。または、根本の一つから、全体を推測できること。「一」と「百」は初めと終わりの意味。 「了」は終わること。
3級,一喜一憂,いっきいちゆう,物事の状況が変化するたびに喜んだり心配したりすること。または、周りの状況に振り回されること。 「喜」はよろこぶこと。「憂」は心配すること。
3級,一騎当千,いっきとうせん,並外れた能力を持つ勇敢な人のこと。または、ずば抜けた能力や経験を持つ人のこと。「一騎」は一人の騎兵、「当千」は千人の敵と当たることで、一人で千人の敵と戦うことが出来るほど強いという意味から。
3級,一球入魂,いっきゅうにゅうこん,野球で、精神を集中して一球一球を投げること。「入魂」はものごとに魂を込めること。 野球から生まれた造語。
3級,一虚一実,いっきょいちじつ,"さまざまに変化して、予測が難しいことのたとえ。「一」は\""あるときは\""の意味。 「虚」はむなしいこと、消えること。「実」は満ちること、現れること。"
3級,一酔千日,いっすいせんにち,極めておいしい酒のこと。一杯飲むだけで心地よく酔い、そのまま千日眠り続けるという意味から。酒好きの劉玄石という人が、酒屋で千日酒という酒を買い、酔って眠ると家族に死んだと思われて葬られてしまった。飲酒の限度を言い忘れた酒屋の店主が、千日後を狙って劉玄石を訪ねたところ、既に埋められていた。店主が慌てて墓を暴くと劉玄石が、ちょうど目を覚ましたところだったという故事から。
3級,一銭一厘,いっせんいちりん,ほんの少しの金銭のこと。または、非常に少ないこと。「銭」と「厘」はどちらも昔の金銭の単位で、「銭」は一円の百分の一の単位、「厘」は一円の千分の一の単位。
3級,一超直入,いっちょうじきにゅう,迷いを乗り越えると、悟りの境地に至ることができるということ。「直入」はすぐに悟りを得ること。仏教の言葉で、煩悩を捨てさってしまえば、すぐに悟りを得ることができることを言う言葉。
3級,一敗塗地,いっぱいとち,勝負に完全に負けること。「塗地」は戦争で負けた兵士の内臓が地面に散乱して、泥まみれになること。二度と起き上がることができないほどの敗北をいう。「一敗（いっぱい）、地（ち）に塗（まみ）る」とも読む。
3級,意到筆随,いとうひつずい,文章を作るときに、思ったままに筆が進むこと。文章を書きたいと思う気持ちのままに筆が進むという意味から。「意（い）至りて筆（ふで）随（したが）う」とも読む。
3級,陰陰滅滅,いんいんめつめつ,雰囲気が暗く、陰気な気分になって元気がなくなる様子。「陰」は薄暗くて寂しい様子。 「滅」は活力がなくなっていく様子。「陰」と「滅」を重ねて強調した言葉。
3級,有財餓鬼,うざいがき,「餓鬼」は仏教語の餓鬼道に落ちて常に飢えに苦しむ亡者のことで、欲深く異常なほど金銭に執着する人のこと。
3級,運斤成風,うんきんせいふう,同じ人間とは思えないほどの素晴らしい技術。または、そのような技術を持っている職人。 「運斤」は手斧を振るうこと。「成風」は風を起こすこと。 手斧を振るって風を起こすという意味から。鼻の先に塗った白土を、石という名前の大工が、風を起こすほどの勢いで手斧を振るって、傷一つつけずに白土を落としたという故事から。「斤（きん）を運（めぐ）らし風を成す」とも読む。
3級,雲行雨施,うんこううし,天子の恩恵が広く行き渡ること。雲が動いて様々な場所で雨が降り、全てのものを潤すという意味から。「雲行（ゆ）き雨施（ほどこ）す」とも読む。
3級,雲散鳥没,うんさんちょうぼつ,そこに存在していた痕跡が完全に消え去る様子を表す言葉。雲が風に散るがごとく、鳥が飛び去るがごとく、完全に消え去ってしまうとの意から。
3級,雲翻雨覆,うんぽんうふく,人の心や、世間の人々の考えは変わりやすいことのたとえ。「翻」は手のひらを上に向けること。 「覆」は手のひらを下に向けること。手のひらを上に向ければ雲が発生して、手のひらを返せば雨に変わるということから、ほんの少しの時間で状況が全く別のものになるということ。「手を翻せば雲と作り手を覆せば雨」という言葉を略した言葉。「雲飜雨覆」とも書く。
3級,栄華秀英,えいかしゅうえい,草木の花の総称のこと。「栄」は草の花、「華」は木の花、「秀」は実を結ぶが花が咲かないもの、「英」は実を結ばないが花は咲くもののこと。
3級,英華発外,えいかはつがい,かくしていた美しくてすぐれた内面が、表に現れること。「英華」は美しい花や華やかな光のこと。 「発外」は表に出ること。
3級,栄枯盛衰,えいこせいすい,栄えたり衰えたりすること。または、繁栄しても衰退する人の世界の儚さのこと。「栄枯」は草木が茂ったり枯れたりすること。「盛衰」は盛んなことと衰えること。 「盛衰栄枯」ともいう。
3級,影隻形単,えいせきけいたん,誰一人として身内がいなくて孤独なこと。「形」は体のこと。 「隻」は一つのこと。体が一つ、影が一つという意味から。 「影隻形単」ともいう。
3級,英雄欺人,えいゆうぎじん,英雄人を欺くとも読み、傑出した能力を持つ人は常人の思いつかない奇抜な計略や行動をとるということ。
3級,円孔方木,えんこうほうぼく,物事が食い違っていて、上手く噛み合わないこと。「円孔」は円形の穴。「方木」は木を接合するときに、一方の穴にはめ込むための四角形の突起部分。四角形のほぞ。木を接合するときに、円形の穴に四角形のほぞを入れようとするという意味から。
3級,円転滑脱,えんてんかつだつ,角を立てることなく、物事を順調に処理すること。「円転」は、滑らかに転がるという意味から、物事が停滞することなく進むことのたとえ。「滑脱」は、状況に合わせて自在に変化するという意味から、手落ちのない応対をすること。
3級,延年転寿,えんねんてんじゅ,歳老いてもますます長生きすること。「転寿」はさらに長生きすること。元は仏教の言葉で、修行や仏の加護を受けることで寿命を延ばすという意味から。
3級,延陵季子,えんりょうのきし,中国の春秋時代の呉の季札のこと。「延陵」は中国の呉の地名。 「季」は兄弟の四男のこと。賢者の季札は、父親の呉王の寿夢の四男で、延陵を与えられて、見事にその地を治めたということから。
3級,遠慮近憂,えんりょきんゆう,これから先のことをしっかりと考えて行動しないと、突然切迫した心配事が起きるということ。「遠慮」は将来のことをしっかりと考えること。「近憂」は身近なところで起こる心配事のこと。「遠き慮り無ければ、必ず近き憂い有り」を略した言葉。
3級,応急措置,おうきゅうそち,その場をしのぐために行う仮の処置のこと。「応急」は急場しのぎ。 「措置」はうまく取り計らって処理すること。
3級,屋上架屋,おくじょうかおく,無駄なことを繰り返すことのたとえ。または、独創性のないことのたとえ。 「屋上」は屋根の上。「架屋」は屋根を架けること。 屋根の上に屋根を架けるという意味から。
3級,温厚篤実,おんこうとくじつ,心が温かく穏やかで、誠実な性格のこと。「温厚」は穏やかで情に厚いこと。 「篤実」はまじめで思いやりがあること。「篤実温厚」ともいう。
3級,温良篤厚,おんりょうとっこう,優しく穏やかで、思いやりがあること。「温良」は優しく穏やかなこと。 「篤厚」は情に厚いこと。孔子が儒教の基本経典の『詩経』を評した言葉で、詩は昔の純朴な民情で満ちていて、これが人に感動を与えて教化する力を持っていると説いたもの。
3級,海内無双,かいだいむそう,この世で、比べる人がいないくらい優れている人のこと。「海内」は世界や国内のこと。「無双」は二つとない、または比べることができないという意味。
3級,改頭換面,かいとうかんめん,見た目は変化しても中身が何も変わっていないこと。「改頭」は頭を新しいものに変えること。「換面」は顔を新しいものに換えること。「頭（こうべ）を改め面を換（か）う」とも読む。
3級,怪力乱神,かいりきらんしん,人の知識では理解することが出来ない、怪しく奇怪な現象や物事のこと。「怪」は奇怪な現象。 「力」は勇ましく、力が強いこと。「乱」は道徳に反することや社会の秩序を乱すこと。「神」は人が見ることの出来ない超人的な力を持つ存在、鬼神や神霊のこと。原文では「子は怪力乱神を語らず」とあり、理解できない奇怪なものは教訓にしないという孔子の姿勢を示す言葉。
3級,河魚腹疾,かぎょのふくしつ,内側から腐敗して、国などが崩壊していくこと。「腹疾」は内臓の病気のこと。 魚は内臓から腐り始めるという意味から。
3級,隔岸観火,かくがんかんか,他人の災難の手助けをしようとせず、ただ見物すること。「隔岸」は川の向こう岸のこと。 「観火」は火事を見ること。「対岸の火事」と同じ意味の言葉。元は兵法三十六計の第九計で、内乱などで敵が自滅するのを黙って待つ戦術のことをいう。「岸（きし）を隔てて火（ひ）を観る」とも読む。
3級,佳人才子,かじんさいし,理想的な男女のこと。「才子」はすぐれた才能の男性。 「佳人」は美しい女性。「佳人才子」ともいう。
3級,佳人薄命,かじんはくめい,美しい女性は運に恵まれずに不幸せなことが多いという意味。または、美しい女性は病気や事故などに遭いやすく、一生が短いことが多いという意味。「佳人」は容姿の美しい女性のこと。または、品格や知性のある女性のこと。「薄命」は短命なこと。運命に恵まれないこと。
3級,割鶏牛刀,かっけいぎゅうとう,ちょっとしたことに、無駄に大きな手段を使って処理すること。牛をさばくための牛刀を使って鶏をさばくという意味から。「鶏を割くに焉んぞ牛刀を用いん」を略した言葉。 「牛刀割鶏」ともいう。
3級,下陵上替,かりょうじょうたい,世の中が乱れている様子。「陵」は下のものを超えて上になるという意味。 「替」は衰えるという意味。下のものが、衰えた上のものを超えて上になるという意味で、下克上の世の中をいう。「下（しも）陵（しの）ぎ上（かみ）替（すた）る」とも読む。
3級,緩歌慢舞,かんかまんぶ,ゆったりとした調子で歌って舞うこと。「緩歌縵舞」とも書く。
3級,感慨無量,かんがいむりょう,計ることが出来ないほど、深く感じ入ること。「感慨」は深く心に感じて、しみじみとした気持ちになり、その気持ちにひたること。「無量」は計ることができないほどに量が多いこと。「感無量」という言葉はこれを略したもの。
3級,緩急自在,かんきゅうじざい,物事を思いのままに操ること。「緩急」は程度が弱いことと強いこと。または、遅いことと早いこと。「自在」は思ったとおりにできること。状況に合わせて程度や速度などを思い通りに操ることをいう。
3級,換骨奪胎,かんこつだったい,詩文の創作法の一つで、昔の人が作った詩文の表現や発想を取り入れ、それに自身の発想を加えて新しいものを作り出すこと。または、新しい技術や発想を加えて古いものを作り直すこと。または、外側が同じでも中身が違うことや、中身だけを取り替えること。現在では、他人の詩文を作り変えて自分の作品のように見せかけるという意味もあるが、本来は誤用。元は人が修行して仙人の体に生まれ変わるという意味の言葉で、それを詩文を創作することにたとえた言葉。「換骨」は凡骨を仙骨に換えること。「奪胎」は胎盤を奪い自分のものにするという意味から、昔の詩文の内容を手本にして作り変えること。「骨を換え胎を奪う」とも訓読する。 「奪胎」は「脱胎」とも書く。「奪胎換骨（脱胎換骨）」ともいう。
3級,冠婚葬祭,かんこんそうさい,祝いと弔いの儀式の総称。「冠」は成人式、「婚」は結婚式、「葬」は葬式、「祭」は法事や盆などの祖先の祭礼のこと。「婚」は「昏」、「葬」は「喪」とも書く。
3級,冠前絶後,かんぜんぜつご,他よりも、飛び抜けてすぐれていること。または、極めて珍しいこと。「冠前」は過去から今までで一番すぐれていること。「絶後」は今から未来にも現われないということ。「冠絶」と略して使うこともある言葉。中国の宋の徽宗帝が、唐の画家の呉道子を評した故事から。
3級,官尊民卑,かんそんみんぴ,政府や役人などの官営事業を尊んで、民間人や民間事業を卑しむこと。「官」は政府や役人のこと。 「民」は普通の人、民間人のこと。
3級,肝胆相照,かんたんそうしょう,お互いに心の奥深くまで理解しあっていて、打ち解け合っている関係のたとえ。「肝胆」は内臓の肝臓と胆嚢のことで、心の奥底のたとえ。肝臓と胆嚢のように近くて深い関係ということから。「肝胆（かんたん）相（あい）照らす」とも読む。
3級,管仲随馬,かんちゅうずいば,聖人の知恵を借りること。または、昔の人の経験を尊重することのたとえ。 「管仲」は中国の人の名前。「随」は従うこと。中国の春秋時代、名宰相といわれていた管仲は、戦いから帰るときに道に迷い、馬の知恵を借りようと馬を放ち、馬の後についていくと帰ることができたという故事から。「管仲（かんちゅう）馬（うま）に随（したが）う」とも読む。
3級,肝脳塗地,かんのうとち,戦場で無残な死に方をすることのたとえ。または、忠義を尽くすためならどんな犠牲も惜しまないことのたとえ。「肝脳」は内臓の肝臓と脳。 「塗地」は土でひどく汚れること。死体の内臓が土で汚れるという意味から。
3級,気炎万丈,きえんばんじょう,燃え上がる炎のように、他を圧倒するほどの意気込みのこと。「気炎」は燃え上がる炎のように盛んな意気込み。「万丈」は非常に高いことで「丈」は長さの単位。
3級,奇奇怪怪,ききかいかい,常識では考えることができないような不思議なこと。または、許せないくらいけしからぬこと。「奇」と「怪」はどちらも不思議なことという意味で、重ねて強調した言葉。「怪怪奇奇」ともいう。
3級,規制緩和,きせいかんわ,主に経済を発展させるために、産業や経済に関する制限を廃止したり、緩めたりすること。「規制」は物事の限界を決めて、それを越えないように守らせること、「緩和」は緩めること。
3級,奇怪千万,きっかいせんばん,いつもとは違っていて物凄く不気味なこと。または、酷く礼儀や道理にはずれていること。「奇怪」は不道徳や不思議、不気味ということ。
3級,喜怒哀楽,きどあいらく,「喜び」「怒り」「悲しみ」「楽しみ」といった、人間がもっているいろいろな感情のこと。
3級,季布一諾,きふのいちだく,確実に果たしてもらえると信じられる約束。「季布」は人の名前。楚の季布は一度約束を交わすと、確実にそれを果たしたという故事から。「季布」と略して用いることもある。
3級,脚下照顧,きゃっかしょうこ,他人の批判をする前に、自分の過去の言動を見つめ直してよく考えるべきであるという自己反省の教え。または、身近なことこそ気をつけるべきという戒め。 もとは禅宗の言葉。「脚下」は足もとのこと。 「照顧」は反省することや、しっかりと見ること。「照顧脚下」ともいう。
3級,九夏三伏,きゅうかさんぷく,夏の一番暑い時期のこと。「九夏」は夏の季節の九十日間。 「三伏」は初伏、中伏、末伏のこと。夏至以降の三回目の庚の日を初伏、四回目の庚の日を中伏、立秋の後の最初の庚の日を末伏という。
3級,虚往実帰,きょおうじっき,師匠や先生などから偉大な教えを受けること。「虚往」は頭の中を空にして出掛けること。「実帰」は十分に満たして帰ること。知識が全くない状態で出掛けて、出掛けた先でたくさんの教えを受け、十分に満たされて帰るという意味から。「虚（きょ）にして往（ゆ）き実（み）ちて帰る」とも読む。
3級,挙棋不定,きょきふてい,方針を決めずに、その場しのぎで対処すること。または、なかなか決断することができないこと。「挙棋」は囲碁の石をつまみあげること。「不定」はこれからどうするか決まっていないこと。囲碁の石を持ったが、どこに打つか決められないということから。「棋（き）を挙（あ）げて定まらず」とも読む。
3級,虚気平心,きょきへいしん,心を空にして落ち着けること。「虚気」は感情をなくすこと。 「平心」は心を落ち着けること。「気を虚（むな）しくして心を平らかにす」とも読む。
3級,虚虚実実,きょきょじつじつ,互いに策略の全てを出して、全力で戦うこと。または、嘘と真を混ぜ合わせながら、互いに腹の内を探り合うこと。「虚」は相手の弱い部分、「実」は相手の強い部分。強い部分を避けて、弱い部分を攻めるということから。「虚」と「実」をそれぞれ重ねて意味を強調した言葉。「虚々実々」とも書く。
3級,虚実皮膜,きょじつひまく,芸術は、虚構と現実の境界にあるということ。「虚実」は虚構と現実。「皮膜」は皮膚と薄皮ということから、区別できないほどのほんの少しの違いという意味。日本の江戸時代、浄瑠璃の作者の近松門左衛門が唱えた芸術論で、虚構と現実の境界にこそ真の芸術はあるとする論。「皮膜」は「ひにく」とも読む。
3級,挙措失当,きょそしっとう,対処の方法や振る舞いが間違っていること。「挙措」は立ち居振る舞いや態度のこと。 「失当」は適切ではないこと。「挙措（きょそ）、当を失す」とも読む。
3級,挙措進退,きょそしんたい,日常生活の立ち居振る舞いのこと。「挙措」は手を上げ下げするという意味から、立ち居振る舞いのこと。「進退」は進むことと退くことという意味から、立ち居振る舞いのこと。
3級,器用貧乏,きようびんぼう,何でも人並み以上にうまいために、色々なことに手を出してしまい、どれも中途半端となり極めることができないこと。または、そのような器用さを都合よく利用され、個人としての実績を上げることが出来ないこと。
3級,岐路亡羊,きろぼうよう,進路や方針が多すぎて何を選ぶべきかわからなくなること。または、学問の道が細かく分かれすぎていて、学問の根本を捉えにくいことのたとえ。「岐路」は分かれ道のこと。 「亡羊」は羊を見失うこと。羊が逃げ出し、大勢の人で追いかけたが分かれ道が多く、逃げられてしまったという話を聞いた楊朱は、学問も同じように様々なものに分かれすぎていて、それぞれ根本の部分は同じなのにそれを忘れ、理解できなくなっていると言ったという故事から。
3級,勤倹力行,きんけんりっこう,しっかりと働いて、質素に暮らしながら力の限り努力すること。「勤倹」はよく働いて、無駄遣いをしないようにすること。「力行」は力の限り努力すること。
3級,金殿玉楼,きんでんぎょくろう,立派で美しい豪華な建物のこと。「金殿」は金で飾った建物のこと。 「玉楼」は宝石で飾った建物のこと。「玉楼金殿」ともいう。
3級,牛刀割鶏,ぎゅうとうかっけい,ちょっとしたことに、無駄に大きな手段を使って処理すること。牛をさばくための牛刀を使って鶏をさばくという意味から。「鶏を割くに焉んぞ牛刀を用いん」を略した言葉。 「牛刀割鶏」ともいう。
3級,空中楼閣,くうちゅうのろうかく,土台のない蜃気楼で現れた建物という意味から、根拠がなく現実的ではない考えや議論のこと。
3級,苦口婆心,くこうばしん,相手のことを思い、口を苦くして何度も教えさとすこと。「苦口」は口を苦くするという意味から厳しい助言。「婆心」は慈愛溢れる老女のような心のこと。
3級,愚公移山,ぐこういざん,大きなことでも、根気よく努力し続ければ必ず成功することのたとえ。愚公という老人の家の前に二つの大きな山があり、どこに行くにも迂回しなければいけなかった。不便なので山を切り崩し、平にしようとしたときに嘲笑するものもいたが、何代にも渡ってやれば出来ると山を崩し始めた。愚公の熱意を感じた天帝が二つの山を移した故事から。
3級,愚者一得,ぐしゃのいっとく,愚かな人でもたまには優れた名案を出すこと。自分の意見を出すときに謙遜の表現としても用いることがある。
3級,愚問愚答,ぐもんぐとう,意味のない問答のこと。つまらない質問と愚かな答えという意味から。
3級,群軽折軸,ぐんけいせつじく,小さな力でも、多く集まれば大きな力になることのたとえ。「群」は多いことや多くの人、「軸」は車の軸のことで、軽いものでも数が多ければ重くなって、車の軸は折れるという意味から。「群軽（ぐんけい）軸（じく）を折る」とも読む。
3級,鶏口牛後,けいこうぎゅうご,大きな組織に入って上の人に付き従い言いなりになるより、小さな組織だとしても上に立つほうがよいということ。「鶏口」は鶏の口ばしのことで、小さな組織の長という意味。「牛後」は牛の尾のことで、大きな組織の末端という意味。戦国時代、蘇秦が韓王に秦の属国になるより、たとえ小国だとしても一国の王のほうがよいと説得した故事から。「寧（むし）ろ鶏口と為（な）るも、牛後と為（な）るなかれ」の略。
3級,刑故無小,けいこむしょう,故意の犯罪には大も小もないので、小さな罪であっても刑罰を与えるべきであるということ。「故」は故意に犯した犯罪のこと。
3級,形単影隻,けいたんえいせき,誰一人として身内がいなくて孤独なこと。「形」は体のこと。 「隻」は一つのこと。体が一つ、影が一つという意味から。 「影隻形単」ともいう。
3級,軽慮浅謀,けいりょせんぼう,思慮の欠けた考えや作戦。「軽慮」は軽はずみな考え。 「浅謀」はあまり考えられていない計画や作戦。
3級,血脈貫通,けつみゃくかんつう,文章の構成に初めから最後まで一貫性があり、統一されていること。血液の流れが体の全てに行き渡るという意味から。
3級,堅甲利兵,けんこうりへい,強大な戦力を持つ軍隊のこと。「堅甲」は丈夫な鎧、「利兵」は鋭い武器。
3級,権謀術数,けんぼうじゅっすう,他人を騙しておとしめる策略のこと。「権謀」は状況にあわせた策略。 「術数」は策略のこと。特に、社会や組織などの集団の中において、他者をおとしめることで自分にとって都合がいい状況になるように仕向けて、地位や評価を上げる策略のこと。
3級,賢良方正,けんりょうほうせい,賢くて行いが正しいということ。または、中国の漢や唐の時代以降に行われた、官吏を登用するときの試験の科目の名前。「賢良」は賢くて素直なこと。 「方正」は行いが正しいという意味。
3級,鯨飲馬食,げいいんばしょく,一度の食事で非常に多くのものを食べたり飲んだりすること。「鯨飲」は鯨のように多量に飲むこと。「馬食」は馬のように多量に食べること。
3級,激濁揚清,げきだくようせい,悪を取り除き、善を勧めること。「濁」は濁った流れことで、悪のたとえ。「清」は清らかな水のことで、善のたとえ。悪を激流に流して、善を上に押し上げるという意味から。「濁（だく）を激（げき）して清（せい）を揚（あ）ぐ」とも読む。「揚清激濁」ともいう。
3級,巧言乱徳,こうげんらんとく,口先だけのきれいごとは、人の心を惑わして徳を乱すことになるという意味。「巧言」は相手に気に入られるように飾った言葉。 「乱徳」は徳を乱すこと。中身のない口先だけの言葉は、人を惑わし、自身の信頼を失って、人の道を誤らせるという意味から。「巧言（こうげん）は徳を乱（みだ）る」とも読む。
3級,巧言令色,こうげんれいしょく,心のこもっていない言葉や取り繕った表情などで、相手に気に入られようとすること。「巧言」は相手に気に入られるために飾った言葉。「令色」は表情を愛想良く飾ること。
3級,光彩奪目,こうさいだつもく,とても鮮やかで、目を見開いてみとれるほど美しいこと。「奪目」は目を奪うという意味から、見とれさせること。「光彩（こうさい）目を奪う」とも読む。
3級,高材疾足,こうざいしっそく,優れた才能と能力があることのたとえ。または、そのような人のことのたとえ。 「高材」は優れた才能があること。「疾足」は速く走ることが出来ること。 「高才疾足」とも書く。
3級,好事多魔,こうじたま,よい出来事には邪魔が入ることが多いということ。「魔」は邪魔や災難、災いのこと。男女の交際などで邪魔が入ったり、もめごとが起きたりしてうまくいかないことをいうこともある言葉。「好事（こうじ）魔（ま）多し」とも読む。 「好事多磨」とも書く。
3級,功成名遂,こうせいめいすい,大きな功績を上げて、世間からの評価が上がること。「功成り名を遂ぐ」の形で用いることが多い言葉。
3級,孔席墨突,こうせきぼくとつ,休む暇もないほど忙しく駆けまわること。「孔」は儒家の孔子。 「席」は座席。 「墨」は思想家の墨子。「突」は煙突のこと。孔子や墨子は、道を説くために忙しく諸国を回るために、座席が暖まるほど座ることもなく、煙突に煤（すす）がつくほどかまどを使うこともないということから。「孔席暖まらず墨突黔まず」を略した言葉。
3級,考績幽明,こうせきゆうめい,成績を調べて、愚かな者を退けて、賢い者を昇進させること。「考績」は官吏の成績を調べること。 「幽明」は愚かな者と賢い者のこと。
3級,黄中内潤,こうちゅうないじゅん,才能や徳を外側に出すことなく、人知れず内側に持っていること。易経の五行説の言葉で、五色の色は青、赤、黄、白、黒という順番になるということから、「黄」は中央という意味。「中」は中庸の徳のこと。「黄中」は人としての徳が内側に満たされていること。「内潤」は内側にあるつやや、輝きという意味から、才能や徳のことをいう。
3級,功徳兼隆,こうとくけんりゅう,素晴らしい功績があり、それに見合った人徳があること。「功徳」は功績と人徳。 「兼隆」は盛んな様子。中国の唐の皇帝の太宗を褒め称えた言葉から。
3級,黄道吉日,こうどうきちにち,何をしても上手くいく、よい日。吉日。「黄道」は地球から見た太陽が移動するように見える軌道。陰陽道の言葉で、全てがうまくいくとされている日のこと。
3級,高論卓説,こうろんたくせつ,この上なくすぐれた意見や議論のこと。「高論」は程度が非常に高い議論。 「卓説」はすぐれた意見。他人の意見や議論を敬っていう言葉。
3級,黒歯彫題,こくしちょうだい,黒い色に染めた歯と入れ墨をした額のこと。「題」は額のこと。 古代中国の南方にいた異民族の風習。「彫題」は「雕題」とも書く。 「彫題黒歯（雕題黒歯）」ともいう。
3級,国士無双,こくしむそう,国の中で最もすぐれている人のこと。「国士」は国の中で最もすぐれている人のこと。「無双」は比べるものが存在しないこと。古代中国、蕭何という人物が「韓信は国士無双の人物」といって韓信のことを劉邦に推薦した。その話を聞いた劉邦は韓信を指揮官（大将軍）に登用し、後に天下を取ったという故事から。
3級,孤苦零丁,こくれいてい,社会的地位や身分、財産などを失い、身寄りもなく苦労すること。「零丁」は落ちぶれて身寄りのないこと。「孤苦」は親がいなくて苦労すること。晋の李密が武帝からの任官を辞退するときの上奏文で使われた言葉。「孤苦零丁」ともいう。
3級,孤軍奮闘,こぐんふんとう,援軍が来ることを期待できない状態で必死に戦うこと。または、他人の手助けを受けることなく、難しい仕事をこなすために一人で必死に努力すること。「孤軍」は味方から離れ、援軍が期待できない状態にある、少数の部隊のこと。「奮闘」は全力を出して戦うこと。味方から孤立し援軍も期待できない小数の部隊が、全力で敵軍と戦うという意味から。
3級,古今無双,ここんむそう,過去から現在まで、比べるものが存在しないほどすぐれていること。「古今」は過去から現在までということ。「無双」は匹敵するものがないということ。
3級,枯樹生華,こじゅせいか,ひどく困難なことの最中に、その状況を抜け出す方法を見出すこと。または、歳をとって衰えた老人に生気が戻ること。枯れた木に花が咲くということから。元は真心が相手に通じることをたとえた言葉。「枯樹（こじゅ）華（はな）を生ず」とも読む。 「枯樹生花」とも書く。
3級,孤城落日,こじょうらくじつ,繁栄していたものの勢いが衰えて、助けてくれるものもなく寂しい様子。「孤城」は援軍が来ない城のこと。 「落日」は西に沈む日のこと。孤立していて助けもなく、攻め落とされる寸前の城が夕日に照らされていてさびしい様子をいう。
3級,克己復礼,こっきふくれい,欲望や感情に打ち勝ち、礼儀にかなった言動をすること。「克己」は自分の欲望、感情に打ち勝つこと。「復礼」は礼の本質に立ち返り、礼の道に従うこと。顔淵が師である孔子に「仁」について聞くと、「己に克ちて礼に復す」と答えたという故事から。
3級,刻苦勉励,こっくべんれい,苦労しながらも、全力で仕事や勉強に励むこと。「刻苦」は自分の身を刻むような苦労をすること。「勉励」は仕事や勉学に務め励むこと。
3級,鼓舞激励,こぶげきれい,人を励まして奮い立たせること。「鼓舞」は鼓を打って舞うということから、励まして元気付けること。「激励」は励まして元気付けること。 同じ意味の言葉を重ねて強調した言葉。
3級,孤峰絶岸,こほうぜつがん,文章や詩などが、他と比べて飛びぬけてすぐれていること。「孤峰」は他よりも一つだけ高い峰。 「絶岸」は険しい岸壁。
3級,孤立無援,こりつむえん,たった一人で、誰かの助けも期待できないこと。「無援」は助けがないという意味。 「無援孤立」ともいう。
3級,困苦欠乏,こんくけつぼう,生活に必要なものが足りないほどに生活が苦しいこと。「欠乏」は必要なものが足りないこと。
3級,才子佳人,さいしかじん,理想的な男女のこと。「才子」はすぐれた才能の男性。 「佳人」は美しい女性。「佳人才子」ともいう。
3級,載舟覆舟,さいしゅうふくしゅう,「載舟」は船を浮かべる、「覆舟」は船が転覆することで、船を浮かせるのも転覆させるのも水という意味から、君主は人民に支えられ、人民によって滅ぼされるということ。または、人は敵になることもあれば、味方になることもあるということ。
3級,砂上楼閣,さじょうのろうかく,物事が長く続かないこと。または、実際に出来る可能性が全くない計画のこと。「楼閣」は立派な建物のこと。砂の上に立てた立派な建物は、地盤が弱くすぐに崩れるという意味から。
3級,三綱五常,さんこうごじょう,儒教の言葉で、人として守るべき道徳と、常に行うべき道義のこと。「三綱」は主君と臣下、父親と子、夫と妻の間の三つの道徳のこと。「五常」は仁、義、礼、智、信の常に行うべき五つの道義のこと。
3級,三人文殊,さんにんもんじゅ,平凡な人でも、三人で知恵を出し合えば何かよい考えが出るものだということ。「文殊」は知恵をつかさどるとされる文殊菩薩のこと。普通な人でも三人で考えを出し合えば、文殊菩薩と同等以上の考えが浮かぶという意味から。「三人寄れば文殊の知恵」を略した言葉。 「三人文珠」とも書く。
3級,四海同胞,しかいどうほう,人と接するときにまごころと礼儀を持てば、人は兄弟のように親しくなれること。または、親しくするべきだということ。「四海」は四つの方向の海のことから全世界という意味。
3級,子建八斗,しけんはっと,優れた才能を激賞した言葉。「子建」は魏の曹植という人物の字（あざな）。「八斗」は量の単位のことで、十斗で一石。宋の謝霊運が「天下が一石の才とするならば曹植の詩の才は八斗を得る」と激賞した故事から。
3級,試行錯誤,しこうさくご,試みと失敗を何度も繰り返して、問題の解決に近づけていくこと。
3級,士魂商才,しこんしょうさい,実業家や商人の理想や心構えのことで、武士の魂と商売の才能のどちらも持つこと。「士魂」は武士の魂。 「商才」は商売の才能。
3級,刺字漫滅,しじまんめつ,「刺字」は名刺の文字のことで、それがすれて読めなくなるという意味から、長い間、人を訪問していないこと。
3級,視聴言動,しちょうげんどう,見る、聞く、言う、行動するの四つのことで、この四つの礼儀にかなうよう慎むこと。顔淵が孔子に仁について尋ねると、「礼に基づかないものは見ても聞いても言っても行動してもいけない」と答えた故事から。
3級,失望落胆,しつぼうらくたん,夢や希望が無くなって落ち込むこと。「失望」は夢や希望を失うこと。「落胆」は期待通りにならずにがっかりすること。 「落胆失望」ともいう。
3級,雌伏雄飛,しふくゆうひ,活躍する機会を待ちながら人に付き従い、機会が到来すると大いに活躍すること。「雌伏」は雄鳥に雌鳥が従うという意味から、将来の活躍を待ちながら人に従うということ。「雄飛」は雄鳥が高く羽ばたくように、雄雄しく飛び立つこと。
3級,四分五裂,しぶんごれつ,国や秩序などが乱れてまとまりがなくなり、ばらばらに分裂すること。
3級,車載斗量,しゃさいとりょう,量や数が多すぎて全てを量ることができないこと。車に載せて、ますで量るほど多いという意味から。
3級,終始一貫,しゅうしいっかん,初めから終わりまで言動や態度を貫き通すこと。
3級,取捨選択,しゅしゃせんたく,必要なものだけを取って、不必要なものを捨てること。または、よいものだけを取って、悪いものを捨てること。「取捨」の「取」は取ること、「捨」は捨てること。「選択」は複数のものの中から、悪いものを避けてよいものを決めること。取るものと捨てるものを選ぶという意味の言葉。
3級,殊塗同帰,しゅとどうき,手段や方法など道筋は違っていても、結果や結論は同じところにたどり着くこと。「殊塗」は異なる道筋のこと。「同帰」は同じところに状態や結果が落ち着くこと。 「同帰殊塗」ともいう。
3級,首尾一貫,しゅびいっかん,最初から最後まで、態度や方針を変えずに貫き通すこと。「首」は頭という意味。「首尾」は頭から尾までのこと。転じて、始めから終わりまでという意味。「一貫」は貫き通すこと。
3級,証拠隠滅,しょうこいんめつ,真実を証明できるものを隠したり、消したりすること。「隠滅」は目に付かないようにしたり、消したりすること。主に裁判のときに不利になるようなものを失くすことをいう。
3級,焦心苦慮,しょうしんくりょ,色々なことを心配して、考え苦しむこと。「焦心」は悩み苦しむこと。 「苦慮」は色々なことを心配して悩むこと。
3級,生者必滅,しょうじゃひつめつ,生きている人はいつか必ず死ぬということ。仏教の言葉で、人の一生が儚いということをいう。会者定離と対にして使われることが多い言葉。
3級,相如四壁,しょうじょしへき,貧しいことのたとえ。 「相如」は人の名前。中国の司馬相如は、若い頃貧しい生活をしていて、部屋の中には家具等が何もなく、四方は壁だけしかなかったという故事から。
3級,諸説紛紛,しょせつふんぷん,色々な意見や、説が入り乱れていてまとまらないこと。または、根拠のない説が入り乱れていて、正しいことがわからないこと。「諸説紛々」とも書く。
3級,職権濫用,しょっけんらんよう,自分の立場に与えられた権限を、本来の目的から外れて使うこと。「職権」は職務のうえで認められている権限。「濫用」は良し悪しを考えずにむやみに使うこと。 「職権乱用」とも書く。
3級,支離滅裂,しりめつれつ,まとまりがなく、ばらばらであること。「支離」と「滅裂」はどちらもばらばらになるという意味。似た意味の言葉を重ねて強調したもの。
3級,神算鬼謀,しんさんきぼう,人が考えたとは思えないほどにすぐれた策略のこと。「算」と「謀」はどちらも策略のこと。神や鬼神が考えた策略という意味から。
3級,深山幽谷,しんざんゆうこく,人里から遠く離れ、誰も足を踏み入れたことがないような深く静かな自然の地のこと。「深山」は人里から遠く離れた奥深い山のこと。「幽谷」は山奥の静かな谷のこと。
3級,進取果敢,しんしゅかかん,自身の意思で積極的に取り組み、大きな決断力を持って、失敗を恐れずに取り組むこと。「進取」は積極的に物事に取り組むこと。「果敢」は恐れずに大胆に行うこと。
3級,神出鬼没,しんしゅつきぼつ,自由に現れたり隠れたりすること。または、何の兆しもなく、突然現れたり隠れたりすること。または、自在に出没するため、所在がわからないこと。「神出」は神が現れること。 「鬼没」は鬼神が消えること。自在に出没する様子を神や鬼神にたとえた言葉。
3級,薪尽火滅,しんじんかめつ,人が死ぬこと。 「薪尽」は薪が無くなること。「火滅」は火が消えること。元は仏教の言葉で、釈迦の入滅のことをいい、そこから人の死をいう。「薪（たきぎ）尽きて火（ひ）滅ぶ」とも読む。
3級,新陳代謝,しんちんたいしゃ,古いものが新しいものへと入れ替わること。「新」は新しいもの。「陳」は古いもの。 「代謝」は入れ替わること。本来は、生物が生きていくために必要なものを取り入れ、不必要なものを排出することをいう言葉であるが、会社や組織などの若返りのことを言う場合もある。
3級,心頭滅却,しんとうめっきゃく,気を散らすような考えを消し去ること。または、集中してことにあたれば、苦しさを感じないということ。「心頭」は心の中。胸の内。 「滅却」は何も残らないように全て無くすこと。「心頭を滅却すれば火もまた涼し」を略した言葉で、禅僧の快川が織田信長に寺を焼き討ちにされた際、燃え上がる山門でこの句を唱えたという故事から。
3級,深謀遠慮,しんぼうえんりょ,深く考えをめぐらせて、遠い先の未来のことを見通して、手抜かりのない計画を立てること。また、その計画のこと。「深謀」は欠陥がないようにしっかり考えられた計画。「遠慮」は遠い先のことをしっかりと考えること。 「遠慮深謀」ともいう。
3級,深慮遠謀,しんりょえんぼう,遠い先の未来のことに深く考えをめぐらせて、手抜かりのない計画を立てること。または、その計画そのもののこと。「深慮」は欠陥がないようにしっかり考えられた計画。「遠謀」は将来のことを見通してしっかりと考えること。「遠謀深慮」ともいう。
3級,辛労辛苦,しんろうしんく,ひどく辛い苦労をすること。「労苦」という言葉に、「辛」を加えて強調した言葉。「辛労」は「心労」とも書く。 「辛苦辛労（辛苦心労）」ともいう。
3級,事後承諾,じごしょうだく,事が終わった後で許可を得ること、または与えること。
3級,時代錯誤,じだいさくご,時代の流れとは合わない古臭い考えのこと。「錯誤」は間違ったことを正しいと思い込むこと。
3級,自暴自棄,じぼうじき,やけになって、もうどうなってもいいと将来の希望を捨てたり、投げやりな行動をすること。「自暴」はやけくそで自分を損なうこと。 「自棄」は自分を見捨てること。
3級,慈母敗子,じぼはいし,教育には優しさだけではなく、時には厳しさが必要なこと。「慈母」は愛情が深い母親、「敗子」は道楽息子のこと。甘やかしすぎるとわがままで親不孝な道楽息子になるという意味。
3級,寂滅為楽,じゃくめついらく,仏教語で煩悩を滅した悟りの境地に、真の安楽があるということ。「寂滅」は「涅槃（ねはん）」と同じ意味で、煩悩を滅した悟りの境地、「為楽」は楽しみをなすという意味。
3級,邪説異端,じゃせついたん,少数派に信じられている正統ではない主張・学説・信仰などのこと。「異端」は多くの人には認められず、少数の人によって信じられている主張や学説、宗教などのこと。「邪説」は道理に外れた主張や学説のこと。 「邪説異端」ともいう。
3級,寿則多辱,じゅそくたじょく,長く生きることは、それだけ恥を晒すことが多くなるということ。「寿（いのちなが）ければ則（すなわ）ち辱（はじ）多し」とも読む。
3級,受胎告知,じゅたいこくち,妊娠したことを知らせること。キリスト教で天使ガブリエルが、聖母マリアの元へキリストを妊娠したことを告げた出来事から。
3級,順風満帆,じゅんぷうまんぱん,特に問題が起きることなく、思い通りに物事が進んでいくこと。「順風」は追い風。 「満帆」は船の帆をいっぱいに張ること。船の帆が追い風を受けていっぱいに張り、順調に進んでいくという意味から。
3級,仁者不憂,じんしゃふゆう,仁徳が備わった人は、常に人としての正しい行いをするので、悩むことがないということ。「仁者」は仁徳が備わっている人、仁徳者。「不憂」は悩んだり、不安になったりしないこと。「仁者（じんしゃ）は憂（うれ）えず」とも読む。
3級,水随方円,すいずいほうえん,民の善悪は政治を行うものによって感化されるということ。または、人は環境や人間関係次第で、善悪のどちらにも感化されるということ。「随」は従うこと。「方円」は四角いものと円いもの。水は容器の形に従って、四角にでも円にでもなるという意味。
3級,酔生夢死,すいせいむし,これといって価値あることを成し遂げぬまま、むなしく一生を終えること。酒に酔ったような心地で日を送り、夢の中にいるかのように定まらぬまま死を迎える意で、生きる意義を自ら省みることなく、ただ歳月に流されていく生き方をいう。
3級,水村山郭,すいそんさんかく,水辺の村と山里という意味。元は中国の江南地方ののどかな農村を表現した言葉。「水村」は江南地方の小運河が多い村のこと。「郭」は町を囲う城郭のことから「山郭」は山際の集落という意味。
3級,寸善尺魔,すんぜんしゃくま,世の中には悪いことが多く、善いことは少ないことのたとえ。または、よいことがあっても、悪いことに邪魔されてうまくいかないということ。「寸」と「尺」は長さの単位で、「寸」は「尺」の十分の一の単位。
3級,随感随筆,ずいかんずいひつ,感じることをそのまま文章に書くこと。またはその文章。「随感」は感じることをそのままにということ。「随筆」は筆のむくままにという意味。
3級,随機応変,ずいきおうへん,状況の変化に応じて対処する方法を適切にかえること。「応変」は変化に応じて対処すること。
3級,随類応同,ずいるいおうどう,人それぞれの性格や能力に合わせて指導すること。「随類」は種類ごとに合わせること。 「応同」は同じ仲間に応えること。元は仏教語で、相手の素質や能力に合わせて、菩薩が理解できるように仏の教えを説くことをいう。「類（るい）に従（したが）い同（どう）に応ず」とも読む。
3級,生殺与奪,せいさつよだつ,他人を好きなように支配すること。絶対的な権力のことで、生かすも殺すも与えるも奪うも好きなようにできるという意味。
3級,清聖濁賢,せいせいだくけん,酒の異名。「聖」は聖人、「賢」は賢者のことで、曹操が禁酒令を出したときに、清酒のことを聖人とよび、濁り酒のことを賢人とよんで、見つからないように飲んでいたという故事から。
3級,清淡虚無,せいたんきょむ,静かで落ち着いて、わだかまりなどがなにもなく、欲の少ない心。「清淡」は心が清らかでさっぱりしていること。「虚無」は何もない状態ということから、物欲がないという意味。
3級,清廉潔白,せいれんけっぱく,心が清らかで、良心に恥じるようなことがまったくないこと。「清廉」は清く正しいこと。「潔白」は心や行いにやましいことや汚れがないこと。
3級,世運隆替,せうんりゅうたい,世の中の情勢が、時代の流れと共に盛んになったり、衰えたりすること。「世運」は世の中の流れ、時代のなりゆき。「隆替」は勢いがよくなったり、弱くなったりすること。
3級,赤心奉国,せきしんほうこく,私心を捨て、まごころから国のために尽くすこと。「赤心」はいつわりのない心、まごころ。 「奉国」は国に身をささげること。北斉の重臣楊愔は、幼い君主を守るために力を持ちすぎた皇族をおさえようとして、その皇族に捕らえられた。天子を尊び、諸侯の力を削り、まごころから国に尽くしてきた自分がこんな目にあういわれはない、と訴えたという故事から。
3級,節倹力行,せっけんりっこう,がんばって節約すること。「節倹」は節約と倹約のことで、無駄遣いしないこと。「力行」は努力して物事を行うこと。
3級,摂取不捨,せっしゅふしゃ,この世に生きているもののことを、仏が決して見捨てることなく救うこと。「摂取」は仏がこの世で生きているものを救うこと。「不捨」はどんな生き物のことも、仏は決して見捨てないということ。
3級,潜移暗化,せんいあんか,環境や周りの人の影響を受け、気が付かないうちに性質や考え方が変わること。「潜」と「暗」はひそかに、知らないうちにという意味。「移」と「化」は影響を受けて変化するという意味。「潜（ひそ）かに移り暗（あん）に化（か）す」とも読む。
3級,千呼万喚,せんこばんかん,大きな声で繰り返し呼びかけること。「千」と「万」は数が多いことのたとえ。 「呼」と「喚」は叫び呼ぶこと。
3級,潜在意識,せんざいいしき,自覚していない、心の奥の深い部分に隠れている意識。「潜在」は表に表れずに、奥深くに存在していること。
3級,千載一遇,せんざいいちぐう,千年に一度あるかないかの絶好の機会のこと。「千載」は千年という意味。「載」は年のこと。 「一遇」は一度出会うこと。
3級,千辛万苦,せんしんばんく,色々な苦しみや困難のこと。または、たくさんの苦労を経験すること。「千」と「万」は数が多いことのたとえ。 千万の苦労をするということから。
3級,千乗万騎,せんじょうばんき,膨大な量の車と騎馬のこと。または、規模が大きく、堂々とした行列のこと。「千」と「万」は数が非常に多いことのたとえ。「乗」は兵車を数える単位で、一つの兵車には兵が百人ついたとされている。「騎」は騎馬のこと。 権力者、特に天子の行列のことをいう。
3級,先憂後楽,せんゆうこうらく,政治家は、人々よりも先に国のことを心配し、人々が楽しんだ後で自身も楽しむべきだということ。政治を行う者の心得を説く言葉。また、先に苦労したり心配事をなくしたりしておけば、後で楽ができるという意味で用いられることもある。「天下の憂いに先んじて憂い、天下の楽しみに後れて楽しむ」という北宋の范仲淹が言った言葉を略したもの。東京都と岡山県にある日本庭園「後楽園」の語源。
3級,是生滅法,ぜしょうめっぽう,生きているものは、いずれは確実に死ぬということ。仏教の言葉で、この世に存在するもので変化しないものはなく、生きているものは確実に滅びるという考え方。
3級,絶巧棄利,ぜっこうきり,人によって作られた便利な機械を捨てて、自然の生活に戻ること。「絶巧」は人の力で技巧を凝らした道具を捨てること。「棄利」は人の力で便利に作られた道具を捨てること。「巧（こう）を絶ち利（り）を棄（す）つ」とも読む。
3級,全身全霊,ぜんしんぜんれい,体と心の全て。または、体力と精神力の全て。「霊」は心のこと。 「全霊」は心の全て、精神力の全てという意味。
3級,前覆後戒,ぜんぷくこうかい,先人の失敗を学び、今の戒めにすること。「覆」はひっくり返った車の残した車輪の跡のこと。先に通った車のひっくり返った車輪の跡を見て、同じようにならないようにその場所を通らないようにするという意味から。
3級,粗衣粗食,そいそしょく,貧しい暮らしや質素な生活という意味。「粗衣」は粗末な衣服のこと。 「粗食」は粗末な食事のこと。
3級,双宿双飛,そうしゅくそうひ,夫婦の仲がとてもよいこと。「双」は対になっているものということから夫婦のことで、雌雄の鳥が共に生活して共に飛ぶという伝説から。
3級,騒人墨客,そうじんぼっかく,"詩や書画を創作する風流な人のこと。「騒人」は""離騒""の作者である楚の詩人の屈原、または屈原から学んだ者たちのこと。転じて、詩人という意味。「墨客」はすぐれた詩や書画を創作する人。"
3級,粗製濫造,そせいらんぞう,質の低い製品を、無計画にたくさん作ること。「粗製」は粗末な製品のこと。 「濫造」はむやみにたくさん作ること。「粗製乱造」とも書く。
3級,大安吉日,たいあんきちじつ,物事を行うのに最も縁起がよいとされる日。「大安」は陰陽道の六輝の一つ。
3級,大義滅親,たいぎめっしん,"国や君主の正義を貫くためには、親や兄弟などの身内すらかえりみないこと。「大義」は人として大切な道義。 「親」は親や兄弟などの身内。春秋時代に衛の州吁と石厚が、共謀して君主を殺し王位を奪ったが、民心をつかむことができなかった。石厚の父親「石碏」は石厚に""陳の国に助けを求めよ""と命じ、その裏で陳王に「君主を殺したものを処刑してほしい」と伝えた。州吁と石厚は陳王に処刑され、正義を貫くために自分の子供の命すらかえりみなかった石碏は民に純臣として賞賛されたという故事から。"
3級,滞言滞句,たいげんたいく,言葉にばかりこだわって、真理を理解することができないこと。「滞」はこだわるという意味で、仏教語で仏典の言葉の解釈ばかりこだわることを戒めたもの。
3級,大処着墨,たいしょちゃくぼく,物事の一番重要な部分から取り掛かること。「大処」は最も大切なところ、「着墨」は墨をつけるという意味から、書き始めるという意味。文章や絵を書くときに、一番大切な要所から書き始めるという意味から。「大処（たいしょ）より墨を着く」とも読む。
3級,大声疾呼,たいせいしっこ,大きな声で思いっきり呼ぶこと。「疾呼」は激しい声で呼ぶこと。
3級,大法小廉,たいほうしょうれん,全ての家臣が忠義を尽くし、清く正しいこと。臣下の心得をいう言葉で、「大法」は大臣が法律を守ること、「小廉」は身分の低い臣下、小臣が清廉に仕えること。
3級,多岐亡羊,たきぼうよう,進路や方針が多すぎて何を選ぶべきかわからなくなること。または、学問の道が細かく分かれすぎていて、学問の根本を捉えにくいことのたとえ。「多岐」は分かれ道が多いこと。 「亡羊」は羊に逃げ切られること。羊が逃げ出し、大勢の人で追いかけたが分かれ道が多く、逃げられてしまったという話を聞いた楊朱は、学問も同じように様々なものに分かれすぎていて、それぞれの根本は同じなのにそれを忘れ、理解できなくなっていると言ったという故事から。「岐（き）多くして羊（ひつじ）を亡（うしな）う」とも読む。
3級,択言択行,たくげんたくこう,言葉に出して言った言葉と、実際の行いが道理にかなっていて立派なこと。「択」は善いものと悪いものを区別して選ぶこと。選ぶ必要がないほど言葉や行動が立派という意味から。
3級,託孤寄命,たくこきめい,国の重要なことをまかせること。または、そのような大切なことを任せることのできる臣下。「託孤」は父親が亡くなった子どもをあずけること。「寄命」は政治の全てを任せること。王位を持つ父親に死なれ、幼い内に王位を継いでも、その補佐として政治の全てを任せることのできる重臣という意味から。「孤（こ）を託し命（めい）を寄（き）す」とも読む。
3級,多情多恨,たじょうたこん,刺激や影響を受けやすく、恨みや悲しみの感情になることが多いこと。「多情」は物事に感じやすいこと。「多恨」は恨みや憎しみの感情が多いこと。 「多恨多情」ともいう。
3級,多謀善断,たぼうぜんだん,しっかりと考えて、物事を正しく処理すること。「謀」はしっかりと考えること。 「善断」はうまく処理すること。
3級,丹書鉄契,たんしょてっけい,手柄のあった家臣に、天子が与えた誓いの証。「丹書」は朱で書くこと、「鉄契」は鉄でできた割り符。朱で書けば字が消えないので、鉄の札に朱で誓いを記し、本人やその子孫が罪を犯しても罰を軽くすると約束した証とした。
3級,胆戦心驚,たんせんしんきょう,恐怖を感じて震えること。 「胆」は肝臓。「心」は心臓という意味から、心や感情のたとえ。「戦」と「驚」はどちらも恐怖で震えること。「肝（きも）戦（おのの）き心（こころ）驚く」とも読む。
3級,胆大心小,たんだいしんしょう,度胸は大きく、注意は細やかであること。「胆」は度胸。 「心」は気を配ること。「胆は大ならんことを欲し、心は小ならんことを欲す」を略した言葉。
3級,単文孤証,たんぶんこしょう,証拠としてあまり役に立たないもの。不十分で信用できない証拠のことをいう。一つの文章と一つの証拠という意味から。
3級,大慈大悲,だいじだいひ,心を持つ全てのものを救おうとする、仏の限りない慈悲のこと。「大慈」は衆生に楽を与えて救おうとする仏の慈悲。「大悲」は衆生を苦しみから救い出そうとする仏の慈悲。「大悲大慈」ともいう。
3級,大胆不敵,だいたんふてき,精神力が強く、決して恐れることがないこと。「大胆」は度胸が据わっていること。 「不敵」は敵を敵とも思わないこと。
3級,奪胎換骨,だったいかんこつ,詩文の創作法の一つで、昔の人が作った詩文の表現や発想を取り入れ、それに自身の発想を加えて新しいものを作り出すこと。または、新しい技術や発想を加えて古いものを作り直すこと。または、外側が同じでも中身が違うことや、中身だけを取り替えること。現在では、他人の詩文を作り変えて自分の作品のように見せかけるという意味もあるが、本来は誤用。元は人が修行して仙人の体に生まれ変わるという意味の言葉で、それを詩文を創作することにたとえた言葉。「換骨」は凡骨を仙骨に換えること。「奪胎」は胎盤を奪い自分のものにするという意味から、昔の詩文の内容を手本にして作り変えること。「骨を換え胎を奪う」とも訓読する。 「奪胎」は「脱胎」とも書く。「奪胎換骨（脱胎換骨）」ともいう。
3級,断簡零墨,だんかんれいぼく,書物の欠片やちょっとした書き物のこと。「断簡」は切れてばらばらになった書物。「零墨」は一滴の墨ということから、千切れた書物の一欠けらのこと。
3級,築室道謀,ちくしつどうぼう,意見が多過ぎるとまとめることが困難で、物事がなかなか実現しないということ。「築室」は家を建てること。 「道謀」は道で人に相談してまわること。道で人に相談しても、それぞれが異なる意見を言うので、結局家が完成しないということから。
3級,竹林七賢,ちくりんしちけん,俗世から離れた竹林で高尚な論談をした七人の隠者のこと。または、俗世を離れて生活をしている隠者のこと。乱世の中、争いに嫌気が差した七人の賢人（「王戎」「嵇康」「阮咸」「阮籍」「山濤」「向秀」「劉伶」）たちは、俗世から離れ隠者として生活をし、酒を酌み交わしながら老子や荘子を慕って論談をしたことから。
3級,知小謀大,ちしょうぼうだい,知力が乏しいにもかかわらず、大きな計画を立てること。「謀大」は大きな計画や構想のこと。 「知」は「智」とも書く。
3級,智小謀大,ちしょうぼうだい,知力が乏しいにもかかわらず、大きな計画を立てること。「謀大」は大きな計画や構想のこと。 「知」は「智」とも書く。
3級,知足不辱,ちそくふじょく,自分の境遇にあったところで満足すれば、辱めを受けることはないという意味。分をこえた欲求を戒めた言葉。
3級,抽黄対白,ちゅうこうたいはく,美しい文章を創作すること。または、美しい色をほどよく組み合せること。「抽黄」は黄色を抜き出すこと。 「対白」は白に対比するということ。四六駢儷文の創作についていう言葉。「黄（こう）を抽（ぬ）きて白（はく）に対す」とも読む。
3級,忠魂義胆,ちゅうこんぎたん,忠義と正義を尊重する精神のこと。「忠魂」は忠義を貫き通す精神。 「義胆」は正義を重んじる気持ち。
3級,朝衣朝冠,ちょういちょうかん,朝廷で働くときに着る正式な服装のこと。礼服。君主や臣下が身に着ける正式な服と冠ということから。
3級,朝種暮穫,ちょうしゅぼかく,朝に種をまいて夜に収穫するということ。種まきから収穫までの期間がとても短いことから、方針が定まらないことのたとえ。または、慌ただしい様子のこと。
3級,沈思凝想,ちんしぎょうそう,しっかりと集中して考えること。「沈思」は一心に考えること。 「凝想」はじっと考えること。
3級,低回顧望,ていかいこぼう,何かに心を引かれるなどして、行ったり戻ったり振り返ったりすること。「低回」は考え事をしつつ、ゆっくりと歩き回ること。「顧望」は振り返って見ること。
3級,天衣無縫,てんいむほう,詩や文章などにわざとらしさがなく、自然で美しいこと。また、無邪気で飾り気のない人柄のこと。「天衣」は天に住むとされる天女の衣服のこと。「無縫」は縫い目がないこと。天女の衣服は、縫い目がない（加工されていない）にもかかわらず美しいという意味から。「無縫天衣」ともいう。
3級,天下無双,てんかむそう,世の中につりあうものが存在しないほどすぐれていること。または、そのような人のこと。「天下」は全世界や国全体のこと、「無双」は二つと存在しないということから、比べられるものがないという意味。「天下に双（なら）ぶ無し」とも読む。「てんか」は「てんが」とも、「むそう」は「ぶそう」とも読む。
3級,天花乱墜,てんからんつい,話し方が生き生きとしていること。または、物事を実際よりも大きく話して、巧みな話術で人を騙すこと。「天花」は天に咲いている神秘的な花。 「乱墜」は乱れ落ちるという意味。古代中国の南朝梁で雲光法師が説法をすると、その説法に感動した天が花を降らせたという故事から。「天花（てんか）乱れ墜（お）つ」とも読む。 「天華乱墜」とも書く。
3級,天人五衰,てんにんのごすい,天人が死ぬ時に現れるとされている、五つの死相のこと。「天人」は仏教の言葉で、六道で最も上にある天道に住む人。「五衰」はいくつかの説があり、『大般涅槃経』では、着ている服が垢で汚れ、脇から汗が出て、体がくさくなり、頭の上にある花が萎れ、自分のいるべき場所のことを好きでなくなるという五つのことをいう。
3級,転迷開悟,てんめいかいご,煩悩による迷いを捨てて、悟りの境地へ至ること。「転迷」は煩悩による迷いを捨てること。 「開悟」は悟りを開くこと。「転迷解悟」とも書く。
3級,凍解氷釈,とうかいひょうしゃく,氷が解けるように疑問や問題などが解決すること。「解」と「釈」はどちらも氷が解けるという意味。
3級,倒行逆施,とうこうぎゃくし,不当な手段で物事を行うこと。または、時代の流れに逆らって筋の通らない行動をすること。「倒行」と「逆施」はどちらも逆らった行いという意味。
3級,陶潜帰去,とうせんききょ,世俗を嫌った陶潜は、官職を辞めて故郷へ帰ったということ。「陶潜」は中国の東晋の人の名前で、自然を愛した詩人。県の長官になった陶潜は、巡察に訪れた役人に頭を下げることを嫌い、官職を辞めて故郷へ帰って「帰去来辞」という詩を作ったという故事から。
3級,党同伐異,とうどうばつい,事の善し悪しに関わらず、とにかく仲間の味方をして対立する相手を攻撃すること。「党」は仲間のこと。 「異」は対立する相手のこと。「同じきに党（むら）がり異なるを伐（う）つ」とも読む。「伐異党同」ともいう。
3級,斗酒隻鶏,としゅせきけい,亡くなった友人のことを悲しんで嘆き、生前のことや思い出を述べること。「斗酒」は一斗の量の酒。 「隻鶏」は一羽の鶏。古代中国での死者への供物をいう。中国の魏の曹操が友人の橋玄の墓を祭ったときに作った文から。
3級,斗南一人,となんのいちにん,この世で最もすぐれている人のこと。「斗南」は星座の北斗七星よりも南という意味から、天下という意味。天下で並ぶ人がいないほどすぐれているということから。
3級,同帰殊塗,どうきしゅと,手段や方法など道筋は違っていても、結果や結論は同じところにたどり着くこと。「殊塗」は異なる道筋のこと。「同帰」は同じところに状態や結果が落ち着くこと。 「同帰殊塗」ともいう。
3級,同軌同文,どうきどうぶん,天下が統一されること。「同文」は使う文字を統一すること。「同軌」は車の車輪の幅を統一すること。使う文字や車輪の幅を統一するという意味から、天下が統一されていることのたとえ。「文を同じくし軌（き）を同じくす」とも読む。 「同軌同文」ともいう。
3級,道聴塗説,どうちょうとせつ,聞いただけで理解していない学問のこと。または、聞いただけで根拠のない知識を他人にそのまま話すこと。「道」と「塗」はどちらも通行するための通路、道のこと。道を歩いている時に聞いた話を、同じ道にいる人に得意気に話すということから。「道（みち）に聴（き）きて塗（みち）に説く」とも読む。
3級,同文同軌,どうぶんどうき,天下が統一されること。「同文」は使う文字を統一すること。「同軌」は車の車輪の幅を統一すること。使う文字や車輪の幅を統一するという意味から、天下が統一されていることのたとえ。「文を同じくし軌（き）を同じくす」とも読む。 「同軌同文」ともいう。
3級,怒髪衝天,どはつしょうてん,激しい怒りのために、逆立った髪が天を突き上げるほどであること。凄まじい憤怒の形相をいう。「怒髪」は怒りで逆立った髪、「衝天」は天を突く意。趙の使者藺相如が、和氏の璧を秦王のもとへ届けた際、秦王に約束を守る気のないのを見抜き、髪が逆立って冠を突き上げるほどの激しい怒りをあらわにして詰め寄った、という故事から。「怒髪（どはつ）天を衝（つ）く」とも読む。
3級,南郭濫吹,なんかくらんすい,才能の無い者が才能があるかのように見せかけること。または、それにより高い地位を得ること。 「南郭」は人の名前。「濫吹」は下手な笛をむやみやたらに吹くこと。春秋時代の斉の王は合奏を好み、三百人もの楽士を集めて笛の演奏をさせていた。南郭は演奏が下手であるにもかかわらず、その中に混ざり高給を得ていた。ところが、次の王は独奏が好みで、一人ずつ吹かせることにしたところ、南郭はあわてて逃げ出したという故事から。
3級,南征北伐,なんせいほくばつ,休む暇もなく、いろいろな所で戦い続けることのたとえ。「征」と「伐」はどちらも戦って敵を討つことで、戦うために南へ北へと遠征を繰り返すという意味から。
3級,二者択一,にしゃたくいつ,二つの中からどちらか一つを選択すること。「択一」は一つのものを選ぶという意味。
3級,日陵月替,にちりょうげったい,月日が経つにつれて少しずつ衰えていくこと。「陵」と「替」はどちらも衰えるという意味。「日（ひ）に陵（りょう）し月（つき）に替（たい）す」とも読む。
3級,背信棄義,はいしんきぎ,信義に背いて、道義を捨てること。「背信」は信頼、信義を裏切ること。「棄義」は人としての道義を忘れること。
3級,白雲孤飛,はくうんこひ,旅の途中で親を思うことのたとえ。「孤」は一つだけあること。空に一つだけ浮いている雲を見て、その雲の下にいるであろう親のことを思い浮かべて悲しむこと。
3級,博学審問,はくがくしんもん,様々な学問を広く学び、深く細かいことを詳しく問うこと。儒教の朱子学の学問の過程にある「学、問、思、弁、行」のうち、学と問のことを意味する言葉。「審問」は詳しく調べて、細かいことを尋ねること。
3級,博学篤志,はくがくとくし,様々なことを熱心に学ぶこと。学問を志す者の心構えをいう言葉。 「篤志」は情熱を込めて志すこと。「博（ひろ）く学び篤（あつ）く志す」とも読む。
3級,白玉楼中,はくぎょくろうちゅう,文人の死をいう言葉。「白玉楼」は天にあるとされる、白く美しい宝石で作られた楼閣のことで、文人の死後に行くとされている場所のこと。中国の詩人の李賀のところに天からの使者が現れ、「天帝が白玉楼を作り、李賀を招いてその記を書かせることになった」と言われ、まもなく死んだという故事から。
3級,博施済衆,はくしさいしゅう,出来る限りたくさんの人々に恵みを与え、一人でも多く苦しみから救うこと。「博施」は多くの人々に恩恵を与えること。「済衆」は多くの人々を救うこと。 政治を行う者の心得をいう言葉。「博（ひろ）く施し衆（しゅう）を済（すく）う」とも読む。
3級,白日昇天,はくじつしょうてん,仙人になること。または、身分の低い人が急に高い身分と多くの財産を得ること。または、身分の低い人が大いに出世すること。昼間に天に昇るという意味から。
3級,帆腹飽満,はんぷくほうまん,船の帆が風をいっぱいにはらんで、軽やかに進む様子。「帆腹」は船の帆。「飽満」は飽きるくらいに満腹になるまで食べるという意味から、帆がいっぱいに膨らむことのたとえ。
3級,伴食大臣,ばんしょくだいじん,持っている地位に見合った能力がないこと。または、言いなりになるだけの無能な大臣のこと。「伴食」は主客のお供をして、食事をご馳走になること。または、仕事をせずに給料をもらうこと。中国の唐の盧懐慎は、姚崇が政務を休んだときに、自分の能力が姚崇に及ばないということを知った。それから盧懐慎は、独断で物事を処理することなく、姚崇に指示を仰いでいたということで、人々から「伴食宰相」と呼称されたという故事から。
3級,百鍛千練,ひゃくたんせんれん,詩や文章の語句を何度も考え、何度も修正してよりよいものにすること。「百」や「千」は非常に数が多いことのたとえで、何度も繰り返すという意味。「鍛練」は金属を鍛え上げることで、詩や文章の語句を何度も考えて練り上げることのたとえ。百回鍛えて、千回練るという意味から。
3級,百錬成鋼,ひゃくれんせいこう,心と体を何度も鍛えることによって、初めて立派な人物になることができるということ。または、意志などが非常に強いことのたとえ。「百錬」は何度も繰り返し鍛えること。鋼を作るためには何度も鉄を鍛えなければならないという意味から。「百錬（ひゃくれん）鋼（こう）を成す」とも読む。
3級,百下百全,ひゃっかひゃくぜん,何一つ欠けていない、完全であること。百のうちの百全てあるという意味から。
3級,不朽不滅,ふきゅうふめつ,滅びることなくいつまでも続くこと。永遠に滅びないこと。朽ちて滅びるという意味の「朽滅」に、否定の意味の「不」をそれぞれに添えた言葉。
3級,覆雨翻雲,ふくうほんうん,人の心や、世間の人たちの考えは変わりやすいということ。「翻」は手のひらを上に向けること。 「覆」は手のひらを下に向けること。手のひらを上に向ければ雲が発生して、手のひらを返せば雨に変わるという意味から、ほんの少しの時間で状況が全く別のものになるということ。「手を翻せば雲と作り手を覆せば雨」を略した言葉。 「覆雨翻雲」ともいう。
3級,複雑怪奇,ふくざつかいき,様々な要素が絡み合っていて、理由や原因などがよくわからないこと。またはその様子。「複雑」は物事の関係が互いに絡まり合っていること。「怪奇」は理解も説明もできない怪しげで奇妙なこと。
3級,複雑多岐,ふくざつたき,様々な要素が絡み合っている上に、様々なものに関わっていて分かりにくいこと。「多岐」は道がいくつにも分岐していること。
3級,覆水不返,ふくすいふへん,一度行ったことは、元に戻したり、やり直したりすることは出来ないということ。または、一度離婚した夫婦の仲は二度と元のようになることはないということ。こぼれた水は元には戻らないという意味から。古代中国の周の呂尚は、読書ばかりしていて貧乏だったために妻の馬氏は離婚したが、呂尚が出世すると復縁を求めた。呂尚は水を地面にこぼして、こぼれた水は二度と元には戻らないと言い、断ったという故事から。「覆水は返らず」とも読み、多くは「覆水盆に返らず」という形で用いる言葉。
3級,夫唱婦随,ふしょうふずい,夫婦の仲がよいことのたとえ。「夫唱」は夫が考えを主張すること。「婦随」は妻が従うこと。夫の考えに妻が従うと夫婦関係がうまくいくという考え方から。「夫倡婦随」とも書く。
3級,不老長寿,ふろうちょうじゅ,老いることなくいつまでも長生きすること。
3級,奮励努力,ふんれいどりょく,気力を充実させ、力を尽くして取り組むこと。「奮励」は気力を奮い立たせること。目的を果たすために、懸命に取り組む心構えをいう言葉。「努力奮励」ともいう。
3級,物換星移,ぶっかんせいい,世の中が変わっていくこと。「物換」は物事が変化すること。 「星移」は時が過ぎていくこと。「物（もの）換（か）わり星（ほし）移る」とも読む。
3級,武陵桃源,ぶりょうとうげん,俗世間から離れた別天地。桃源郷。転じて理想郷。「武陵」は中国の地名。「桃源」は「桃源郷」を略した言葉で、別の世界にある平和で穏やかな世界をいう。武陵に住む漁師が川をさかのぼって森の奥に進むと洞穴があり、その洞穴を抜けると、そこには桃の花が咲き乱れる美しい地があり、秦の乱から逃れてきた者たちが平和に暮らす理想郷を見つけたという故事から。
3級,文人墨客,ぶんじんぼっかく,詩文や書画などの優雅で趣のある芸術を創作する人のこと。「文人」は文字で詩文などを創作する人。「墨客」は墨を使って、書画や絵画を創作する人。
3級,平穏無事,へいおんぶじ,穏やかで変わったことが特にないこと。「平穏」は起伏がなく平で穏やかなこと。 「無事」は特別なことがないこと。「無事平穏」ともいう。
3級,平気虚心,へいききょしん,疑念や不満、不信などをなくし、心を穏やかにすること。「平気」は心を落ち着かせること。「虚心」は心にわだかまりをもたないこと。 「虚心平気」ともいう。
3級,片簡零墨,へんかんれいぼく,書物の欠片やちょっとした書き物のこと。「片簡」は切れてばらばらになった書物。「零墨」は一滴の墨ということから、千切れた書物の一欠けらのこと。
3級,変幻自在,へんげんじざい,好きなように姿を現したり消したり、思い通りに姿を変えたりすること。「変幻」は幻のようにあっという間に消えたり現れたりすること。「自在」は思うとおりに出来ること。
3級,片言隻句,へんげんせきく,少しだけの言葉。一言だけの短い言葉。「片」は欠片、「隻」は一つという意味から、どちらも少しやわずかなことのたとえ。「片言」と「隻句」は、どちらも少しの言葉や一言だけの短い言葉という意味で、同じ意味の言葉を重ねて強調したもの。
3級,縫衣浅帯,ほういせんたい,儒者の服のことで、袖の下から腋を縫った服と広い帯のこと。また儒者、学者、文人のこと。「縫衣」は袖の下から腋を縫いつけた服である縫腋のことで、「浅帯」は広い帯のこと。
3級,奉公守法,ほうこうしゅほう,公務員の務めのことで、公務をきっちりと遂行して、法をしっかりと守ること。「公を奉（ほう）じ法を守る」とも読む。
3級,飽食終日,ほうしょくしゅうじつ,一日飯を食べるだけで、他に何もせずに無駄に過ごすこと。一日が終わるほどに、飽きるくらい飯を食べるという意味から。
3級,放胆小心,ほうたんしょうしん,文章、主に漢文を作る心得で、始めは恐れずに思い切って表現して、ある程度熟練してからは細かい部分に注意して、文字や語句を十分に考えるのがよいというもの。または、それら二つの文章の形式のこと。「放胆」は文法などの約束事を多少外れても、思い切って書くこと。または、その文。「小心」は細かい部分に気を配って書くこと。または、その文。
3級,北斗七星,ほくとしちせい,北天の星座のおおぐま座に含まれている七つの星のこと。「斗」はひしゃくという意味。北の空にあるひしゃくの形をした七つの星ということからそう呼ばれ、古くから時間の測定や、航海の指針としても使われている。
3級,翻雲覆雨,ほんうんふくう,人の心や、世間の人たちの考えは変わりやすいということ。「翻」は手のひらを上に向けること。 「覆」は手のひらを下に向けること。手のひらを上に向ければ雲が発生して、手のひらを返せば雨に変わるという意味から、ほんの少しの時間で状況が全く別のものになるということ。「手を翻せば雲と作り手を覆せば雨」を略した言葉。 「覆雨翻雲」ともいう。
3級,暴虐非道,ぼうぎゃくひどう,人の道を外れた残酷で乱暴な行いのこと。または、そのような人のこと。
3級,墨子泣糸,ぼくしきゅうし,人は環境や習慣、他人から受ける影響などによって善くも悪くもなるということ。「墨子」は人の名前で、中国の思想家。墨子が白い糸は様々な色に染めることが出来るということを見て、物事には様々な選択ができ、それによる結果は戻すことは出来ず、環境次第で人は善にも悪にもなるということを嘆き泣いたという故事から。「墨子（ぼくし）糸（いと）に泣く」とも読む。
3級,墨子兼愛,ぼくしけんあい,中国の墨子が唱えた博愛主義のこと。「墨子」は人の名前で、中国の思想家。「兼愛」は博愛ということで、儒家の唱えた仁愛を差別愛として唱えた思想。
3級,墨子薄葬,ぼくしはくそう,儒家の盛大な葬式に対して、墨子が唱えた質素な葬式のこと。「墨子」は人の名前で、中国の思想家。節約を主張する立場から儒家に対して唱えたもの。
3級,墨子悲糸,ぼくしひし,人は環境や習慣、他人から受ける影響などによって善くも悪くもなるということ。「墨子」は人の名前で、中国の思想家。墨子が白い糸は様々な色に染めることが出来るということを見て、物事には様々な選択ができ、それによる結果は戻すことは出来ず、環境次第で人は善にも悪にもなるということを嘆き泣いたという故事から。
3級,墨守成規,ぼくしゅせいき,昔から受け継がれてきたやり方を守り続け、決して改めないこと。「墨守」は古代中国の思想家の墨子の故事から、自身の考えを決して変えないことをいう。「成規」は昔から成り立っている規則のこと。「成規（せいき）を墨守（ぼくしゅ）す」とも読む。
3級,無位無冠,むいむかん,重要な地位や役職がないこと。位がないこと。「位」は地位や身分、「冠」は地位のたとえ。「無位」「無冠」はどちらも地位や身分、役職がないという意味。
3級,無援孤立,むえんこりつ,たった一人で、誰かの助けも期待できないこと。「無援」は助けがないという意味。 「無援孤立」ともいう。
3級,無間地獄,むけんじごく,仏教の八大地獄のうちの一つ。大罪を犯した者が死後落ちる場所で、絶え間ない責苦を受け続けるという八大地獄の中で最下層にある地獄のこと。
3級,無縫天衣,むほうてんい,詩や文章などにわざとらしさがなく、自然で美しいこと。また、無邪気で飾り気のない人柄のこと。「天衣」は天に住むとされる天女の衣服のこと。「無縫」は縫い目がないこと。天女の衣服は、縫い目がない（加工されていない）にもかかわらず美しいという意味から。「無縫天衣」ともいう。
3級,明哲保身,めいてつほしん,聡明ですぐれた人は危険なことをうまく避けて自身の身を守ること。または、地位を守るために状況に合わせて対処すること。「明哲」は理解力や判断力がすぐれていて賢いこと。「保身」は身を守ること。また「保身」が曲解されて「他のことを考えずに自分の地位だけを守ろうとする」などのこずるい処世術のことをいう場合もある。
3級,名論卓説,めいろんたくせつ,本質を見通しているすぐれた意見のこと。素晴らしい意見と説という意味から。
3級,滅私奉公,めっしほうこう,個人的な感情や欲求、利益を捨てて、社会や国家などの公のために尽くすこと。または、そのようにして立場が上の者に尽くすこと。「滅私」は自身の利益や欲求を捨てること。「奉公」は公や立場が上の者に奉仕すること。
3級,免許皆伝,めんきょかいでん,武術や芸術の技術の全てを、師匠が弟子に伝えること。「皆伝」は師匠が武術や技芸の全てを伝えること。
3級,面目躍如,めんもくやくじょ,世間の期待通りの活躍をして、いきいきとしている様子。または、結果を出して、世間の評判がよくなること。「面目」は周囲から見た評価や外側からの見た様子。「躍如」は勢いがあり、生気に溢れる様子。
3級,文殊知恵,もんじゅのちえ,文殊菩薩のようなすぐれた知恵のこと。「文殊」は仏教で知恵の仏の文殊菩薩のこと。
3級,揚清激濁,ようせいげきだく,悪を取り除き、善を勧めること。「濁」は濁った流れことで、悪のたとえ。「清」は清らかな水のことで、善のたとえ。悪を激流に流して、善を上に押し上げるという意味から。「濁（だく）を激（げき）して清（せい）を揚（あ）ぐ」とも読む。「揚清激濁」ともいう。
3級,乱臣賊子,らんしんぞくし,人の道を外れた悪事を働く人のこと。君主を裏切り、国を乱す家臣と、親を悲しませたり大切にしない子どもということから。「賊子」は親不孝な子ども。
3級,粒粒辛苦,りゅうりゅうしんく,努力や苦労を少しずつ積み重ねていくこと。「粒粒」は一粒一粒の米のことで、米の一つ一つが農民の辛く苦しい努力や苦労の結晶という意味から。「粒々辛苦」とも書く。
3級,良妻賢母,りょうさいけんぼ,良い妻であり、良い母であること。または、そのような女性のこと。家庭を守る女性を賞賛する言葉で、近代日本では女子教育の中心的理念とされた。「賢母良妻」ともいう。
3級,冷汗三斗,れいかんさんと,冷や汗が三斗出るということから、きわめて恐ろしい思いをすることや恥ずかしい思いをすること。「斗」は体積の単位。
3級,霊魂不滅,れいこんふめつ,死によって肉体がなくなっても、人の霊魂は永遠に存続し不滅であるという考えのこと。
3級,零丁孤苦,れいていこく,社会的地位や身分、財産などを失い、身寄りもなく苦労すること。「零丁」は落ちぶれて身寄りのないこと。「孤苦」は親がいなくて苦労すること。晋の李密が武帝からの任官を辞退するときの上奏文で使われた言葉。「孤苦零丁」ともいう。
3級,老婆心切,ろうばしんせつ,必要以上に世話を焼きすぎること。「老婆心」は老いた女性が必要以上に子や孫の気遣いをすることから過度の親切。「切」は非常に想いが強いこと。元は仏教語で、師匠の僧が修行者に丁寧に教え導くこと。
3級,炉辺談話,ろへんだんわ,囲炉裏の側でするようなうちとけた話、世間話。「炉辺」は囲炉裏や暖炉の近くのこと。
3級,和魂漢才,わこんかんさい,「和魂」は日本古来の固有の精神のこと、「漢才」は中国伝来の学問のことで、日本古来の精神を大切にしつつ、漢学を学ぶという意味。
3級,和魂洋才,わこんようさい,「和魂」は日本古来の固有の精神のこと、「洋才」は西洋の学問や知識のことで、日本古来の精神を大切にしつつ、西洋の学問や知識を学ぶこと。
準2級,相碁井目,あいごせいもく,人にはそれぞれ実力の差があり、何事においても優劣や巧拙が存在することを囲碁の勝負にたとえた言葉。「相碁」は、囲碁において同等の実力を持つ者同士で対局すること。「井目」は碁盤上の九つの点のことで、実力差が大きい場合に弱い側がハンデとして先に石を置く場所を示す。
準2級,暗香疎影,あんこうそえい,どこからともなく漂う花の香りと、月光に照らされた木々の影の情景。または、梅のこと。 「暗香」はどこからか漂う良い香りのこと。「疎影」はまばらに広がる木々の影のこと。
準2級,安寧秩序,あんねいちつじょ,国や社会が乱れることなく治まっていて、平和を保つための決まりがしっかりと守られていること。「安寧」は特に問題もなく穏やかなこと。「秩序」は社会や集団などを正しい状態に保つための順序や決まりのこと。
準2級,安楽浄土,あんらくじょうど,仏教において、阿弥陀仏がいるという安楽の世界。また、すべてが満たされていることのたとえ。
準2級,唯唯諾諾,いいだくだく,物事のよしあしにかかわらず、何にでもはいはいと人の言いなりになること。「唯」と「諾」はどちらも「はい」という意味の返事のこと。
準2級,遺憾千万,いかんせんばん,この上なく残念なこと。 または心残りなこと。「遺憾」は心残り、残念ということ。「千万」は量が多いということから、非常に程度が高いこと。
準2級,異国情緒,いこくじょうちょ,異国の風物がかもし出す自国とは違う雰囲気や風情のこと。
準2級,遺臭万載,いしゅうばんさい,悪い評判やうわさを後世まで残すこと。「遺」は残すこと。 「臭」は悪臭ということから、悪い噂や評判のたとえ。「万載」は万年という意味。
準2級,以身殉利,いしんじゅんり,つまらない人間は、自分の利益や欲望のためだけに一生を費やすということ。「以身」は自ら、自分自身という意味。「殉利」は利益や欲望に身を捧げるという意味。「身を以て利に殉ず」とも訓読する。
準2級,一韻到底,いちいんとうてい,漢詩における古詩の技巧で、初めから終わりまで一つの韻で通すこと。「韻」は詩のリズムや響きを美しくするために同じ響きの漢字をおくこと。「到底」は最初から最後までの意。
準2級,一言居士,いちげんこじ,何かあるたびに自分の思っていることを逐一言わないと気がすまない人のこと。「一言」は一つの言葉。「居士」は仏教の信者で、世俗を捨てずに家庭にいながら仏教の修行をする人のこと。または、死後につける男子の戒名の称号のこと。「一言抉（こじ）つける」を人の名前に似せた言葉。
準2級,一期一会,いちごいちえ,一生に一度だけの機会。または、一生に一度だけ会えること。「一期」は生まれてから死ぬまでのこと。「一会」は一度の会合や集会などの人の集まりのこと。「一期」と「一会」はどちらも仏教の言葉。もとは千利休の弟子の山上宗二が説いた茶人の心構え。たとえ同じ人、同じ場所で茶会を開いたとしても、同じものになることはなく、毎回生涯で一度だけのものなので、主人も客も誠意を尽くすべきであるというもの。
準2級,一汁一菜,いちじゅういっさい,質素な食事のこと。「一汁」は一杯の汁物のこと。 「一菜」は一品のおかずのこと。汁物一杯、おかず一品の食事のことから。現代では、日本の伝統を基にした健康的な食事という良い意味で使われることもある。
準2級,一労永逸,いちろうえいいつ,一度苦労すれば、その後は長く利益が得られ、安定した暮らしが送れること。「一労」は一度の苦労。または、少しの苦労。 「永」は長くの意味。「逸」は安楽、利益のこと。「一（ひと）たび労して永（なが）く逸（やす）んず」とも読む。
準2級,一切衆生,いっさいしゅじょう,この世に生きるすべてのもの。特に、人間のこと。「一切」はすべての意。 「衆生」はすべての生物の意。 仏教用語。
準2級,一生懸命,いっしょうけんめい,全力で物事に取り組む様子。命がけで物事に取り組む様子。「懸命」は命をかけて取り組むこと。 「一所懸命」が変化した言葉。
準2級,一所懸命,いっしょけんめい,命がけで物事に取り組む様子。全力で物事に取り組む様子。「一所」は主君から賜った一か所の領地。「懸命」は命をかけて取り組むこと。中世の日本で、幕府から賜った領地を命がけで守ることをいった言葉。
準2級,一殺多生,いっせつたしょう,一人の人を犠牲にして、たくさんの人が助かること。元は仏教の言葉で、たくさんの人を救うために、悪人一人を犠牲にすることは、望ましくはないが仕方ないという考えをいう。
準2級,一朝富貴,いっちょうのふうき,いきなり高い地位や財産を得ること。「一朝」はとある朝という意味から、いきなりや急にという意味。
準2級,一刀三礼,いっとうさんらい,慎みを持って、深く敬いながら仕事をすること。仏像を作るときは、一彫りごとに三回礼拝するという意味から。
準2級,一登竜門,いっとりゅうもん,権力を持っている人に認められると、急激に世間の評判はよくなるということ。「一登」は一回登ること。「竜門」は中国の黄河の上流にある山のことで、非常に激しい流れの川があることで有名。苦しく険しいことで有名な場所を一度でも登りきれば、名声を上げることが出来るということから。
準2級,一筆抹殺,いっぴつまっさつ,あまり考えずに、全てのものを消し去ること。または、過去に積み重ねた功績を考慮せずに、全てを否定すること。一筆で記録を全て消し去るという意味から。
準2級,衣鉢相伝,いはつそうでん,弟子が師から奥義を受け継ぐこと。または、先人から業績や事業を引き継ぐこと。「衣鉢」は師から受け継いだ袈裟と、托鉢のときに施しを受ける鉢ということから、師からの教えという意味。「相伝」は代々と受け継いで伝えていくこと。
準2級,意馬心猿,いばしんえん,煩悩や情欲などの欲望に、心を乱されて落ち着かないこと。または、そのような欲望を抑えることができないことのたとえ。「意馬」は馬が興奮して暴れまわるように、気持ちが落ち着かないこと。「心猿」は激しく騒ぐ猿のように、気持ちが落ち着かないこと。乱れて落ち着かない気持ちを、走り回る馬や騒ぎ立てる猿にたとえた仏教の言葉。「心猿意馬」ともいう。
準2級,韻鏡十年,いんきょうじゅうねん,理解することが極めて難しいこと。「韻鏡」は中国の唐の時代の書物で、漢字の音韻を図示した書物。非常に難しく、理解するのには十年の歳月が必要という意味から。
準2級,飲至策勲,いんしさっくん,戦に勝利して、先祖の霊に報告して酒を酌み交わし、戦の功績を竹の札に書き記すこと。「飲至」は君主の先祖を祀っている宗廟で、戦の報告をして酒を酌み交わすこと。「策勲」は功績を竹の札に書いて賞を与えること。「飲（いん）至（いた）し策を勲（くん）ず」とも読む。
準2級,隠忍自重,いんにんじちょう,怒りや苦しみなどをぐっとこらえて、軽はずみな行動をしないこと。または、そうすべきであるという戒めの言葉。「隠忍」は表に出すことなく、耐え忍ぶこと。 「自重」は行動を控えること。
準2級,羽化登仙,うかとうせん,酒に酔うなどして天に昇天するような心地良さになることのたとえ。羽が生えて仙人になり昇天するという古代中国の信仰から。
準2級,雨露霜雪,うろそうせつ,さまざまな気象状態の変化のこと。または、人生でのさまざまな苦しみや悩みのこと。雨や露が降り、霜や雪が降りるという意味から。
準2級,雲水行脚,うんすいあんぎゃ,僧侶が様々な国を巡り歩きながら、仏教の修行をすること。「雲水」は留まることのない雲と水ということから、修行僧のこと。
準2級,雲泥万里,うんでいばんり,非常に大きな差があること。「雲泥」は空の雲と地上の泥。「万里」の「里」は距離の単位で、「万里」は非常に長い距離のたとえ。空にある雲と地上にある泥には、非常に大きな開きがあるという意味から。
準2級,永永無窮,えいえいむきゅう,果てしなく続くこと。または、終わりのない永遠に続く長い時間。「無窮」は限りが無いこと。「永永（えいえい）として窮（きわ）まり無し」とも読む。
準2級,英俊豪傑,えいしゅんごうけつ,多くの人の中で特に人並みはずれてすぐれている人のこと。「英」は万人、「俊」は千人、「豪」は百人、「傑」は十人、それぞれにその中の一人の逸材という意味。
準2級,会者定離,えしゃじょうり,出会った人とは必ず離れる運命にあるということ。「会者」は現世で出会った人のこと。「定離」は例外なく離れることになるという意味。元は仏教語で、世の中が無常であることをたとえた言葉。「生者必滅会者定離」という形で用いることが多い。
準2級,越鳥南枝,えっちょうなんし,故郷を懐かしみ忘れがたく思う気持ちのたとえ。「越鳥」は中国の南方にある越の国から渡ってきた鳥。「南枝」は南に向かって伸びている木の枝。南方にある越の国から渡ってきた鳥は、南に向かって伸びている木の枝に巣を作るという意味から。「越鳥は南枝に巣くう」を略した言葉。
準2級,遠慮会釈,えんりょえしゃく,他人のことを考えて控えめな態度で接すること。「遠慮」は控えめにすること。「会釈」はおじぎをして挨拶すること。転じて他人を思いやること。多くは否定の語句をつけて、強引に物事を行うことを批判するときに使う言葉。「会釈遠慮」ともいう。
準2級,王侯将相,おうこうしょうしょう,高貴な身分は、才能や努力などできまり、家柄や血統ではないという意味。「王侯」「将相」は、王、諸侯、将軍、宰相などの高貴な身分のこと。
準2級,往生素懐,おうじょうそかい,仏教に帰依して、極楽浄土に行きたいと普段から思っている願いのこと。「往生」は極楽浄土に生まれ変わる、「素懐」はいつも願っている思いのこと。
準2級,温良恭倹,おんりょうきょうけん,素直で穏やかで、礼儀正しくひかえめなこと。「温良」は穏やかで素直なこと。「恭倹」は人に対して礼儀正しく、丁寧で穏やかなこと。
準2級,海角天涯,かいかくてんがい,距離が非常に離れていること。または、都会から非常に遠く離れていて、不便な場所のたとえ。天の果てと海の果てという意味から。 「海角天涯」ともいう。
準2級,開眼供養,かいげんくよう,仏像や仏画を新たに作ったときに、最後に目を入れて仏の魂を迎え入れる儀式のこと。
準2級,開権顕実,かいごんけんじつ,仮に説かれた教えを取り払い、真実の教えを明らかにすること。天台宗の教えで、『法華経』より前に説かれた三乗（悟りに至る三つの道）は人を導くための方便にすぎず、『法華経』の説く一乗こそが真実だとする。「権」は仮の教え、方便。「実」は真実の教え。「開」は開いて取り除くこと、「顕」ははっきり示すこと。
準2級,灰心喪気,かいしんそうき,気を落として、元気がなくなること。「灰心」は火が消えた灰のように勢いがなく落胆している心。「喪気」は元気を失うこと。
準2級,海誓山盟,かいせいさんめい,永久に変わることのない海や山のように、変わらない固い誓いという意味。主に男女の愛情についていう言葉。
準2級,快刀乱麻,かいとうらんま,複雑な問題を見事に解決すること。「快刀」はよく切れる刀のこと。 「乱麻」は絡まった麻の糸のこと。絡まった麻の糸を刀で綺麗に断ち切るという意味から。
準2級,嫁鶏随鶏,かけいずいけい,妻が夫に従うことのたとえ。雌の鶏が雄の鶏に従うという意味から。「嫁鶏（かけい）鶏（けい）に従う」とも読む。
準2級,寡見少聞,かけんしょうぶん,知識や経験が少ないこと。または、世間のことを知らないこと。「寡」と「少」はどちらも少ないという意味。自分のことを謙遜していう言葉。 「寡聞少見」ともいう。
準2級,花紅柳緑,かこうりゅうりょく,人が手を加えていない自然のままの美しさのこと。緑の柳と紅い花のことから、春の美しい景色をいう言葉。禅宗では、柳は緑で花は紅いという自然そのものの姿こそが悟りの境地であるということ。「花紅柳緑」ともいう。
準2級,過剰防衛,かじょうぼうえい,身を守るために許されている限度を超えた反撃をすること。
準2級,寡頭政治,かとうせいじ,少人数の人で政治権力を握って行う政治。「寡頭」は少人数の支配者ということ。
準2級,禍福得喪,かふくとくそう,災難にあったり、幸せなことがあったり、成功して出世したり、失敗して地位を失ったりすること。「禍福」は災いと幸せ。「得喪」は成功と失敗。または、出世して地位を得ることと、地位を失うこと。
準2級,禍福無門,かふくむもん,不幸も幸福も、その人自身が招くものであるということのたとえ。不幸や幸福がやってくるための決まった入り口があるわけではなく、心がけ次第で不幸にも幸福にもなるということ。「禍福門無し、唯人の招く所なり」を略した言葉。
準2級,寡聞少見,かぶんしょうけん,知識や経験が少ないこと。または、世間のことを知らないこと。「寡」と「少」はどちらも少ないという意味。自分のことを謙遜していう言葉。 「寡聞少見」ともいう。
準2級,寡廉鮮恥,かれんせんち,心に悪意があって、恥知らずのこと。「寡」と「鮮」はどちらも少ないという意味。 「廉」は心が清く正しいこと。清く正しい心も、恥だと思う心も少ないという意味から。
準2級,汗牛充棟,かんぎゅうじゅうとう,所有している書物が非常に多いことのたとえ。車に載せれば車を引く牛が汗をかくほど重く、家の中で積み上げれば天井の棟木に届くほど書物が多いという意味から。「牛（うし）に汗（あせ）し棟（むなぎ）に充（み）つ」とも読む。「充棟汗牛」ともいう。
準2級,寒江独釣,かんこうどくちょう,冬の雪が降っている川で、一人で釣りをすること。または、その姿のこと。 画題として有名。中国の唐の柳宗元の「江雪」という詩で歌われた情景。
準2級,寛仁大度,かんじんたいど,心が広くて、度量が大きく、慈悲深いこと。「寛仁」は慈悲深く、心が広いこと。 「大度」は度量が大きいこと。
準2級,勧善懲悪,かんぜんちょうあく,善い行いを奨励して、悪い行いには罰を与えること。「勧善」は善い行いを勧めること。 「懲悪」は悪い行いを懲らしめること。「善を勧め悪を懲（こ）らす」とも読む。 「懲悪勧善」ともいう。
準2級,冠履倒易,かんりとうえき,地位や立場などの順位が逆になっていること。価値や秩序が乱れていることをいう。 「冠履」はかんむりと靴。「倒易」は入れ替わること。 かんむりと靴が入れ替わるという意味から。
準2級,閑話休題,かんわきゅうだい,それはさておき。ともかく。本題からそれてしまった話を本題に戻すときに使う言葉。主に文章中に用いられる言葉。 「閑話」は無駄な雑談のこと。「休題」は話をやめること。 「間話休題」とも書く。
準2級,外柔内剛,がいじゅうないごう,外見は穏やかでやさしそうに見えるが、心の中には何事にも左右されない強い意志や信念をもっていること。「柔」は優しいこと。穏やかなこと。 「剛」は心が強いこと。「外柔内剛」ともいう。
準2級,雅俗折衷,がぞくせっちゅう,上品で洗練されたものと、くだけた通俗的なものとを、ほどよく取り合わせること。また、明治時代の小説に使われた文体の一つ。地の文を古典にならった文語で書き、会話をその時代の話し言葉で書く。「雅」は上品で正統なもの、「俗」は世間なみのくだけたもの。「折衷」は二つのよいところを合わせて用いること。
準2級,画蛇添足,がだてんそく,余計なものをつけたすこと。蛇に足を付け足した絵を描くという意味から。中国の楚の国のとある家の使用人たちが、蛇の絵を最初に描いた人が酒を飲めるという賭けをした。一番最初に描き終えた人は余裕があったために調子に乗り、蛇に足を付け足した絵を描くと蛇ではないと言われて酒を奪われたという故事から。一般的に「蛇足」という形で使われることが多い言葉。「蛇（へび）を画（えが）きて足を添う」とも読む。
準2級,合従連衡,がっしょうれんこう,その時の利益と損害などの状況に合わせて、国や組織などが手を組んだり、離れたりすること。「従」は縦という意味。「合従」は強大になった秦に対して、周辺の六カ国が縦（南北）に同盟を組んで対抗するという蘇秦の策略のこと。「衡」は横という意味。「連衡」は合従の対抗策として秦の張儀が使った策略で、秦と組む利を説いて合従から抜けさせ、秦と各国が横（東西）に同盟を組むというもの。
準2級,我武者羅,がむしゃら,目的だけを見てひたすら打ち込むこと。「我貪」が変化した言葉で、「我武者」と略して使うこともある。
準2級,頑固一徹,がんこいってつ,自分の考えや態度をかたくなに変えようとせずに最後まで押し通すこと。または、そのような性格のこと。「頑固」と「一徹」はどちらも考えや態度を変えずに貫き通すという意味。似ている意味の言葉を重ねて強調した言葉。
準2級,気韻生動,きいんせいどう,絵画や書画などの芸術作品に、生き生きとした気品や高貴な風格が感じられること。「気韻」は気品、風格のある味わい。「生動」は芸術品が生き生きとしていて動き出しそうに見えること。
準2級,気宇壮大,きうそうだい,心構えや発想などが並はずれて大きく立派なこと。「気宇」は心の広さ、心構え。 「壮大」は大きくて立派という意味。
準2級,吉凶禍福,きっきょうかふく,よいこととわるいこと。幸福と不幸。「吉凶」と「禍福」はどちらもよいことと悪いことや、幸いと災いという意味で、似た意味の言葉を重ねて強調した言葉。
準2級,帰命頂礼,きみょうちょうらい,頭を地に着けて仏を敬って拝むこと。または、心の底から仏に帰依すること。「帰命」は命懸けで仏の教えを信じて従うこと。「頂礼」は古代インドで最高の敬礼で、頭を地に着けて行う礼。
準2級,鬼面嚇人,きめんかくじん,見た目の威力だけで人を脅すこと。「鬼面」は鬼の顔の面をかぶること。または、鬼のように恐ろしい表情をすること。「嚇人」は人を脅すこと。「鬼面（きめん）人（ひと）を嚇（おど）す」とも読む。
準2級,窮猿投林,きゅうえんとうりん,困っている状況の時には、選り好みする余裕はないということ。または、貧しいときは職を選んでいる余裕は無いということ。「窮猿」は逃げ場のない状況に追い込まれた猿。「投林」は林に飛び込むこと。逃げ場の無い状況に追い込まれた猿が、林の中に飛び込んでも、掴まるための枝を選ぶ余裕はないという意味から。中国の東晋の李充が言った言葉とされ、貧しかった李充は将軍の参謀に薦められたが、それでは生活が成り立たないと判断して、報酬は多いが地位の低い地方官になったという故事から。
準2級,窮山幽谷,きゅうざんゆうこく,人里から遠く離れた、奥深い場所にある静かな山と谷。「窮」と「幽」はどちらも奥深いという意味。
準2級,窮鳥入懐,きゅうちょうにゅうかい,追われて逃げる場所がなくなった人が助けを求めてくること。追い詰められ、逃げ場を失った人が助けを求めてきたときは、どういう理由でも助けることが人の道であるということ。追い詰められた鳥が人の懐に飛び込んで来るという意味から。「窮鳥懐に入る」という形で使うことが多い言葉。
準2級,窮年累世,きゅうねんるいせい,自身から先の子孫にいたるまでいつまでもということ。「窮年」は人の生涯のこと。 「累世」は後の世代までという意味。「年（とし）を窮（きわ）め世を累（かさ）ね」とも読む。
準2級,窮余一策,きゅうよのいっさく,逃げることができなくなり、どうしようもなくなった時に思いついた手段や作戦。「窮余」は苦し紛れにという意味。 「一策」は一つの作戦。
準2級,矯角殺牛,きょうかくさつぎゅう,わずかな短所を直そうとして、逆に全体が悪くなってしまうこと。牛の角は曲がった形をしているものであり、それをまっすぐに正そうとすると牛を殺してしまうということから。「角（つの）を矯（た）めて牛を殺す」とも読む。
準2級,強幹弱枝,きょうかんじゃくし,中央の政府に権力を集中して強くして、地方の権限を抑えて弱くすること。「幹」を中央政府に、「枝」を地方政権にたとえて、幹を強くして枝を弱くするということから。「幹（みき）を強くし枝を弱くす」とも読む。
準2級,恐恐謹言,きょうきょうきんげん,恐れ慎んで、申し上げること。「恐恐」は恐れかしこまった態度をとること。「謹言」は慎んで言うということ。文章や手紙の終わりに書いて、相手に敬意を示す言葉。
準2級,胸襟秀麗,きょうきんしゅうれい,正しく立派な考えや心構えを持っていること。「胸襟」は胸の内側という意味から、心の中ということ。「秀麗」は他よりも立派で美しいこと。
準2級,興味索然,きょうみさくぜん,興味が次第に薄れていくこと。または、面白いと感じなくなること。「索然」は次第に減っていってなくなること。
準2級,興味津津,きょうみしんしん,物事を面白いと思う気持ちが、尽きることなく沸いてくること。「興味」は物事に心を惹かれ、面白いと思う気持ちのこと。「津津」は常に沸き続けること。 「興味津々」とも書く。
準2級,居敬窮理,きょけいきゅうり,いつもの振る舞いを慎んで、様々な道理をきわめて、正しい知識を身につけること。「居敬」は慎んだ態度をとることで、内側の修養法のこと。「窮理」は物事の道理をきわめて、正しい知識をえることで、外側の修養法のこと。どちらも朱子学の大本となる修養法のこと。
準2級,虚堂懸鏡,きょどうけんきょう,心を空にして、公平に物事を判断すること。「虚堂」は人も物も何もない、空の部屋。 「懸鏡」は鏡を壁にかけること。何もなく、誰もいない部屋に鏡を懸けるという意味から。「虚堂（きょどう）に鏡（かがみ）を懸（か）く」とも読む。
準2級,琴棋書画,きんきしょが,教養のある、文人のたしなみのこと。琴を弾いて囲碁を打ち、書を書いて絵を描くということをいう。中国では四芸と呼ばれ、文人のたしなみとされ、画題としてもよく用いられる。
準2級,勤倹尚武,きんけんしょうぶ,しっかりと働いて、質素に暮らしながら武芸に励むこと。「勤倹」はしっかりと働いて、無駄遣いをしないようにすること。「尚武」は武士の生活態度の基本をいう言葉で、武芸を尊ぶという意味。
準2級,謹言慎行,きんげんしんこう,言葉と行動を慎重に行うこと。「謹」と「慎」はどちらも慎むということ。「言（げん）を謹（つつし）み行いを慎（つつし）む」とも読む。
準2級,謹厳実直,きんげんじっちょく,軽率な行動を取ることなく、正直で真面目なこと。「謹厳」は言動が控えめで厳格なこと。「実直」は真面目で、言動に嘘がないこと。
準2級,金枝玉葉,きんしぎょくよう,天子の一族や子孫のこと。「金」と「玉」はどちらも身分が高く、気品があることのたとえ。「枝」と「葉」は子孫のたとえ。 元は雲や樹などの美しさをいう言葉。「玉葉金枝」ともいう。
準2級,金友玉昆,きんゆうぎょっこん,すぐれた才能や学識のある兄弟のこと。他人の兄弟をほめる時に使う言葉。「玉」と「金」は宝石と黄金のことで、すぐれたもののたとえ。「昆」は兄、「友」は弟のこと。 「金友玉昆」「玉友金昆」ともいう。
準2級,牛鬼蛇神,ぎゅうきだしん,不思議で怪しい作風や作品。または、容姿が醜い人や卑しくゆがんだ性格の人のたとえ。「牛鬼」は人の体に牛の形の頭をしている怪物。「蛇神」は人の頭に蛇の体をしている怪物。どちらも容姿や心が醜いことのたとえ。
準2級,玉石同砕,ぎょくせきどうさい,すぐれているものや劣っているもの、賢者や愚者などがともに滅びてなくなること。宝石も石も一緒に砕けてなくなるという意味から。
準2級,玉葉金枝,ぎょくようきんし,天子の一族や子孫のこと。「金」と「玉」はどちらも身分が高く、気品があることのたとえ。「枝」と「葉」は子孫のたとえ。 元は雲や樹などの美しさをいう言葉。「玉葉金枝」ともいう。
準2級,玉昆金友,ぎょっこんきんゆう,すぐれた才能や学識のある兄弟のこと。他人の兄弟をほめる時に使う言葉。「玉」と「金」は宝石と黄金のことで、すぐれたもののたとえ。「昆」は兄、「友」は弟のこと。 「金友玉昆」「玉友金昆」ともいう。
準2級,空空漠漠,くうくうばくばく,広くて果てしない様子。またはぼんやりとしている状態。
準2級,偶像崇拝,ぐうぞうすうはい,神以外の人や像などを信仰し拝むこと。または、絶対的なものとして批判することなく崇拝すること。
準2級,形影一如,けいえいいちにょ,仲が良い夫婦のこと。または、心の善悪が行動に出ること。体と影は離すことが出来ないように深く結びついた関係ということから。
準2級,形影相弔,けいえいそうちょう,誰かが来ることもなく、一人で寂しい様子。「形影」は形と影。 「弔」はあわれむこと。自分と自分の影で慰め合うことから孤独の意。「形影（けいえい）相（あい）弔（とむら）う」とも読む。
準2級,軽挙妄動,けいきょもうどう,事の是非を考えることなく、軽率に行動すること。「軽挙」は軽率な行動、「妄動」は考えもなしにでたらめに行動すること。
準2級,蛍窓雪案,けいそうせつあん,苦労して勉学に励むこと。蛍の光と雪明かりで勉強するという意味から。「車胤」と「孫康」という二人の人物の故事から。晋の車胤は、灯火の油を買うことができないほど貧しかったため、蛍を集めてその光で勉強し、同じように貧しかった孫康は、雪明かりで勉強をしたという二つの故事から。「雪案蛍窓」ともいう。
準2級,軽諾寡信,けいだくかしん,深く考えずに物事を簡単に引き受ける人は、約束を守ることが少ないためにあまり信用できないということ。「軽諾」は出来るかを考えずに、軽く引き受けること、安請け合い。「寡信」の「寡」は少ないという意味で、「寡信」は信用が少ないという意味から、信じることができないということ。「軽諾は必ず信寡し」を略した言葉。
準2級,見賢思斉,けんけんしせい,賢者を実際に見て、そうなりたいと憧れること。孔子の言葉から。「賢（けん）を見ては斉（ひと）しからんことを思う」とも読む。
準2級,見性成仏,けんしょうじょうぶつ,自身の持つ仏としての性質を見極め、悟りの境地に至ること。「見性」は自身の本質を見極めること。「成仏」は悟りを得て、仏になること。禅宗の言葉で、全ての人は本質的に仏になる資質を持っているということをいう言葉。
準2級,堅忍果決,けんにんかけつ,強い意志を持って耐え続け、そうと決めると思い切りよく行うこと。「堅忍」は意志を守り続け我慢すること。「果決」は思い切りよく、事を行うこと。
準2級,堅忍質直,けんにんしっちょく,何事にも忍耐強く、まっすぐな性格のこと。「堅忍」は我慢強いこと。 「質直」は真面目で正直なこと。
準2級,堅忍不抜,けんにんふばつ,辛く苦しいことがあっても我慢して、ひたすら意志を貫くこと。「堅忍」は我慢強く、意志が固いこと。「不抜」は抜くことが出来ないという意味から、意志が固く決して揺るがないという意味。
準2級,懸腕直筆,けんわんちょくひつ,書道の基本的な筆の使い方のこと。姿勢を整えて、肘を脇から離して腕を水平に上げ、筆を垂直に持つ書き方をいう。「懸腕」は腕をつけずに浮かせること。 「直筆」は垂直に筆を持つこと。
準2級,減価償却,げんかしょうきゃく,会計上の手続きの一つで、使用や年数の経過で土地以外の固定資産の価値の減少を各会計年度に割り当てて、一定の方式で経費として算入すること。
準2級,高歌放吟,こうかほうぎん,大声で歌を歌ったり、周りを気にせずに詩を吟じたりすること。「高歌」は大きな声で歌うこと。「放吟」は周りを気にせずに詩歌を吟じること。「放歌高吟」「高吟放歌」ともいう。
準2級,綱紀粛正,こうきしゅくせい,乱れた規律を正して、厳格にすること。「綱紀」は大づなと小づなのことから国家を治める大法と細則のこと。「粛正」は不正をなくすために厳しく取り締まるという意味。政治家や役人を厳しく取り締まり、乱れを正して規則を守らせることが本来の意味。
準2級,巧偽拙誠,こうぎせっせい,どんなにうまく騙すことができても、それは下手ではあるが誠意のこもった言動には適わないということ。また、巧みな偽りよりも、拙い誠実さのほうが良いということ。「巧偽（こうぎ）は拙誠（せっせい）に如（し）かず」とも読む。
準2級,黄絹幼婦,こうけんようふ,二人の判断が完全に同じになること。または、物事を正確に理解すること。 または、「絶妙」という言葉の隠語。または、素晴らしい文章のたとえ。「黄絹」は色のついている糸という意味で、漢字の「絶」のこと。「幼婦」は少女という意味で、漢字の「妙」のこと。古代中国の魏の曹操が楊修と曹娥の石碑の前を通ると、石碑には「黄絹幼婦、外孫齏臼」と書いてあった。「外孫」は女子という意味で、漢字の「好」のこと、「齏臼」は香辛料を挽く臼のことで、香辛料は舌に辛いという意味から、漢字の「辞」のこと。合わせると「絶妙好辞」と解釈して、楊修と答えを合わせると同じになったという故事から。「絶妙好辞」は素晴らしい文章や言葉という意味もある。
準2級,幸災楽禍,こうさいらくか,他人の不幸を見て楽しみ喜ぶこと。「幸災」は自分以外の人が不幸になることを喜ぶこと。「楽禍」は自分以外の人に災いが訪れることを見て楽しむこと。「災いを幸（さいわ）いとし禍（わざわ）いを楽しむ」とも読む。「楽禍幸災」ともいう。
準2級,巧遅拙速,こうちせっそく,遅くて上手いよりも、下手でも速いほうがよいということ。元は兵法の言葉で、時間をかけて素晴らしい戦果を上げるよりも、早く終わらせることが最も大切なことであるという意味から。「巧遅は拙速に如かず」を略した言葉。
準2級,紅葉良媒,こうようりょうばい,紅葉が仲人の役割をするということ。男女の不思議な因縁のことをいう。 「良媒」はすぐれた仲人のこと。中国の唐の時代、書生の于裕は宮廷を流れている小川の下流で詩の書かれた紅葉を見つけ、于裕もその小川の上流から詩を書いた紅葉を流すと、宮女の韓夫人がそれを拾ったことが縁になって二人は結婚したという故事から。
準2級,孤寡不穀,こかふこく,王や君主が自身を謙って言う呼称。「孤」と「寡」と「不穀」は、どれも王や君主が自身を謙っていうときの自称。
準2級,誇大妄想,こだいもうそう,現在の自身の地位・財産・能力などを、実際のものより大きく評価して、事実であるかのように思い込むこと。「誇大」は大げさに言ったり、考えたりすること。「妄想」は自分だけの勝手な基準で作られた、根拠のない信念。
準2級,鼓腹撃壌,こふくげきじょう,善い政治が行われ、人民が平和で不満のない生活を楽しむ様子。または、世の中が平和なことのたとえ。「鼓腹」は食べるものが十分にあり、満腹になった腹を楽器のように打ち鳴らすこと。「壌」は土や地面のことで、「撃壌」は地面をたたいて拍子をとること。中国古代の伝説の聖天子尭帝は、世の中がうまく治まっているか気になり町の様子を見に行った。そこで、一人の老人が満腹になった腹を打ち鳴らし、地面を踏んで拍子をとりながら「世の中は平和で天子はいてもいなくても変わらない」という意味の歌を歌っていた。それを聞いた尭帝は、人民が政治を行うものの力を意識することなく、満ち足りた生活が出来ていることが分かり安心したという故事から。「撃壌鼓腹」ともいう。
準2級,懇到切至,こんとうせっし,細かいところまで親切が行き届いていること。「懇到」と「切至」はどちらも丁寧で、真心が十分に行き届いていること。
準2級,剛健質実,ごうけんしつじつ,真面目で飾り気がなく、心身ともに強くてたくましい様子。「質実」は誠実で飾り気がないこと。 「剛健」は健康で強くたくましいこと。「剛健質実」ともいう。
準2級,呉越同舟,ごえつどうしゅう,互いに仲が悪い人たちや、互いに敵対関係にある人たちが同じ場所にいたり、同じ境遇にあること。もとは、そのような人たちでも利害が同じ場合は協力し合うという意味。「呉」と「越」は中国の春秋時代の国の名前。 「同舟」は同じ舟に乗ること。孫子が「長い間、敵対関係にある呉と越の国の人たちが、同じ舟に乗っていて転覆しそうになったときには、たとえ敵同士であっても助け合うだろう」と言ったという故事から。
準2級,極楽浄土,ごくらくじょうど,阿弥陀仏がいるとされている苦労や苦痛のない世界のこと。仏教の言葉。大乗仏教の経典の一つである「阿弥陀経」には、極楽浄土は西の方向に十万億土よりもさらに先にあり、そこでは今も阿弥陀仏が説法を行っていると記されている。
準2級,五倫五常,ごりんごじょう,人として守るべき道徳のこと。「五倫」は五つの道徳法則のことで、父子の親、君臣の義、夫婦の別、長幼の序、朋友の信。「五常」は五つの徳目で、仁、義、礼、智、信。 どちらも儒教の教え。
準2級,五倫十起,ごりんじっき,公平で清く正しい人でも私心はあるということ。「五倫」は人の名前。中国の後漢の第五倫は公平で清廉な人物として知られていたが、ある時、あなたにも私心があるのかと聞かれ、兄の子が病気で一晩に十回起きて看病しても、寝床に戻ればよく眠れるが、自分の子どもの時は心配で眠れなかったので、私心がないとは言えないと答えたという故事から。
準2級,西方浄土,さいほうじょうど,阿弥陀仏がいるとされ、人間界から西方に十万億土離れている極楽浄土のこと。
準2級,削足適履,さくそくてきり,どうでもいいことに気を取られて、大切なことを忘れること。または、大切なことと、どうでもいいことを取り違えて、無理に折り合いをつけること。「削足」は足を削ること。 「適履」は履物の大きさが合うこと。小さな靴を履くために、自分の足を削って大きさを合わせるという意味から。「足を削りて履（くつ）に適（てき）せしむ」とも読む。
準2級,桟雲峡雨,さんうんきょうう,山の中にあるかけ橋付近に漂う雲と谷の中に降る雨のこと。「桟」は丸太や蔓などを使って、山の険しい場所にかけられているかけ橋のこと。「峡」は山間の谷間。
準2級,三界流転,さんがいるてん,全ての生きているものは、三つの世界で生死を繰り返し続け、三つの世界を迷い続けるということ。「三界」は欲界、色界、無色界の三つの世界のこと。「流転」は迷い続けること。
準2級,山河襟帯,さんがきんたい,自然の地形が、敵の攻撃を防ぐことに非常に有利なこと。山が服の襟のように高く取り囲んでいて、川が帯のように流れているという意味から。
準2級,三浴三薫,さんよくさんくん,相手のことを大切に思う心を言い表す言葉。人を待つ間に何度も体を洗って、良い香りの香を塗るという意味から。「三」は何度も、という意味。 「浴」は湯水で体を洗い清めること。「薫」は香を塗ること。
準2級,罪業消滅,ざいごうしょうめつ,現世で起こした悪行も、仏道修行することで消してしまうことができるということ。「罪業」は仏教語で罪の原因となる悪い行い。
準2級,残酷非道,ざんこくひどう,人の道にはずれていて、見ていられないほど酷い様子。または、そのように酷い振る舞いや行い。
準2級,残山剰水,ざんざんじょうすい,戦争によって荒れ果てた山や川の様子。または、山水画を描く技法のこと。山や川の全体を描かずに、一部分を描いて雄大な自然を表現する技法をいう。「残」と「剰」はどちらも「残っている」という意味。「剰水残山」ともいう。
準2級,残忍酷薄,ざんにんこくはく,人のことを気遣うこともなく、むごいこと。「残忍」と「酷薄」はどちらも無慈悲なこと。 「残忍刻薄」とも書く。
準2級,詩歌管弦,しいかかんげん,漢詩や和歌を吟じたり、音楽をかなでたりすること。または、文学や音楽のこと。 「詩歌」は漢詩と和歌などの韻文のこと。「管弦」は管楽器、弦楽器のことで音楽のこと。
準2級,至恭至順,しきょうしじゅん,"人の言動に物凄く素直に従うこと。「至」は""いたって""や""このうえなく""などの強調語。"
準2級,思索生知,しさくせいち,道筋を立ててじっくりと追いながら考えると、よい知恵が生まれるということ。「思索」は道筋をたてて追いながら考えること。「生知」は知恵が生まれること。
準2級,志大才疎,しだいさいそ,大きな目標を掲げているが、それに見合う才能や能力がないこと。
準2級,至大至剛,しだいしごう,とても大きくて、とても強いこと。どんなものよりも大きく、どんな力にも屈したりすることのない強さのこと。「至」はこの上なくという意味で、「至大」はこの上なく大きい、「至剛」はこの上なく強いという意味。
準2級,七難九厄,しちなんくやく,男女とも七と九のつく年齢のときには災厄に遭いやすいという俗信のこと。
準2級,疾風迅雷,しっぷうじんらい,非常に速い風と激しい雷という意味から、動きや変化が非常に速い様子。
準2級,質実剛健,しつじつごうけん,真面目で飾り気がなく、心身ともに強くてたくましい様子。「質実」は誠実で飾り気がないこと。 「剛健」は健康で強くたくましいこと。「剛健質実」ともいう。
準2級,紫電清霜,しでんせいそう,容姿がすぐれていて意志が固い人のたとえ。「紫電」は紫色の光やいなずまなどの美しい光のたとえ。「清霜」は清く引き締まったもののたとえ。
準2級,車蛍孫雪,しゃけいそんせつ,苦学のたとえ。「車」「孫」はどちらも苦学していた人物の名前。「車」は車胤のことで、夜に蛍の光で読書をしていた。「孫」は孫康のことで、夜に雪に反射した月明かりで読書をしていた。
準2級,捨根注枝,しゃこんちゅうし,他の事に気をとられて物事の本質を忘れること。または、問題の本質を調べることをせずに結果だけを問題にすること。「捨根」は根を捨てること。 「注枝」は枝に水を注ぎかけること。
準2級,遮二無二,しゃにむに,一つのことに全力を注ぐこと。「遮二」は二を断ち切るという意味。 「無二」は二は無いという意味。「しゃりむり」の当て字という説もある。
準2級,舎本逐末,しゃほんちくまつ,物事の根幹となる大事なことをいいかげんにして、必要のないことに関心を持つこと。「舎本」は根本を捨てること。 「逐末」は末節を追うこと。「本（もと）を舎（す）てて末（すえ）を逐（お）う」とも読む。
準2級,衆寡不敵,しゅうかふてき,少数は多数には勝てないこと。「衆」は数が多い、「寡」は数が少ない、「不敵」は敵対できないという意味で、戦争や勝負では、人数が多いほうが有利だということから。
準2級,愁苦辛勤,しゅうくしんきん,思い悩んで嘆き、悲しみ苦しむこと。「愁苦」は嘆き悲しむこと。 「辛勤」は苦労しながら勤めること。
準2級,囚首喪面,しゅうしゅそうめん,顔や髪を整えないこと。「囚」は囚人、「首」は頭という意味から、髪のこと。 「喪」は喪中の人。髪を梳かさない囚人のように乱れた髪と、顔を洗わない喪中の人のように汚れた顔という意味から。
準2級,修身斉家,しゅうしんせいか,自身の心がけや普段の行いを正し、円満な家庭を築くこと。「修身」は自身の心と行動を正すこと。「斉家」は不満のないように家庭を整えて治めること。儒教の経書『大学』にある、儒者の基本を説く八条目のうちの二つ。「身を修め家を斉（ととの）う」とも読む。
準2級,秋霜三尺,しゅうそうさんじゃく,曇りが少しもないように研がれた刀剣。「秋霜」は秋に降る霜は厳しく冷たく光るということから、切れ味のよい刀剣のこと。「尺」は長さを表す単位で、「三尺」は刀剣の長さのこと。
準2級,秋霜烈日,しゅうそうれつじつ,刑罰、権威、意志、規律などが厳しく、不正や怠慢などを決して許さないことのたとえ。「秋霜」は秋に降る霜のこと。 「烈日」は夏の日差しのこと。どちらも厳しさのたとえ。
準2級,周知徹底,しゅうちてってい,全ての人にしっかりと知れ渡らせること。
準2級,襲名披露,しゅうめいひろう,先代などの名前や、家名を受け継いだことを多くの人に知らせること。「襲名」は名前や家名を受け継ぐこと。 「披露」は公に発表すること。
準2級,衆生済度,しゅじょうさいど,この世に生きている全てのものを迷いから救って、悟りを得させること。仏教語。 「衆生」は生きている全てのもの。「済度」は迷いから救い出し、悟りの境地へと導くこと。
準2級,春愁秋思,しゅんしゅうしゅうし,春の日に感じる憂鬱と、秋に感じる寂しさのこと。心地よい気候のときに急に気が塞いだり、寂しくなったりすることをいう。
準2級,春宵一刻,しゅんしょういっこく,春の夜はこの上なく趣があり、そのひとときは千金に値するほど尊いということ。「春宵」は春の夜。 「一刻」はわずかな時間。「春宵一刻値千金」を略した言葉。
準2級,硝煙弾雨,しょうえんだんう,この上なく激しい戦闘の様子。「硝煙」は火薬の煙。 「弾雨」は弾丸が雨のように降り注ぐこと。
準2級,上下一心,しょうかいっしん,地位や身分にこだわらず、目的を果たすために団結すること。全ての人が団結して取り組めば、どんな困難も乗り越えることができるという教え。「上下（しょうか）心（こころ）を一（いつ）にす」とも読む。
準2級,上下天光,しょうかてんこう,空も水面も光り輝いていること。「上下」は空と水面のこと。「天光」は空全体に広がる日の光のことで、ここでは、水面に反射した日の光のこともいう。
準2級,小国寡民,しょうこくかみん,国の領土が狭く、人口が少ないこと。「寡」は少ないという意味。 国家の理想像として老子が唱えた言葉。
準2級,焦唇乾舌,しょうしんかんぜつ,ひどく悩んで苦労すること。または、激しい言い争いをすることのたとえ。唇が焦げて舌が乾くほどに悩み苦しむという意味から。「唇を焦がし舌を乾かす」とも読む。 「焦脣乾舌」とも書く。
準2級,正真正銘,しょうしんしょうめい,本物であること。嘘や偽りがまったくないこと。「正真」は本物であること。「正銘」は本物であること。起源や経歴に間違いがないこと。似ている意味の言葉を重ねて強調した言葉。
準2級,清浄寂滅,しょうじょうじゃくめつ,道家と仏家の教え。「清浄」は、欲や作為を捨てて自然のままにあるのがよいとする道家の考えで、清浄無為という。「寂滅」は、迷いや苦しみの消えた安らかな境地をよしとする仏家の考えで、寂滅為楽という。唐の韓愈は「原道」で、君臣や親子の間柄まで捨てて清浄寂滅を求めるのはまちがいだと批判した。
準2級,生生流転,しょうじょうるてん,すべてのものは生まれては滅び、絶えず移り変わっていくということ。「生生」は次々に生まれ育つこと、「流転」はとどまらずに移り変わること。生き物が生まれ変わり死に変わりを繰り返すという、仏教の考え方にもとづく。
準2級,生死流転,しょうじるてん,生まれては死に、死んでは生まれを何度も繰り返すこと。仏教の言葉で、悟りを得ることができない人は、六道という六つの世界を巡り続けるということから。
準2級,小人閑居,しょうじんかんきょ,つまらない人は、暇になるとよくないことをするものであるということ。「小人」は度量の狭い人、小人物。 「閑居」はやることがなくて暇なこと。「小人閑居して不善を為す」を略した言葉。 「小人間居」とも書く。
準2級,精進潔斎,しょうじんけっさい,肉類を食べず、酒を飲まずに心と体を清めること。「精進」は肉類や酒を口にせずに、心と体を清めて修行すること。「潔斎」は不浄なものを避けて、心と体を清らかな状態に保つこと。
準2級,少壮気鋭,しょうそうきえい,若くて、気力に満ち溢れていること。または、そのような人。 「少壮」は二十から三十代の元気な年頃。「気鋭」は鋭い意気込みがあること。 将来が期待されている若者をいう言葉。
準2級,従容就義,しょうようしゅうぎ,落ち着いた気持ちで、正義を貫くために恐れることなく命を投げ出すこと。「従容」は気持ちが落ち着いていること。「就義」は命を捨てても正義を貫くこと。「従容（しょうよう）として義に就（つ）く」とも読む。「縦容就義」とも書く。
準2級,従容不迫,しょうようふはく,のんびりと落ち着いている様子。「従容」は気持ちが落ち着いていること。 「不迫」は何事にも動じないこと。「従容（しょうよう）として迫らず」とも読む。
準2級,初志貫徹,しょしかんてつ,最初に決めた志を最後まで貫き通すこと。「初志」は初めに持った目標や考え。 「貫徹」は最後まで貫き通すこと。
準2級,枝葉末節,しようまっせつ,あまり重要ではない些細なこと。または、本質から外れたどうでもよいこと。「枝葉」は木の枝と葉、「末節」は木の端にある節のこと。どちらも木の幹と比べると重要ではないことから、些細なことのたとえ。
準2級,心猿意馬,しんえんいば,煩悩や情欲などの欲望に、心を乱されて落ち着かないこと。または、そのような欲望を抑えることができないことのたとえ。「意馬」は馬が興奮して暴れまわるように、気持ちが落ち着かないこと。「心猿」は激しく騒ぐ猿のように、気持ちが落ち着かないこと。乱れて落ち着かない気持ちを、走り回る馬や騒ぎ立てる猿にたとえた仏教の言葉。「心猿意馬」ともいう。
準2級,心願成就,しんがんじょうじゅ,心の中で神仏に念じた願いが叶うこと。「心願」は神仏に心から願うこと。「成就」は願ったとおりに願いが叶うこと。
準2級,心慌意乱,しんこういらん,ひどく慌てて、何がなんだかわからなくなること。「心慌」は慌てること。 「意乱」は心が乱れて訳がわからなくなること。「心（こころ）慌（あわ）ただしく意（い）乱（みだ）る」とも読む。
準2級,深溝高塁,しんこうこうるい,守りの固い城塞のこと。「溝」は敵の侵入を防ぐための堀。 「塁」は土石を重ねて作った砦。深い堀と高い砦ということから。
準2級,紳士淑女,しんししゅくじょ,高い教養と品格を持つ、礼儀正しい立派な男性と女性。「淑女紳士」ともいう。
準2級,心織筆耕,しんしょくひっこう,文章を書くことで生計を立てること。心で機を織って、筆で田畑を耕して暮らすという意味から。中国の唐の詩人の王勃が人に頼まれて文章を作ると、お礼として車一杯に黄金をもらったということを、人々がからかったという故事から。
準2級,身心一如,しんしんいちにょ,肉体と精神は一つのものの両面であり、分けることはできないということ。「一如」は一体であること。 「心身一如」とも書く。
準2級,心神耗弱,しんしんこうじゃく,精神が弱くなって、善悪の判断や行動を抑制する能力が弱くなること。「心神」は心と精神。 「耗弱」はすり減って弱くなること。医学や法律などで使われる用語で、心神喪失の手前の状態をいう。
準2級,神仙思想,しんせんしそう,古代中国の思想で、俗世を超越した不老不死の仙人になろうとする考えをいう。「神仙」は不老不死で神通力を持っている仙人のこと。道教では、仙人になることを教義の根幹としていた。
準2級,森羅万象,しんらばんしょう,この世に存在する全てのものや現象。「森羅」は生い茂った木々がどこまでも並び続いている様子のことから、無数に連なるという意味。「万象」は形あるもの全てという意味。
準2級,新涼灯火,しんりょうとうか,秋の始めの夜の涼しさは、灯りの下で読書するにはぴったりだということ。「新涼」は秋の初めの涼しさ。「灯火」は灯りの下で書物を読むということで、「灯火親しむべき候」を略した言葉。
準2級,時期尚早,じきしょうそう,事を実行するのは、まだ時期が早すぎるという意味。「尚早」はまだ時期ではないという意味。
準2級,自業自得,じごうじとく,自分が行ったことが自分に返ってくること。悪い意味で使われることが多い。自分の行動の善悪の業によって、苦楽の業を受けるという意味の仏教の因果の法則を表す言葉。
準2級,自縄自縛,じじょうじばく,自身の縄で自身を縛るという意味から、自らの言動や心がけで身動きが出来なくなり苦しむこと。
準2級,事上磨錬,じじょうまれん,実際に行動や実践を通じて、知識や精神を磨き修養すること。「事上」は行動や業務をしながらという意味で、「磨錬」は磨きをかけること。日常の業務をしっかりとこなして、それを通じて修養することが真の学問だとする陽明学の基本的な考え方。
準2級,寂光浄土,じゃっこうじょうど,仏の住んでいるとされる静かで汚れのない世界のこと。または、仏道の悟りの境地のこと。「寂光」は真理の静寂と真智の光。 「浄土」は汚れがなく清らかな国。
準2級,縦塗横抹,じゅうとおうまつ,思うままに書きなぐること。「抹」は塗り消すこと。 縦に書いて横に消すという意味から。
準2級,柔能制剛,じゅうのうせいごう,能力の弱い者が能力の強い者に勝つこと。柔らかい物が固い物に勝つという意味から。主に「柔能く剛を制す」の形で用いることが多い言葉。
準2級,自由奔放,じゆうほんぽう,周りのことを気にすることなく、自分が思ったことそのままに行動する様子。または、規範や世間の常識にとらわれることなく、思いのままに物事を行うこと。「自由」は他を気にすることなく、思ったことをそのまま行うこと。「奔放」は常識などに縛られることなく、思うままに行動すること。「奔放自由」ともいう。
準2級,叙位叙勲,じょいじょくん,位階を授与したり、勲等を与えて勲章を授与したりすること。「叙」は授けるという意味。
準2級,盛者必衰,じょうしゃひっすい,栄えているものは、いつか必ず衰えて滅びるということ。元は仏教語で、世の中が無常なことをいう言葉。『平家物語』の冒頭の句として有名。
準2級,情状酌量,じょうじょうしゃくりょう,裁判で、被告人が罪を犯した事情や理由などを考慮して、刑罰を軽くすること。「情状」は境遇や年齢などの様々な事情や理由などのこと。「酌量」は諸事情をくみ取り、同情して軽減すること。
準2級,剰水残山,じょうすいざんざん,戦争によって荒れ果てた山や川の様子。または、山水画を描く技法のこと。山や川の全体を描かずに、一部分を描いて雄大な自然を表現する技法をいう。「残」と「剰」はどちらも「残っている」という意味。「剰水残山」ともいう。
準2級,助長抜苗,じょちょうばつびょう,手助けをしようとした結果、かえって害を与えてしまうというたとえ。古代中国で、農夫が苗を早く成長させようと引っ張ったところ、苗が抜けて枯れてしまったという故事から。「長（ちょう）ずるを助けんとして苗（なえ）を抜く」とも読む。
準2級,迅速果断,じんそくかだん,物事を思い切りよく速やかに決断し、行動すること。「果断」は物事を思い切りよく決断すること。
準2級,迅雷風烈,じんらいふうれつ,激しい雷と風のこと。または、行動が非常に素早い様子。
準2級,垂頭喪気,すいとうそうき,元気がなくて落ち込んでいる様子。「垂頭」は頭を垂れること。 「喪気」は元気を失うこと。「頭（かしら）を垂れ気を喪（うしな）う」とも読む。
準2級,随喜渇仰,ずいきかつごう,喜びの気持ちをもって仏に帰依して、深く仏道を求めること。または、何かに熱中すること。 「随喜」は喜んで仏道へ帰依する。「渇仰」は水を求めるように、深く仏を信仰すること。
準2級,随宜所説,ずいぎしょせつ,教えを聞く相手の素質や能力に合わせて、理解できるように説かれた仏の教えのこと。「随宜」は仏教語で相手に順応するという意味。
準2級,随波逐流,ずいはちくりゅう,自分の意見や主義を持たずに、世の大勢の流れに乗って従うこと。「随波」は波の流れに随うこと。 「逐流」は流れに乗ること。「波に随（したが）い流れを逐（お）う」とも読む。
準2級,清音幽韻,せいおんゆういん,他のものよりも優れている文章のたとえ。「清音」は濁りがなく澄んでいる音声。「幽韻」は言葉にできないほど奥深い味わいがあること。北宋の王安石が欧陽脩の文を評価した時の言葉。
準2級,性行淑均,せいこうしゅくきん,性質や行動が素直で公平なこと。「性行」は性質と行動。 「淑均」は素直で物事を全て同等に扱うこと。
準2級,斉紫敗素,せいしはいそ,賢い人が行動して災いを福にかえるように、失敗を成功にかえることのたとえ。「斉紫」は斉の国の特産品の紫色に染めた絹地。「敗素」は質の悪い白絹のこと。質の悪い白絹でも紫色に染めることで高く売ることができるということから。
準2級,静寂閑雅,せいじゃくかんが,ひっそりと静かで風情のある景色や雰囲気のこと。「静寂」は静かな様子。 「閑雅」は静かで趣のあること。
準2級,斉東野語,せいとうやご,根拠がなく信じるに値しない言葉や、下品で愚かな言葉。「斉東」は中国の戦国時代の斉の国の東部。「野語」は下品で田舎びている言葉。斉の国の東部に住んでいる田舎者の言葉という意味から。「斉東野人の語」を略した言葉。
準2級,聖読庸行,せいどくようこう,聖人が作った素晴らしい本を読んでも、行動すると普通の人と変わらないこと。「聖読」は聖人の作った素晴らしい本を読むこと。「庸行」は特にすぐれていない、普通の行動。「聖読（せいどく）して庸行（ようこう）す」とも読む。
準2級,星羅雲布,せいらうんぷ,たくさんのものが連なっている様子のたとえ。「星羅」は星のように連なっていること。「雲布」は雲のように広い範囲に敷き詰めること。元は軍隊の陣形が大きく華々しいことを言い表す言葉。「星（ほし）のごとく羅（つら）なり雲（くも）のごとく布（し）く」とも読む。
準2級,精力絶倫,せいりょくぜつりん,心と体に元気が満ち溢れ、並外れてすぐれていること。「精力」は心身の能力のことで、男性の性的能力をいうことが多い言葉。「絶倫」は普通よりも非常にすぐれていること。
準2級,勢力伯仲,せいりょくはくちゅう,能力が拮抗していて、優劣をつけるのが難しいこと。「伯」は長男、「仲」は次男のことで、「伯仲」はよく似ていて、力がほぼ同じであることのたとえ。
準2級,隻紙断絹,せきしだんけん,文字が書かれている布や紙の切れ端。「隻紙」は紙の切れ端。 「断絹」は布の切れ端。貴重な文字が書かれている紙や布の切れ端のことをいう。
準2級,積日累久,せきじつるいきゅう,役人などが功績や功労を長い期間積み重ねること。「積日」は日数を重ねること。 「累久」はいつまでも続くこと。官吏の昇格について、才能や能力ではなく、年数による功績や功労だけで昇格させると、才能や能力がある人が育たないと、中国の前漢の董仲舒が武帝に上申した故事から。
準2級,積善余慶,せきぜんのよけい,善い行いを何度も行った家は、子孫にもその恩恵があるということ。「積善」は善い行いを積み重ねること。 「余慶」は子孫にも幸福が及ぶこと。「積善の家には必ず余慶あり」を略した言葉。
準2級,責任転嫁,せきにんてんか,自分が負わなければならない義務や償いを他人に負わせること。または、自分が失敗したことを人のせいにすること。「転嫁」は二度目の嫁入りという意味から、他の場所へ移すということ。
準2級,隻履西帰,せきりせいき,死んだはずの達磨大師が、片方の草履を手に持って天竺に帰ったという故事のこと。「隻」は一対のうちの片方のもの。達磨大師の死後三年たったときに、求法の旅に出ていた宋雲が西から帰る途中で片方の草履を持った達磨大師を見かけた。その後、達磨大師の棺を開けてみると、片方の草履がなくなっていたという故事から。「隻履（せきり）西（にし）に帰る」とも読む。
準2級,殺生禁断,せっしょうきんだん,生き物を捕ったり、殺したりすることを禁止すること。仏教の言葉で、慈悲の心から、鳥や魚、獣などを捕ったり、殺したりすることを禁止するもの。十悪の一つとされる。
準2級,雪案蛍窓,せつあんけいそう,苦労して勉学に励むこと。蛍の光と雪明かりで勉強するという意味から。「車胤」と「孫康」という二人の人物の故事から。晋の車胤は、灯火の油を買うことができないほど貧しかったため、蛍を集めてその光で勉強し、同じように貧しかった孫康は、雪明かりで勉強をしたという二つの故事から。「雪案蛍窓」ともいう。
準2級,遷客騒人,せんかくそうじん,故郷から遠く離れた土地に左遷させられた人や、心に憂いをもっている人のこと。または、詩人や文人の別称。 「遷客」は左遷されて遠い土地に来た人。「騒人」は心に憂いをもつ人。どちらも詩に自身の思いを込めるということから、詩人や文人のたとえ。
準2級,千古不磨,せんこふま,いつまでもなくならないこと。または、途絶えることなく、伝わり続けること。「千古」は遠い昔のこと。または、遠い過去から現在まで。「不磨」は磨り減ってなくなることがないということ。すぐれた伝統や芸術、技術などがいつまでも受け継がれていくことについていう。
準2級,仙才鬼才,せんさいきさい,普通の人と比べ、抜きん出ているすぐれた才能のこと。「仙才」は仙人の術を習得した才能。「鬼才」は人並み外れた、ずば抜けた才能。中国の唐の詩人の李白は仙才、李賀は鬼才と言われていたという故事から。
準2級,仙姿玉質,せんしぎょくしつ,非常に美しい容姿の女性のこと。「仙姿」は仙女の姿という意味から、気高く立派で優雅な姿のこと。「玉質」は磨き上げた宝石のように、なめらかで美しい肌ということ。
準2級,浅酌低唱,せんしゃくていしょう,酒を軽く飲んで歌や詩を小声で口ずさむこと。「浅酌」は少量の酒をたしなむ程度に軽く飲むこと。「低唱」は歌を小さく低い声で歌うこと。「低唱浅斟」「浅斟低唱」「浅酌微吟」ともいう。
準2級,千緒万端,せんしょばんたん,様々な物事が数多く入り混じっていて分かり辛いこと。「千」と「万」は数が多いことのたとえ。「緒」と「端」は物事の始めのこと。物事の始まりが多すぎて、何から始めればいいのかわからないという意味から。
準2級,仙風道骨,せんぷうどうこつ,普通の人とは違う、すぐれた人の姿のこと。仙人や道士などのこの世を超越した人の姿ということから。
準2級,禅譲放伐,ぜんじょうほうばつ,王朝を交代する二つの方法。「禅譲」は世襲せずに、君主が自ら選んで徳がある人に譲ること。「放伐」は悪政を行う君主を、臣下が武力で打ち倒したり、追放したりして地位を奪うこと。
準2級,前代未聞,ぜんだいみもん,いまだかつて聞いたことがないようなこと。大変な出来事や珍しい出来事などをいう言葉。「前代」は現在より前の時代のこと。「未聞」は一度も聞いたことがないこと。
準2級,漸入佳境,ぜんにゅうかきょう,話や状況が次第に興味深いところに入っていくこと。「漸入」は深いところに少しずつ入っていくこと。「佳境」は一番面白く興味深いこと。中国の晋の画家の顧愷之は、好物のサトウキビを食べるときにおいしくないところから食べていたが、その理由を聞かれると、「漸く佳境に入る」と答えたという故事から。「漸（ようや）く佳境（かきょう）に入（い）る」とも読む。
準2級,巣林一枝,そうりんいっし,分相応の暮らしに満足すること。「巣林」は林に巣を作ること。 「一枝」は一本の枝のこと。鳥は林の中にある木の一本の枝だけを使って巣を作ることから。「一枝巣林」ともいう。
準2級,即身成仏,そくしんじょうぶつ,生きたまま悟りの境地に達して仏になること。「即身」は肉体が生きている状態のこと。 「成仏」は仏になること。
準2級,大願成就,たいがんじょうじゅ,大きな願いごとがかなうこと。また、神仏に願ったことがかなうこと。 「大願」は大きな願いのこと。「成就」は望んだことが望んだ通りになること。
準2級,対牛弾琴,たいぎゅうだんきん,苦労しても何も効果がなく無駄なこと。または、愚かな人に立派な道理を説いて聞かせること。牛に琴を弾いて聞かせても意味がないことから。
準2級,大言壮語,たいげんそうご,実力の伴っていない威勢のいい誇張した話をすること。「大言」は大げさな言葉、誇張した話。「壮語」は威勢のいい大きなことを言うこと。
準2級,大巧若拙,たいこうじゃくせつ,極めて巧みなものほど、少し見ただけでは粗雑に見えるということ。または、極めて優れた技量の持ち主は、逆に不器用に見えるということ。「大巧（たいこう）は拙（せつ）なるが若（ごと）し」とも読む。
準2級,大悟徹底,たいごてってい,欲望や迷いなどの煩悩を全て捨てて悟りを得ること。「大悟」は真理を会得すること。「徹底」は端から端まで全てに行きとどくこと。
準2級,泰山府君,たいざんふくん,人の寿命をつかさどるとされる中国の泰山の神のこと。「泰山」は中国の山の名前。「府君」は郡の最高位の長官のこと。ここでは泰山の最高位との意から神のこと。「太山府君」とも書く。 また、「東岳大帝（とうがくたいてい）」ともいう。
準2級,泰山北斗,たいざんほくと,学問や芸術などの一つの分野で最もすぐれている人のこと。「泰山」は中国の名高い山、「北斗」は星座の北斗七星のことで、どちらも人が見上げるものであることから。
準2級,対症下薬,たいしょうかやく,問題点を確認して、それに合わせた処置をすること。「対症」は病気の症状に合わせて対処すること。 「下薬」は薬を与えること。「症（しょう）に対して薬（くすり）を下す」とも読む。
準2級,泰然自若,たいぜんじじゃく,心が落ち着いていて、冷静さを失うことがないこと。「泰然」は心に余裕があって落ち着いている様子。「自若」はどんなことに対しても常に冷静な様子。
準2級,多言数窮,たげんすうきゅう,口数が多すぎると、逆に上手い言い方が出来なくなって困るということ。または、口数が多すぎると言葉の意味が軽くなって力がなくなるということ。「窮」は処置に困って苦しむこと。 喋りすぎることを戒めた言葉。「多言は数窮す」と読むことが多い言葉。
準2級,淡粧濃抹,たんしょうのうまつ,美しい女性の容姿のこと。または、女性の化粧のこと。 「淡粧」は薄い化粧。 「濃抹」は濃い化粧。どちらの化粧も、それぞれの良さがあって美しいという意味から。中国の北宋の蘇軾が、中国四大美女の西施と、湖の西湖の美しさを比べて評した詩から。
準2級,大喝一声,だいかついっせい,大きな声を発して、厳しく叱ること。または、その声のこと。「喝」は禅宗で使われる修行者の迷いや邪心を、厳しく叱ったり励ますときのかけ声のこと。
準2級,大兵肥満,だいひょうひまん,体が大きく、太っている体格のこと。または、そのような人のこと。 「大兵」はたくましくて大きい体のこと。
準2級,打成一片,だじょういっぺん,他のことを全て忘れて、一つのことだけに力を尽くすこと。仏教の言葉で、禅宗の座禅に没頭して達する悟りの境地のこと。
準2級,打草驚蛇,だそうきょうだ,必要のないことをしたために、無駄な災難にあうこと。草をたたいて、草の中に隠れている蛇を驚かすという意味から。「草（くさ）を打って蛇（へび）を驚かす」とも読む。五代十国時代の南唐で、賄賂で私腹を肥やしたとされる地方長官の王魯の故事から。兵法三十六計の第十三計でもあり、そちらは疑わしいところをあえて突いて、敵の様子を探るという意味で使われる。
準2級,男耕女織,だんこうじょしょく,男性と女性、それぞれに天から与えられた、果たすべき仕事があるということ。男性が畑を耕し、女性が機を織ることを仕事にするのは自然なことであるという意味から。
準2級,断悪修善,だんなくしゅぜん,全ての煩悩を捨て去るという誓いのこと。全ての悪を断ち切って善を修めるという意味の仏教の言葉で、菩薩の誓願の一つ。「悪を断ち善を修（おさ）む」とも読む。
準2級,地角天涯,ちかくてんがい,二つの地がきわめて離れていることのたとえ。天の果て、大地のすみという意味から。 「地角天涯」ともいう。
準2級,知崇礼卑,ちすうれいひ,真の知者は知識が増えれば増えるほど、謙遜して他人に対して礼を尽くすものであるということ。「崇」は高く積み上げること。 「卑」は謙遜すること。
準2級,鋳山煮海,ちゅうさんしゃかい,たくさんの財産を蓄えること。または、山や海の資源が豊かなこと。「鋳山」は山から銅を採掘して銅貨を作ること。「煮海」は海水を煮て塩を作ること。「山に鋳（い）、海を煮る」「山に鋳（い）、海に煮る」とも読む。
準2級,抽薪止沸,ちゅうしんしふつ,問題を根元から解決すること。「抽薪」は火のついている薪をかまどから引き抜くこと。「止沸」は沸騰している湯を冷ますこと。沸騰している湯を冷ますために、燃えている薪をかまどから引き抜くということから。「薪を抽（ぬ）きて沸（たぎり）を止（とど）む」とも読む。
準2級,中途半端,ちゅうとはんぱ,始めたことが最後まで終わっていないこと。または、はっきりと決めることができないあいまいな態度のこと。「中途」は道の半ばのこと。「半端」は必要なものが全てそろっていないことや、はっきりと決められないあいまいな態度のこと。
準2級,朝真暮偽,ちょうしんぼぎ,真偽を見極めることが難しいこと。または、信念や主義などがすぐに変わる人のこと。朝と夕方で真実とうそが入れ変わるという意味から。元は中国の唐の詩人の白居易が、信念や主義などをすぐに変える人のことを風刺した言葉。
準2級,長命富貴,ちょうめいふうき,長生きで、高い地位を持っていて、多くの資産があること。「貴」は高い地位を持っていること。
準2級,陳勝呉広,ちんしょうごこう,他の人よりも先に物事を行う人のこと。または、反乱をするときの一番最初の指導者のこと。「陳勝」と「呉広」は人の名前。古代中国の秦の時代、楚の陳勝と呉広は、協力して秦の圧政に苦しむ人々を引き連れて反乱を起こし、一度は勝利したが最終的に戦いに敗れた。そこから、各地で反乱を起こす人が現われ、秦を滅ぼしたという故事から。
準2級,沈黙寡言,ちんもくかげん,落ち着きがあって、口数が少ないこと。「寡言」は言葉が少ないという意味から、無口なこと。「寡言沈黙」ともいう。
準2級,追奔逐北,ついほんちくほく,走って逃げる賊などを追いかけるという意味。「追」と「逐」は追いかけるという意味。「奔」と「北」は走って逃げるという意味。
準2級,津津浦浦,つつうらうら,全国のありとあらゆる場所のこと。「津」は港、「浦」は海岸や海辺のことで重ねて強調した言葉。どこの津でも、どこの浦でもという意味。
準2級,低唱微吟,ていしょうびぎん,低く小さい声で物静かに歌を口ずさむこと。「低唱」は低い声で詩歌を歌うこと。 「微吟」は小さな声で詩歌を歌うこと。意味が類似している言葉を重ねて強調したもの。
準2級,徹頭徹尾,てっとうてつび,始めから終わりまで意志や覚悟を曲げないこと。「徹」は貫くこと。頭から尾まで貫くという意味から。
準2級,天下泰平,てんかたいへい,世の中が平和な状態で安定していて、穏やかな状態のこと。または、心配事もなくのびのびとしている様子のこと。「天下」は天の下の全てという意味から全世界や国全体のこと。「泰平」は世の中が平和なこと。 「天下太平」とも書く。
準2級,天涯孤独,てんがいこどく,血縁者や婚姻関係にある人がいないこと。または、故郷を出て一人で暮らすこと。「天涯」は空の果て。または、故郷から離れた土地。「孤独」は信頼できる人が一人もいないこと。
準2級,天涯地角,てんがいちかく,二つの地がきわめて離れていることのたとえ。天の果て、大地のすみという意味から。 「地角天涯」ともいう。
準2級,天涯比隣,てんがいひりん,どれだけ遠く離れていても、すぐ近くにいるように親しく感じること。主に親友などについていう言葉。 「天涯」は非常に距離が離れていること。「比隣」は隣の家。
準2級,天懸地隔,てんけんちかく,違いが非常に激しいこと。天と地ほどに大きな違いがあるという意味から。
準2級,天井桟敷,てんじょうさじき,大きな劇場で、料金が安く、一番天井に近い後ろの客席のこと。一番奥にあるために見づらく、せりふも聞き取り辛いが、料金が安いため、何度も通う芝居好きの客が多く、演者には重要視された。
準2級,天壌無窮,てんじょうむきゅう,いつまでも終わることなく、天と地と共に続いていくこと。「天壌」は天と地のことで、広く大きいことや終わりがないことのたとえ。「無窮」は極まりないという意味から、永遠や永久のたとえ。
準2級,泥船渡河,でいせんとか,世間との付き合いが危険なことのたとえ。泥の船で河を渡るという意味から。
準2級,桃紅柳緑,とうこうりゅうりょく,春の景色の美しさの形容。桃の美しい紅い花と、柳のあざやかな緑の葉という意味から。「柳緑桃紅」ともいう。
準2級,東奔西走,とうほんせいそう,仕事や用事などの目的を果たすために、いろいろな方向や場所へ忙しく走り回ること。「奔」と「走」はどちらも走るという意味。目的を果たすために、東の方向へ走った後に反対の西の方向へ走るという意味から。
準2級,等量斉視,とうりょうせいし,全ての人を区別することなく、同じように扱うこと。全てのものを同じように量り、同じように視るという意味から。「等しく量り斉（ひと）しく視る」とも読む。
準2級,徳性滋養,とくせいじよう,道徳心を育てること。「徳性」は生まれつきに持っている道徳的な性質。「滋養」は育てるという意味。
準2級,徳量寛大,とくりょうかんだい,立派な徳を持っていて、広く大きな心があること。
準2級,斗折蛇行,とせつだこう,川や道が曲がりくねっていて長く続いている様子。「斗折」の「斗」は星座の北斗七星のことで、北斗七星のように折れ曲がっている様子。「蛇行」は蛇がくねって移動するように、曲がりくねっている様子。
準2級,塗抹詩書,とまつししょ,幼い子供のこと。または、幼い子供のいたずらのこと。 「塗抹」は塗りつぶすこと。「詩書」は儒教で大切にされている経典の詩経と書経。儒教では大切にされている経典も、幼児は気にかけることなく塗りつぶしてしまうという意味から。「詩書（ししょ）を塗抹（とまつ）す」とも読む。
準2級,洞庭春色,どうていしゅんしょく,みかんを使って発酵、熟成させて作った酒のこと。「洞庭」は中国にある湖の名前、洞庭湖のことで、洞庭湖の春の景色という意味から。中国では立春の日にこの酒を飲んでいたとされている。
準2級,独弦哀歌,どくげんあいか,一人で弦楽器を弾いて、悲しげな調子で歌を歌うこと。または、痛ましい様子で弁舌すること。 「独絃哀歌」とも書く。
準2級,読書尚友,どくしょしょうゆう,読書をすることで、昔の賢者を友とすること。書物を読むことで、その人物の人格や、その時代を明らかにすることをいう。
準2級,読書百遍,どくしょひゃっぺん,意味の難しい文章でも、何度も読むことで自然に理解できるということ。「百遍」は百回行うということから、何度も行うことのたとえ。「読書百遍、意自ずから通ず」という形で使うことの多い言葉。中国の三国時代、魏の董遇が読書の大切さを弟子に説いたという言葉から。
準2級,土豪劣紳,どごうれっしん,農民から搾取するあくどい地方豪族や資産家のこと。「土豪」は地方豪族のこと。「劣紳」は下品で卑しい紳士ということから、地主や資産家を軽蔑して呼ぶ名称。
準2級,土木壮麗,どぼくそうれい,庭や建物が大きく美しいこと。「土木」は家の造作という意味から、庭や建物のたとえ。「壮麗」は大きくて立派なこと。
準2級,内剛外柔,ないごうがいじゅう,外見は穏やかでやさしそうに見えるが、心の中には何事にも左右されない強い意志や信念をもっていること。「柔」は優しいこと。穏やかなこと。 「剛」は心が強いこと。「外柔内剛」ともいう。
準2級,内柔外剛,ないじゅうがいごう,心の中はやさしくおだやかだが、外見は強そうに見えること。「柔」はやわらかくて弱いという意味。 「剛」はかたくて強いという意味。「外剛内柔」ともいう。
準2級,内政干渉,ないせいかんしょう,ある国の政治や外交などの問題に他国が口を出すこと。「干渉」は他人の領域に勝手に介入すること。
準2級,内疎外親,ないそがいしん,内心は嫌っているが、それを隠して親しげに接すること。「内疎」は内側で嫌っていること。「外親」は外側で親しいように見せかけること。
準2級,内憂外患,ないゆうがいかん,国の内側にも外側にも問題や心配事がたくさんあること。「内憂」は内側に問題があることで国内の問題のこと。「外患」は外側に問題があることで外国から受ける災難や問題のこと。国だけではなく、組織や個人などの表現にも使われる言葉。
準2級,南無三宝,なむさんぼう,仏門に入り、仏教の三宝を信じて、仏に頼ること。または、驚いたり失敗したときに「南無三」と略して発する言葉。「南無」は経典や仏の名前の前につけて、絶対的な信頼を寄せて頼ること（梵語の音訳）。「三宝」は仏、仏の教え、教えをひろめる僧のこと。
準2級,二河白道,にがびゃくどう,仏教での極楽往生へ至るための道のこと。「二河」は怒りを示す火の河と貪欲を示す水の河のこと。二つの河に挟まれた極楽の彼岸に到達する白い道のことで、両側から火と水が迫り、後ろからも追っ手が迫っている中で一心にその道を進むと、ついには極楽浄土へたどり着いたことから、煩悩にまみれた人でも念仏一筋につとめれば悟りの彼岸にいたることを説いたもの。
準2級,肉食妻帯,にくじきさいたい,僧侶が肉を食べ、妻をもつこと。仏教の戒律では禁じられていたが、浄土真宗では親鸞のころから認められていた。明治五年に、僧の肉食・妻帯・蓄髪を自由とする布告が出て、ほかの宗派にも広まった。
準2級,如是我聞,にょぜがもん,仏教で経文の冒頭に記される定型の言葉。「私はこのようにお聞きしました」という意味。
準2級,如法暗夜,にょほうあんや,明かりの一切無い本当の暗闇のこと。「如法」は本当に、文字通りという意味。「暗夜」は月の出ない真っ暗な夜のこと。
準2級,廃寝忘食,はいしんぼうしょく,他のことを忘れてしまうほど、一つのことに夢中になること。または、集中して一つのことを頑張ること。「廃寝」は寝ることをやめる、「忘食」は食事を忘れることで、寝ることもせず食べることも忘れるほど没頭するという意味から。
準2級,杯中蛇影,はいちゅうのだえい,疑う気持ちが強くなると、つまらないことでも過剰に気になり病んでしまうことのたとえ。自分の杯の酒に蛇の形をした影が映っているのを見て、蛇を飲み込んでしまったと思い込んで病気になったが、後にその影は蛇ではなく壁にかけていた弓のものであったと知ると、すぐに病気が治ったという故事から。
準2級,敗柳残花,はいりゅうざんか,容姿の美しい女性が老いて、容姿が衰えたことのたとえ。または、不貞な女性や売春婦のたとえ。中国では美しい女性のことを、柳葉眉や花顔など柳や花にたとえとして使っていて、枯れた柳と咲き終えた花という意味から。
準2級,白衣宰相,はくいのさいしょう,地位を持っていないのに、大きな権力を持っている人。または、地位を持っていないのに、宰相のような待遇を受けること。「白衣」は白い色の服のことで、官位にある人は、官位ごとの決まっている色の服を着たということから、官位のない人のこと。「宰相」は政務を執る官位の最高位のこと。
準2級,白首窮経,はくしゅきゅうけい,歳をとって老いるまで学問に精を出すこと。「白首」は白い頭という意味から、白髪頭のことで老人のたとえ。「窮経」は儒教の基本経典とされる五経を研究すること。
準2級,伯仲叔季,はくちゅうしゅくき,兄弟の順序の呼び名。一番上の兄から順番に「伯」、次男を「仲」、三男を「叔」、末弟を「季」と呼ぶ。
準2級,伯楽一顧,はくらくのいっこ,賢者がすぐれた君主に才能が認められ、重要な地位を与えられること。「伯楽」は中国の春秋時代の人の名前。 伯楽が一度振り返るという意味から。伯楽は名馬を見分ける達人として有名で、馬を市場に出したが三日売れなかったために、伯楽に振り返ってくれるように頼んだところ、その日のうちに十倍の値段がついて売れたという故事から。
準2級,破邪顕正,はじゃけんしょう,不正を打破して、正しい行いを示して守ること。仏教の言葉で、邪説を打破して、正しい仏教の道を指し示すことをいう。
準2級,八索九丘,はっさくきゅうきゅう,古い書物の名前。「八索」は八卦のことが書かれているとされる書物。「九丘」は地理のことが書かれているとされる書物。古代中国の書物で、どちらも現存していない。
準2級,発憤興起,はっぷんこうき,気持ちを奮い立たせて、立ち上がること。または、気合を入れて、力を尽くすこと。「発憤」は気持ちを奮い立たせること。「興起」は立ち上がること。または、励むこと。 「発奮興起」とも書く。
準2級,発憤忘食,はっぷんぼうしょく,食事を忘れるほどに気合を入れて取り組むこと。「発憤」は気持ちを奮い立たせること。「忘食」は食べることを忘れるほどに夢中になること。孔子が孔子自身の勉学に取り組む姿勢を言った言葉。「憤（いきどお）りを発して食を忘（わす）る」とも読む。「発奮忘食」とも書く。
準2級,煩言砕辞,はんげんさいじ,細かく複雑な言葉。「煩言」は複雑で面倒な言葉。 「砕辞」は細かくて複雑な言葉。
準2級,版籍奉還,はんせきほうかん,明治維新の後に行われた政治改革で、日本全国の藩主が朝廷に領地と領民を返還したこと。「版籍」は版図と戸籍のことで、土地と領民のこと。「奉還」は返すという意味の言葉で、それを謙って言う言葉。「藩籍奉還」とも書く。
準2級,麦穂両岐,ばくすいりょうき,豊作の前兆。または、善い政治が行われていることのたとえ。「両岐」は二股に分かれること。麦の穂が二股に分かれて、どちらにも実が実るということから。
準2級,伴食宰相,ばんしょくさいしょう,持っている地位に見合った能力がないこと。または、言いなりになるだけの無能な大臣のこと。「伴食」は主客のお供をして、食事をご馳走になること。または、仕事をせずに給料をもらうこと。「宰相」は大臣のこと。中国の唐の盧懐慎は、姚崇が政務を休んだときに、自分の能力が姚崇に及ばないということを知った。それから盧懐慎は、独断で物事を処理することなく、姚崇に指示を仰いでいたということで、人々から「伴食宰相」と呼称されたという故事から。
準2級,万馬奔騰,ばんばほんとう,極めて盛んな勢いがあること。「万馬」は非常に馬が多いこと。「奔騰」は勢いよく走って高く飛び跳ねること。
準2級,万物斉同,ばんぶつせいどう,荘子の思想で、相対的な知を否定して、唯一絶対の観点からすれば、全てのものは同じであるというもの。人の認識は善悪などの対立する概念を相対化して成り立っているが、それらを超越した絶対的な無の境地から見れば、全ては同じものであるということ。
準2級,被褐懐玉,ひかつかいぎょく,すぐれた才能を持っているが、表面には出さないこと。「褐」はぼろぼろの服のことで、外見は粗末な服だが懐には宝玉を隠し持っているという意味。
準2級,被害妄想,ひがいもうそう,主に精神疾患にみられる症状で、特に根拠もないのに、他者から危害を受けていると思い込むこと。「妄想」は間違ったことを根拠もなく信じること。
準2級,百載無窮,ひゃくさいむきゅう,いつまでも無くなることがないこと。「百載」は「百歳」のことで、百年という意味から、永遠、永久という意味。「無窮」は限りがないこと。 天地はいつまでも不変であることをいう言葉。
準2級,百世不磨,ひゃくせいふま,いつまでも消えることなく存在し続けること。「百世」は世代が百代もの長い期間という意味から、非常に長い年月、後世まで長く続くという意味。「不磨」は擦り減ってなくなることがないこと。
準2級,百戦錬磨,ひゃくせんれんま,実際に何度も戦闘を行って、鍛え上げられていること。または、多くの経験を積み重ねていること。「百戦」は非常に多くの戦いのたとえ。「錬磨」は鍛え磨くという意味から技術や精神を向上させること。多くの戦闘に参加して、武術を鍛え上げることをいう。「百戦練磨」とも書く。
準2級,百八煩悩,ひゃくはちぼんのう,人間の持つ苦しみを生み出す全ての迷いのこと。「煩悩」は仏教の言葉で、人間の心身の苦しみを生み出す迷いのこと。煩悩は百八種類あるとされている。
準2級,百花斉放,ひゃっかせいほう,学問や芸術などが、自由で盛んに行われて発展すること。「百花」は花の数が非常に多いことのたとえ。全ての花が同時に咲くという意味から。1956年に中国共産党の主席である毛沢東が「百家争鳴」と共に掲げた標語の一つで、翌年には撤回された。
準2級,百古不磨,ひゃっこふま,いつまでも消えることなく存在し続けること。「百古」は非常に長い年月、後世まで長く続くという意味。「不磨」は擦り減ってなくなることがないこと。
準2級,富貴栄華,ふうきえいが,身分が高くて財産もあり、華やかに繁栄していること。「富貴」は身分が高くて財産があること。「栄華」はきらびやかに栄えていること。
準2級,富貴在天,ふうきざいてん,財産や地位は天命によって決まっており、人の思い通りにはならないということ。
準2級,富貴浮雲,ふうきふうん,富や地位などは、はかないものであるということ。悪行で手にした財産や地位は、はかなく身につかないこと。また、金銭や地位などに心がひきつけられることがないことのたとえとしても用いられる言葉。「浮雲」は浮いている雲のことで、落ち着きが無くはかないものであることから。
準2級,富貴福沢,ふうきふくたく,財産や高い地位があって幸福なこと。主に天から与えられる高い地位・財産・恵みのことをいう。「福沢」は幸福と恵みのこと。
準2級,富貴利達,ふうきりたつ,多くの財産を得て、高い地位や官職に就くこと。「富貴」は多くの財産と高い地位。「利達」は利益を得て、高い地位や官職に就くこと。
準2級,風霜高潔,ふうそうこうけつ,清く澄み切った秋の景色のたとえ。風が空高く吹き渡って、霜は白くて清らかに見えるという意味から。
準2級,風流韻事,ふうりゅういんじ,詩歌や書画などの高尚な遊びのこと。または、自然と親しむ上品で優雅な趣味のこと。「風流」は上品で風情があること。「韻事」は詩歌や書画などの風情がある高尚な遊びのこと。
準2級,不耕不織,ふこうふしょく,何かを生み出すような仕事をしないこと。または、武士などの身分のこと。田を耕すこともなく、機を織ることもないという意味から。そのような仕事には、武士は関わることはないということから。
準2級,腐敗堕落,ふはいだらく,気持ちがゆるんで、だらしない生活をするようになること。「腐敗」と「堕落」はどちらも、行いが悪くなって生活が乱れること。「堕落腐敗」ともいう。
準2級,普遍妥当,ふへんだとう,どんな出来事や条件にも当てはまること。「普遍」はどんなものにも共通すること。「妥当」は無理がなく、ふさわしいこと。
準2級,不偏不党,ふへんふとう,主義や思想にこだわることなく、また特定の党に所属することなく、公平で中立の立場をとること。「不偏」はかたよらないこと。「不党」は特定の主義や主張を持つ党派に所属しないこと。
準2級,不立文字,ふりゅうもんじ,経典に書かれている教義や教条だけではなく、体験によって伝えることが最も大切であるということ。禅宗の言葉で、悟りの道は言葉や文字ではなく心で伝わるものだという教えから。「文字（もんじ）を立てず」とも読む。
準2級,附和雷同,ふわらいどう,自分の考えなどなく、周りの意見にむやみに同調すること。「附和」は考えなく他人の意見に賛同すること。「雷同」は雷の轟きで、物が共振するということ。「附和」は「付和」とも書く。 「雷同附和」ともいう。
準2級,粉骨砕身,ふんこつさいしん,力の限りを尽くして努力したり働いたりすること。「粉骨」は骨を粉にすること。 「砕身」は身を砕くこと。骨を粉にして身を砕くような努力をするという意味から。特に任された仕事などに対して使うことが多い言葉。 「砕身粉骨」ともいう。
準2級,聞風喪胆,ぶんぷうそうたん,評判やうわさを聞いて激しく驚くこと。「聞風」はうわさ話のこと。 「喪胆」は胆を失う、激しく驚くという意味。「風（ふう）を聞きて胆（きも）を喪（うしな）う」とも読む。
準2級,分崩離析,ぶんぽうりせき,組織がばらばらになること。「分崩」はばらばらに崩れること。 「離析」は分裂するという意味。人々が君主を見限って、人々の心が君主から離れて散り散りになることをいう。
準2級,弊衣破帽,へいいはぼう,「弊衣」はぼろぼろの服、「破帽」は破れた帽子のことで、むさくるしい粗野な身なりのこと。
準2級,褒衣博帯,ほういはくたい,大きな裾の服と広い帯のことで儒者の服のこと。また、儒者や学者、文人のこと。 「褒衣」は裾の大きい服のこと。
準2級,放歌高吟,ほうかこうぎん,大声で歌を歌ったり、周りを気にせずに詩を吟じたりすること。「高歌」は大きな声で歌うこと。「放吟」は周りを気にせずに詩歌を吟じること。「放歌高吟」「高吟放歌」ともいう。
準2級,飽経風霜,ほうけいふうそう,世の中の様々な苦労を経験して、したたかで狡猾なこと。「飽経」は飽きるほどに何度も経験すること。「風霜」は困難や苦難のたとえ。
準2級,包蔵禍心,ほうぞうかしん,誰にも気付かれないように悪事を企むこと。「包蔵」は包み隠すこと。 「禍心」は悪い行いをしようと計画すること。「禍心（かしん）を包蔵（ほうぞう）す」とも読む。 「苞蔵禍心」とも書く。
準2級,保革伯仲,ほかくはくちゅう,体制の維持を主張する保守政党と、体制の改革を主張する革新政党の議員の数がほとんど同じ状態のこと。「保」は保守派の政党。 「革」は革新派の政党。「伯仲」の「伯」は兄、「仲」は弟のことで、力に優劣がなく近いということ。
準2級,奔南狩北,ほんなんしゅほく,天子が災難に巻き込まれないように、北へ南へと逃れること。「奔」は逃げること。天子が災難を避けるために逃げることをはばかって、逃げるではなく狩りに行くと言っていたということから。
準2級,忙中有閑,ぼうちゅうゆうかん,どんなに忙しいときでも、一息つくくらいの暇はあること。「忙中（ぼうちゅう）閑（かん）有り」とも読む。
準2級,母猿断腸,ぼえんだんちょう,激しい悲しみや苦しみ。中国の東晋の桓温の部下が、舟で移動しているときに子猿を捕らえた。母猿は岸をつたって、百里以上追いかけて船に飛び乗ったところで力尽き、母猿の腹を割くと腸がずたずたになっていたという故事から。
準2級,墨名儒行,ぼくめいじゅこう,主張している主義と実際に行っていることが食い違っていること。儒家を批判している墨家と自称して、儒家の孔子の教えに従って行動するという意味から。
準2級,末路窮途,まつろきゅうと,苦しい境遇や困難から逃げることが出来ない様子。または、そのような状態で困り果てること。「末路」は道の終わり、「窮途」は先のない道のことで、道がなくどこにも行くことができないという意味から。「窮途末路」ともいう。
準2級,満目荒涼,まんもくこうりょう,見渡すかぎり全てが荒廃している様子。「満目」は視認できる距離全て。 「荒涼」は荒れて寂れていること。
準2級,名聞利養,みょうもんりよう,名声と財産を得ようとする欲のこと。「名聞」は世間の評判、「利養」は身を削り財欲を満たすこと。
準2級,無学文盲,むがくもんもう,知識がなく、文字を読むことさえできないこと。または、その人のこと。
準2級,無私無偏,むしむへん,自分の利益などを考えずに公平に行動や判断をすること。「無偏」は偏ることがないこと。
準2級,無常迅速,むじょうじんそく,人の世の移り変わりは、この上なく速くてはかないということ。「無常」は仏教語で世の中は変化がとても速くて変化しないものはないということ。または、人の命ははかないということ。「迅速」は非常に速い様子のこと。
準2級,無声無臭,むせいむしゅう,誰にも気づかれずに目立たないことや、行動しても影響がまったく無いこと。または、天の行いは、計り知ることができないので、人は気がつかないということ。何の声もなく、何のにおいもしないという意味から。
準2級,無駄方便,むだほうべん,役にたっていないように見えるものが、実際は何かの役にたっていることもあること。「方便」は状況にあわせた方法のこと。
準2級,迷悟一如,めいごいちにょ,仏教では、迷いも悟りも仏になる本性をもつという観点からどちらも同一のものであるということ。
準2級,明珠暗投,めいしゅあんとう,すぐれた才能をもちながら、世に認められないこと。また、どんなに価値のあるものでも、差し出し方をまちがえると、かえって疑われうとまれることのたとえ。「明珠」は自ら光を放つ美しい玉、「暗投」は暗がりに投げること。漢の時代、梁の孝王に仕えた鄒陽は、こびへつらわなかったために讒言され、捕らえられた。そのとき王に奉った書状で、光る玉であっても夜道を行く人に投げつければだれもが剣に手をかけてにらむ、それは何の筋道もなく目の前に飛んでくるからだ、と述べて身の潔白を訴えた。
準2級,妄言多謝,もうげんたしゃ,独断と偏見でいい加減な言葉を並べ立てた後に、相手にわびる言葉。手紙などで自分の意見などを包み隠さずに記した手紙の末尾に記して、失礼をわびる言葉。
準2級,妄評多罪,もうひょうたざい,他人の文章を批評したあとに、末尾に付記する言葉で、見当外れで無遠慮な批評をわびるという意味。
準2級,目挑心招,もくちょうしんしょう,遊女が客を流し目で誘惑する様子のこと。「目挑」は流し目で誘うこと、「心招」は心の中で誘い招くこと。
準2級,問柳尋花,もんりゅうじんか,花や柳を探しながら景色を楽しむことから、春の景色を楽しむこと。または、花や柳を遊女や芸妓にたとえて、色町で遊ぶこと。「柳を問い、花を尋ねる」とも読む。 「尋花問柳」ともいう。
準2級,唯一無二,ゆいいつむに,世の中に一つだけで他に並ぶものがないもののこと。「唯一」は一つだけ、「無二」は二つとないということで、同じ意味を持つ同義語を並べたもの。
準2級,唯我独尊,ゆいがどくそん,この世で自分だけがすぐれていると増長すること。釈迦が生まれた時の故事から。
準2級,幽愁暗恨,ゆうしゅうあんこん,誰にも知られることのない深い恨みや憂いのこと。「幽愁」は奥深い嘆き、「暗恨」は深い恨みのこと。
準2級,雄大豪壮,ゆうだいごうそう,規模が大きくて、立派なこと。「雄大」は雄々しくて大きいという意味。「豪壮」は大きくて立派という意味。
準2級,有備無患,ゆうびむかん,日頃から十分に準備をしておけば、何が起こっても困らないという意味。「備え有れば患（うれ）い無し」の形で使うことが多い言葉。
準2級,悠悠閑閑,ゆうゆうかんかん,のんびりとしていて落ち着いている様子。「悠悠」はあせらずにゆったりとしている様子。「閑閑」は静かで落ち着いていること。似ている意味の言葉を重ねて強調した言葉。「悠悠」は「優優」、「閑閑」は「緩緩」とも書く。
準2級,悠悠自適,ゆうゆうじてき,世間のうんざりするようなことから離れて、思いのままのんびりと生活すること。「悠悠」は落ち着いていてのんびりと余裕のある様子。「自適」は気分のままに楽しみながらのんびりと暮らすこと。「優遊自適」や「優游自適」とも書く。
準2級,庸言庸行,ようげんようこう,いつもどおりの言葉遣いと行動のこと。「庸言」はいつもの言動、「庸行」はいつもの行動。
準2級,養生喪死,ようせいそうし,生きているものをしっかりと養って、死んだものをしっかりと弔うこと。民がこれを十分に果たせるようになることが、王道政治の第一歩とした孟子の思想。「生を養い死を喪（そう）す」とも読む。
準2級,雷騰雲奔,らいとううんぽん,現れたと思う時間すらなく、すぐに去ってしまうこと。「雷騰」は雷が踊り上がること、「雲奔」は雲が走るように流れること。
準2級,楽禍幸災,らくかこうさい,他人の不幸を見て楽しみ喜ぶこと。「幸災」は自分以外の人が不幸になることを喜ぶこと。「楽禍」は自分以外の人に災いが訪れることを見て楽しむこと。「災いを幸（さいわ）いとし禍（わざわ）いを楽しむ」とも読む。「楽禍幸災」ともいう。
準2級,離群索居,りぐんさっきょ,仲間や群れから離れて一人でいること。「群」は群れや仲間、「索」は散るや孤立するという意味。
準2級,履霜堅氷,りそうけんぴょう,大きな災難に遭わないように、少しでも災難の前兆があれば準備する、または避けるべきであるということ。「履霜」は霜（しも）を踏むこと。霜を踏むようになると寒さがさらに厳しくなるので準備をしなければならないという意味。
準2級,柳暗花明,りゅうあんかめい,「柳暗」は柳が茂って薄暗いこと、「花明」は花が明るく咲くことから、春の美しい景観の形容。または、芸者や遊女の社会のこと。
準2級,柳緑花紅,りゅうりょくかこう,人が手を加えていない自然のままの美しさのこと。緑の柳と紅い花のことから、春の美しい景色をいう言葉。禅宗では、柳は緑で花は紅いという自然そのものの姿こそが悟りの境地であるということ。「花紅柳緑」ともいう。
準2級,陵谷遷貿,りょうこくせんぼう,世の中が非常に激しく変化して、今までとは全く別のものになることのたとえ。「遷貿」は時間と共に様変わりしていくこと。大きな丘が削られて深い谷になったり、深い谷が石などに埋め立てられて大きな丘になったりするような大きな変化という意味から。
準2級,累世同居,るいせいどうきょ,数世代の子孫が同じ家に同居すること。「累世」は代々または世を重ねるということ。「同居」は同じ家に一緒に住むこと。
準2級,露往霜来,ろおうそうらい,露の季節が過ぎ去って気が付くと霜の季節が来るという意味から、時の流れが早いことのたとえ。
準2級,六根清浄,ろっこんしょうじょう,欲望や迷いを断ち切り、心と体を清らかにすること。「六根」は仏教で煩悩や迷いなどの元になるとされる六つの器官のことで、眼・耳・鼻・舌・身・意のことをいう。「清浄」は煩悩や迷いなどを捨てて、汚れがなく清らかなこと。山参りなどで修行者が山に登るときに唱えていた言葉。「六根浄」と略して用いられることもあり、それが変化したものが「どっこいしょ」という掛け声の語源ともいわれている。
準2級,和衷共済,わちゅうきょうさい,心を合わせて協力して物事を行うこと。「和衷」は心の底から一つに合わせること。
準2級,和衷協同,わちゅうきょうどう,心を合わせて協力して物事を行うこと。「和衷」は心の底から一つに合わせること、「協同」は協力して物事を行うこと。
準2級,和風慶雲,わふうけいうん,温厚な人格者を言い表した語。穏やかで和らいだ風とよいことが起きる前兆とされる雲（慶雲）のような存在という意味。孔子の弟子の顔淵を評した言葉。
準2級,和洋折衷,わようせっちゅう,日本と西洋の様式を適度に取り入れて混ぜ合わせること。「和洋」は日本と西洋、「折衷」は様々なものの中から良い所を選び、両極端な部分を捨ててうまく調和させること。
2級,哀毀骨立,あいきこつりつ,哀しみのあまり体を毀し、骨と皮ばかりになるほど痩せること。多くは肉親の死を悼む場合にいう。
2級,握髪吐哺,あくはつとほ,熱心にすぐれた人材を探し求めることのたとえ。「握髪」は髪を握ること。 「吐哺」は食べ物を吐き出すこと。周の初期、周公旦は食事中でも食べ物を吐き出し、入浴中でも濡れた髪を握って、面接を求める人にはすぐに面会して、すぐれた人材の登用に努めたという故事から。「吐哺握髪」「吐哺捉髪」「吐握之労」ともいう。
2級,衣錦還郷,いきんかんきょう,「故郷に錦を飾る」の語源で、出世して故郷に帰ること。「錦」は金や銀などの糸で織り込んだ美しい絹織物のこと。
2級,一行三昧,いちぎょうざんまい,一つの修行法を一心に励むこと。または、念仏を唱えること。 「一行」は一つのことに専念すること。「三昧」は精神を集中することで、心を安らかにすること。
2級,一目瞭然,いちもくりょうぜん,ほんの少し見ただけでも、はっきりとわかること。「一目」はほんの少しだけ見ること。「瞭然」はしっかりとした区別があり、わかりやすいこと。「一目了然」とも書く。
2級,一旦緩急,いったんかんきゅう,いざというとき。緊急時には。「一旦」はある朝、ある日という意味から、ひとたび、一度という意味。「緩急」は急を要する事態のこと。「一旦緩急あれば」という形で用いる言葉で、一度、緊急の事態が起こればという意味。
2級,一筆勾消,いっぴつこうしょう,今までのものを全て取り消すこと。「勾消」は線を引いて消すこと。帳簿などの今までの記録の上から線を引いて消すという意味から。中国の北宋の時代に范仲淹は、才能のない駄目な役人を名簿から消していったという故事から。「一筆勾銷」とも書く。
2級,鬱鬱勃勃,うつうつぼつぼつ,生気が満ちる様子のこと。「鬱鬱」は植物が活発に茂ること。 「勃勃」は盛んに湧き上がること。
2級,円頓止観,えんどんしかん,人格を完成した完璧な悟りの境地をいう言葉。すべての物事を完全に備えていて、雑念がなく、直ちに悟りに到る境地のこと。すべての存在がそのまま真実の理法にかなうことを正しく観察すること。主に仏教の天台宗で「漸次止観」、「不定止観」と合わせて、「三種止観」と呼ばれる言葉。
2級,横眉怒目,おうびどもく,きびしい表情や怒気をみなぎらせた顔つきのこと。「横眉」は眉を吊り上げること。 「怒目」は怒りに満ちた目つきのこと。
2級,岡目八目,おかめはちもく,当事者よりも、傍観者のほうが物事の情勢を正確に判断できることのたとえ。「岡目」は、他人の行動を横から見ること。囲碁では、対局者よりも観戦者のほうが冷静に局面を見通し、八手先まで予測できるといわれることに由来する言葉。
2級,怨親平等,おんしんびょうどう,敵を憎まず、味方をひいきせず、両者を平等に扱うこと。「怨親」は敵対する者と親しい者のこと。もとは仏教語で、敵味方を区別することなく平等に慈しみ、極楽往生を願うこと。
2級,怨憎会苦,おんぞうえく,自分が怨んだり憎んだりしている相手とも会わなければならない苦しみのこと。仏教語でいう八苦のうちの一つ。八苦とは「生」「老」「病」「死」「愛別離苦」「怨憎会苦」「求不得苦」「五陰盛苦」の八つの苦しみのこと。
2級,怨敵退散,おんてきたいさん,「怨むべき敵よ、退散するがよい」という意味。降伏祈願などで唱える言葉。
2級,苛政猛虎,かせいもうこ,悪政は人を食べる虎よりも人々を苦しめるということ。人々を苦しめる政治を戒める言葉。 「苛政」は人々を苦しめるひどい政治。中国の思想家の孔子が道端で泣いている女性に出会い、その理由を聞くと姑と夫、息子が虎に殺されたといい、孔子がなぜこの地を離れないのかと聞くと、悪政がしかれていないからと答えたという故事から。「苛政（かせい）は虎（とら）よりも猛（たけ）し」とも読む。
2級,甘言蜜語,かんげんみつご,相手に気に入られるための心地よい言葉。「蜜語」は男女の甘い語らいのことで、蜜のように甘い言葉ということから。
2級,簡単明瞭,かんたんめいりょう,単純ではっきりとしていること。「明瞭」ははっきりとしていて分かりやすいこと。
2級,蓋棺事定,がいかんじてい,その人の生前の評価はあてにならず、死後になってはじめて定まること。「蓋棺」は遺体を入れる棺の蓋を閉めるということから、死ぬことをいう。「棺（かん）を蓋（おお）いて事（こと）定まる」とも読む。
2級,外巧内嫉,がいこうないしつ,見た目はわからないようにしているが、心の中ではねたんでいること。「外巧」は外見をうまく飾る、「内嫉」は心の中でねたむということ。
2級,蓋天蓋地,がいてんがいち,この世の全てに仏の教えが広まること。「蓋」は覆うという意味で、仏法が天地全てを覆うという意味から。「天を蓋（おお）い地を蓋（おお）う」とも読む。
2級,瓦解土崩,がかいどほう,物事が根元から崩壊して、手の施しようが無いこと。「土崩」は盛っていた土の山が崩れること。「瓦解」は落ちてきた瓦が砕けてばらばらになること。「瓦解土崩」ともいう。
2級,瓦鶏陶犬,がけいとうけん,格好だけが立派で、実際には役に立たないもののこと。「陶犬」は陶製の犬のこと。 「瓦鶏」は素焼きの鶏のこと。作り物の犬では番犬のように家を守ることはできず、作り物の鶏では夜明けを告げることはできないことから。「瓦鶏陶犬」ともいう。
2級,玩人喪徳,がんじんそうとく,人を見くびって軽く扱うと、自身の徳を失うことになるということ。「玩人」は人を軽く見てもてあそぶこと。「人を玩（もてあそ）べば徳を喪（うしな）う」とも読む。
2級,玩物喪志,がんぶつそうし,必要の無いものに夢中になって、大切なことをなおざりにすること。「喪志」は本来の目的を忘れること。物に執着すれば志を失くしてしまうという意味から。「物（もの）を玩（もてあそ）べば志（こころざし）を喪（うしな）う」とも読む。
2級,含哺鼓腹,がんぽこふく,人々が豊かな生活をして、平和な世の中を楽しむこと。「含哺」は口に食べ物を含むこと。 「鼓腹」は腹鼓を打つこと。満腹になって満たされている様子から。「哺（ほ）を含み腹（はら）を鼓（こ）す」とも読む。
2級,奇技淫巧,きぎいんこう,人の目を驚かせるためだけの、風変わりな技や度を越した細工。「奇技」は珍しい技芸、「淫巧」は度を過ぎた凝った細工。『書経』で周の武王は、殷の紂王が天地や祖先の祭りをおろそかにし、奇技淫巧を作らせて女性を喜ばせたと責め、これを討伐の理由の一つに挙げた。
2級,亀甲獣骨,きっこうじゅうこつ,亀の甲羅と、けものの骨。古代中国では、亀の腹側の甲や牛・鹿の肩の骨に焼いた棒を押し当て、熱で生じたひび割れの形によって吉凶を占った。殷の時代の後半には、占った内容や結果をその表面に刻みつけるようになり、この文字を甲骨文字という。
2級,挙案斉眉,きょあんせいび,夫婦の間にも礼儀を保って、お互いに尊敬しあっていること。「案」は食事などを載せる膳のこと。中国の後漢の梁鴻の妻である孟光は、梁鴻に食事を出すときは、膳を眉の高さまで捧げて敬っていたという故事から。「案を挙（あ）ぐること眉（まゆ）に斉（ひと）しくす」とも読む。
2級,錦衣玉食,きんいぎょくしょく,贅沢な生活のたとえ。または、高い身分のたとえ。美しく高級な着物と宝石のように上等な食事ということから。
2級,金亀換酒,きんきかんしゅ,酒をなによりも愛すること。または、親友を心を込めてもてなすこと。「金亀」は亀の形をしている金の装飾品のことで、極めて価値の高いものや貴重なもののたとえ。中国の唐の賀知章は、金亀を売って酒を買い、李白をもてなしたという故事から。
2級,錦上添花,きんじょうてんか,よい出来事が重なることのたとえ。または、美しいものに美しいものを重ねることのたとえ。美しいあや織物の上に、美しい花を添えるという意味から。「錦上（きんじょう）に花（はな）を添う」とも読む。
2級,玉砕瓦全,ぎょくさいがぜん,名誉を守るために未練なく潔く死ぬこと（玉砕）と、名誉を捨てて無為に生き延びること（瓦全）を並べた言葉。「玉砕」は、宝石が砕け散るように美しく名誉のために命を捧げること。「瓦全」は、価値の低い瓦のように、何もせずただ長く生き続けること。「大丈夫（だいじょうぶ）は寧（むし）ろ玉砕（ぎょくさい）す可（べ）く、瓦全（がぜん）たる能（あた）わず」（立派で高潔な人物は、名誉を守るために潔く命を捧げることはできても、恥を忍んで無意味に生き延びることはできない）という言葉を略した表現。
2級,吟風弄月,ぎんぷうろうげつ,自然の景色を題材にして、詩を詠むこと。「吟風」は風に吹かれながら詩歌を吟じること。「弄月」は月を眺めて楽しむこと。「風（かぜ）に吟（ぎん）じ月を弄（もてあそ）ぶ」とも読む。
2級,苦髪楽爪,くがみらくづめ,人の苦楽の様子のことで、苦しいときは髪が早く伸び、楽をしているときは爪が早く伸びるということ。
2級,苦爪楽髪,くづめらくがみ,人の苦楽の様子。苦しい時は爪がよく伸び、楽をしている時は髪がよく伸びるということ。「楽髪苦爪」ともいう。
2級,君子三畏,くんしのさんい,君子がおそれ敬うべき三つのこと。天命、有徳の大人、聖人の言をいう。「君子」は人格者、「畏」はおそれ敬うこと。
2級,傾蓋知己,けいがいのちき,以前からの親友のように、初めて出会った者同士がすぐに親しくなること。「傾蓋」は車の蓋を傾けるという意味から車を止めること。「知己」は友人という意味。
2級,犬牙相制,けんがそうせい,国境でお互いに牽制しあうこと。「犬牙」は犬の牙のことで、国境が入り組んでいることのたとえ。「犬牙（けんが）相（あい）制す」とも読む。
2級,堅塞固塁,けんさいこるい,並外れて守りの堅い砦。「塞」と「塁」はどちらも要塞のこと。
2級,懸頭刺股,けんとうしこ,苦労しながらも勉学に励むこと。「懸頭」は縄を首にかけること。「刺股」は穴をあけるための錐（きり）でふとももを刺すこと。中国の漢の時代の楚の孫敬は、勉強をしているときに眠らないように、天井から下げた縄を首にかけて眠るとしまるようにして勉強を続けたという故事と、中国の戦国時代の蘇秦が眠くなるとふとももを錐で刺して、眠気を覚ましながら勉強したという二つの故事から。「頭（こうべ）を懸（か）け股（もも）を刺す」とも読む。「刺股懸頭」ともいう。
2級,賢明愚昧,けんめいぐまい,賢いことと愚かなこと。「賢明」は賢く道理に明るいこと。 「愚昧」は愚かで道理に暗いこと。
2級,後生可畏,こうせいかい,若い人はまだ成長の途中であり、大きな可能性を秘めているため、敬うべきであるということ。「後生」は自分よりも後に生まれてきた人のこと。「後生（こうせい）畏（おそ）る可（べ）し」とも読む。
2級,向天吐唾,こうてんとだ,他人に害を与えようとして、自分にその害が返ってくること。天に唾を吐きかけようとして、自分の顔に落ちてくるという意味から。「天に向かって唾を吐く」とも読み、この形で使うことが多い言葉。
2級,荒唐無稽,こうとうむけい,根拠も何もなく、でたらめなこと。「荒唐」はでたらめなこと。 「無稽」は考えるべき根拠がまるでないこと。「無稽荒唐」ともいう。
2級,黄霧四塞,こうむしそく,世界が乱れる前兆で、黄色い霧が辺り一面に満ちること。
2級,克伐怨欲,こくばつえんよく,勝ち気、自慢、恨み、貪欲という四つの悪い心。「克」は必要以上に人に勝とうとすること。 「伐」は自分の功績を誇ること。「怨」は小さなことでも恨むこと。「欲」は満たされることなく、欲し続けること。
2級,虎渓三笑,こけいさんしょう,あることに夢中になって、他のことを全て忘れてしまうこと。「虎渓」は中国の江西省の廬山にあったとされる谷の名前。「三笑」は三人で笑うこと。中国の東晋の高僧の慧遠は、廬山の寺にこもって、虎渓よりも外に出ないと誓っていたが、詩人の陶潜と道士の陸修静を見送るときに話に夢中になり、虎の吠える声で虎渓を越えてしまったことに気づき、三人で大笑いしたという故事から。
2級,虎穴虎子,こけつこし,危険なことをしなければ、大きな利益や功績を得ることはできないということ。「虎子」は虎の子ども。虎の子どもを捕らえるためには、危険な虎の巣穴に入るしかないという意味から。「虎穴に入らずんば虎子を得ず」を略した言葉。
2級,虎頭蛇尾,ことうだび,始めは勢いがあるが、終わりになるとなくなってしまうことのたとえ。頭は大きくて立派な虎の頭だが、尾は蛇のように細く弱々しいという意味から。
2級,虎尾春氷,こびしゅんぴょう,極めて危険なことのたとえ。または、危険なことをすることのたとえ。虎の尾を踏んで、春の厚みの無い氷の上を歩くという意味から。「虎尾春冰」とも書く。
2級,金輪奈落,こんりんならく,物事の極限のたとえ。または、絶対にや、どこまでもということ。 「金輪」は大地の一番の深い底。「奈落」は地獄のこと。仏教の言葉で、仏教の世界観での三つの大輪の一つで、大地の下にあり、下から順に風輪、水輪があって、その上にあるとされている。
2級,傲岸不遜,ごうがんふそん,おごりたかぶって、人に従わず、見下す様子。「傲岸」はいばり人を見下す、「不遜」はへりくだらない、従わないこと。
2級,塞翁失馬,さいおうしつば,人生における幸福と不幸は変転きわまりなく、前もって見通すことはできないということ。目先の出来事に一喜一憂すべきではないといういましめ。「塞翁」は、中国北方の国境の砦（塞）のそばに住んでいた老人を指す。あるとき、この老人が飼っていた馬が逃げて塞の外(胡の地)へ出てしまった。近所の人々が気の毒がると、老人は「これがかえって幸いにならないとも限らない」と言った。しばらくして、その馬はすぐれた馬を連れて戻ってきた。人々が祝うと、老人は今度は「これが災いのもとにならないとも限らない」と言った。やがて、その良馬に乗った息子が落馬して足の骨を折り、不自由な体になってしまう。人々が同情すると、老人はまた「これが幸いに転じないとも限らない」と言った。のちに戦(いくさ)が起こり、若者の多くが兵に取られて命を落としたが、足を痛めていた息子は徴兵をまぬがれ、親子ともに生きながらえた。この故事から、禍(わざわい)と福(さいわい)は表裏をなして入れ替わり、人の力では予測しがたいことのたとえとして用いられるようになった。「塞翁之馬」ともいう。
2級,左戚右賢,させきゆうけん,君主が、身内よりも賢い人材を重んじること。「戚」は親族、「賢」はすぐれた人。漢の時代は右を尊び左を卑しいとしたので、親族を左に、賢者を右に置くという言い方で表した。「右賢左戚」ともいう。
2級,沙中偶語,さちゅうのぐうご,臣下同士で謀反を起こす相談をすること。「沙中」は人のいない砂地のこと、「偶語」は向かい合って話し合うこと。古代中国の漢の君主の劉邦の時代に、功績を上げていても褒賞がもらえずに、他に人のいない砂地で、臣下たちが謀反の相談をしていたという故事から。
2級,沙羅双樹,さらそうじゅ,八十歳で入滅した釈迦の寝床にあった沙羅の木のこと。「沙羅」は植物の名前。釈迦が入滅したときに、釈迦の寝床の四方に二本ずつあった常緑樹である沙羅の木が、釈迦の入滅を悲しんで、一本ずつ枯れたとも、全ての木が白くなって枯れたとも言われている伝説のこと。日本では『平家物語』の冒頭の句として有名。 「砂羅双樹」とも書く。
2級,三人成虎,さんにんせいこ,真実ではないことでも、多くの人が言えばいつの間にか真実として広まるということのたとえ。「街に虎が出たと言ったら信じるか」と尋ねると「信じない」と答えた。「それならばもう一人別の人物が同じことを言ったら信じるか」と尋ねると「わからない」と答え、「三人ならどうか」と聞くと「信じるようになるだろう」と答えたという故事から。
2級,斬新奇抜,ざんしんきばつ,物事の思いつきがこれまでにないほど新しく、独特なこと。「斬新」は今までになく新しいこと。「奇抜」は他の人が思いつきもしない、変わっていること。
2級,歯牙余論,しがのよろん,少しの言葉や何気ない褒め言葉のこと。「歯牙」は歯と牙のことから口の端という意味。「余論」は余った言論のことからちょっとした言葉という意味。
2級,市虎三伝,しこさんでん,真実ではないことでも、多くの人が言えばいつの間にか真実として広まるということのたとえ。「街に虎が出たと言ったら信じるか」と尋ねると「信じない」と答えた。「それならばもう一人別の人物が同じことを言ったら信じるか」と尋ねると「わからない」と答え、「三人ならどうか」と聞くと「信じるようになるだろう」と答えたという故事から。
2級,羞花閉月,しゅうかへいげつ,容姿が極めて美しいこと。「羞」は恥らうこと。美しさに花も恥じらい、月も恥ずかしがって雲に隠れてしまうほどの美女という意味から。「閉月羞花」「羞月閉花」ともいう。
2級,羞月閉花,しゅうげつへいか,容姿が極めて美しいこと。「羞」は恥らうこと。美しさに花も恥じらい、月も恥ずかしがって雲に隠れてしまうほどの美女という意味から。「閉月羞花」「羞月閉花」ともいう。
2級,袖手傍観,しゅうしゅぼうかん,隣で何も出来ずに、ただ見ていること。「袖手」は袖の中から手を出さないということから、何もしないこと。大きな出来事が起きて、やらなければならないことがあるのに、何もせずにただ見ているだけでいることを非難する目的で用いることが多い言葉。「袖手傍観」とも書く。
2級,衆酔独醒,しゅうすいどくせい,周囲の全ての人が道徳を失っているが、自分だけは正しく生きているということ。周りにいる全ての人は酒に酔っているが、自分だけは酔わずに醒めているという意味から。古代中国の戦国時代の楚の詩人、屈原が讒言によって追放されたときに、漁師になぜさまよっているかと聞かれて返した言葉で、「衆人皆酔えるに、我独り醒めたり」を略した言葉。
2級,神采英抜,しんさいえいばつ,内面も容姿も他の人よりもすぐれていること。「神采」は心と外見。 「英抜」は他よりもずば抜けてすぐれていること。「神彩英抜」とも書く。
2級,自家薬籠,じかやくろう,自分の使いたい時に自由に使える物や技術、または人のこと。「薬籠」は薬箱のことで、自分の家にある薬箱の中の薬はどれも役に立つものであり、必要なときに好きなように使えることから。
2級,慈眉善目,じびぜんもく,「慈眉」は慈愛に満ちた眉、「善目」は正直でまじめそうな目のことから、やさしくて善良そうな顔つきのこと。
2級,熟読玩味,じゅくどくがんみ,文章をしっかりと読んで、その意味を落ち着いてゆっくりと考えて味わうこと。「熟読」は文章を繰り返し読んで、意味を十分に考えること。「玩味」は食べ物の味をしっかりと感じながら食べるという意味で、文章の深い意味を読み取って味わうこと。「熟読含味」とも書く。
2級,精衛塡海,せいえいてんかい,実現不可能な計画を立てて失敗し、無駄な努力となること。または、いつまでたっても悔やんでいること。「精衛」は伝説上の小鳥の名前。 「塡海」は海を埋めること。伝説上の皇帝炎帝の娘である女娃は東海で溺れ死んだ。女娃は伝説上の小鳥「精衛」に化身し、自身の死んだ東海を小石や小枝などで埋めようとしたが、失敗に終わったという故事から。
2級,凄凄切切,せいせいせつせつ,非常にさびしい様子のこと。「凄切」はさびしいことで、重ねて強調した言葉。
2級,青藍氷水,せいらんひょうすい,弟子が師よりもすぐれた者になることのたとえ。「青藍」は、青い染料は藍の草から取るのに、もとの藍よりも青いということ。「氷水」は、氷は水からできるのに、もとの水よりも冷たいということ。二つを並べて、学びによって人はもとを超えられると説いた『荀子』の一節にある言葉。
2級,赤手空拳,せきしゅくうけん,誰から手を借りることなく、自分の力だけで物事を行うこと。武器を持たずに、素手で敵に向かっていくという意味から。 「赤手」は素手。「空拳」は手に何も持たない拳だけのこと。
2級,刹那主義,せつなしゅぎ,未来や過去のことを考えず、今が楽しければそれでよいという考えのこと。「刹那」は仏教の言葉で、非常に短い時間、一瞬のこと。
2級,煎水作氷,せんすいさくひょう,絶対に不可能なこと。または、見当違いなやり方では、目的を果たすことは出来ないということ。「煎」は煮るということ。 氷を作るために水を煮るという意味から。「水を煎（に）て氷を作る」とも読む。 「煎水作冰」とも書く。
2級,戦戦慄慄,せんせんりつりつ,恐怖で震えてびくびくする様子。「戦慄」は恐怖で震えるという意味で、重ねて意味を強調した言葉。
2級,舌端月旦,ぜったんげったん,言葉で人を批評すること。「舌端」は口先、言葉。「月旦」は人の批評をすること。または、月の始めの日のこと。中国の後漢の時代の許劭は、若い頃に従兄の許靖や故郷の人を毎月の初めに批評していたという故事から。
2級,痩骨窮骸,そうこつきゅうがい,老いて衰えた体のこと。「痩骨」と「窮骸」はどちらも細くなって衰弱した体のこと。
2級,堆金積玉,たいきんせきぎょく,巨万の富を集めること。「堆」と「積」は積み上げること。 「金」と「玉」は金や宝石などのこと。金や宝石などの財宝を積み上げるという意味から。
2級,大賢虎変,たいけんこへん,すぐれた賢者が、時の流れに合わせて、日々自己変革すること。または、すぐれた統治者の制度変革によって、古い制度が新しくてより良い制度に改められること。「大賢」は徳があって立派な人。「虎変」は虎の毛が美しく立派に生え変わること。見事に変化や改革をすることのたとえ。
2級,戴月披星,たいげつひせい,夜明け前から夜遅くまで精一杯仕事をすること。「披星」は星を披るということから、夜が明ける前という意味。「戴月」は月を戴くということから、夜遅くという意味。「戴月披星」ともいう。
2級,大人虎変,たいじんこへん,すぐれた賢者が、時の流れに合わせて、日に日に自己変革すること。または、すぐれた統治者の制度変革によって、古い制度が新しくてよりよい制度に改められること。「大人」は徳があって立派な人、「虎変」は虎の毛が美しく立派に生え変わることから、変化や改革を見事にすることのたとえ。
2級,体貌閑雅,たいぼうかんが,容姿が落ち着いていて上品な様子。「体貌」は体つきと容貌、姿かたちのこと。「閑雅」は品があって落ち着いていること。
2級,戴盆望天,たいぼんぼうてん,一度に二つのことを同時にすることは出来ないということのたとえ。頭に盆を載せたままでは、盆が邪魔になって天を見上げることは出来ないという意味から。司馬遷が死刑を宣告された友人に送ったとされる手紙の一節から。「盆を戴（いだ）きて天を望む」とも読む。
2級,断崖絶壁,だんがいぜっぺき,非常に険しい崖のこと。または、非常に危険な状況。「断崖」と「絶壁」はどちらも非常に切り立った崖のことで、同じ意味の言葉を重ねて強調した言葉。
2級,池魚籠鳥,ちぎょろうちょう,束縛された境遇のたとえで、主に宮仕えの役人のこと。また、不自由な暮らしのこと。不自由な境遇を「池の魚」と「籠（かご）の鳥」にたとえたもの。
2級,中秋玩月,ちゅうしゅうがんげつ,仲秋の夜に月を見て楽しむ宴会を催すこと。「中秋」は仲秋のことで、仲秋は秋を三分割した中の月のことで、陰暦八月十五日のこと。「玩月」は月を見ること。または、愛でること。 「仲秋翫月」とも書く。
2級,長袖善舞,ちょうしゅうぜんぶ,前もってしっかりと準備してことに臨めば成功しやすいということ。または、元手や資質があれば成功しやすいということ。袖が長い服のほうが、袖の短い服よりも舞う時に美しく見えるということから。「長袖（ちょうしゅう）善く舞う」とも読む。
2級,朝成暮毀,ちょうせいぼき,建物を頻繁に壊したり、作ったりすること。建物を朝には完成させて、夜には壊すということから。「朝（あした）に成り暮れに毀（こぼ）つ」とも読む。
2級,張眉怒目,ちょうびどもく,怒った顔を言い表す言葉。眉を吊り上げて、目を大きく見開くということから。「眉（まゆ）を張り目を怒（いか）らす」とも読む。
2級,頂門金椎,ちょうもんのきんつい,要点を的確に突く戒めや忠告のこと。「頂門」は頭頂部。 「金椎」は金槌。急所である頭頂部を、金槌で確実に叩くという意味から。
2級,沈鬱頓挫,ちんうつとんざ,詩文に深い意味を込めすぎて、意味がなかなか理解できないこと。「沈鬱」は気分が落ち込んでいて晴れないという意味から、文章に深い意味があって重いということ。「頓挫」は途中でつまづくという意味から、筆勢が急に柔らかくなるということで、文章の調子に変化があることをいう。
2級,程孔傾蓋,ていこうけいがい,親しく会話すること。古くからの友人のように親しく会話すること。 「程孔」は程子と孔子。「傾蓋」は車の蓋を傾けるという意味から車を止めること。旅の途中に孔子と程子がたまたま出会い親しく会話したという故事から。
2級,天人冥合,てんじんめいごう,天の意志と人の行いが自然と一致すること。正しい行いをすれば、知らず知らずのうちに天の意志と一致するということ。「冥合」は自然と一致するという意味。
2級,天造草昧,てんぞうそうまい,天と地が生まれる前の渾沌としている様子。「天造」は天が世界を作ること。「草昧」は始まる前の秩序もなく、渾沌としている状態のこと。
2級,陶犬瓦鶏,とうけんがけい,格好だけが立派で、実際には役に立たないもののこと。「陶犬」は陶製の犬のこと。 「瓦鶏」は素焼きの鶏のこと。作り物の犬では番犬のように家を守ることはできず、作り物の鶏では夜明けを告げることはできないことから。「瓦鶏陶犬」ともいう。
2級,吐気揚眉,ときようび,目的を成し遂げて思いっきり喜ぶこと。または、我慢を強いられていた環境から解放されて喜ぶこと。または、積極的な心持ちになっていて活気づいている様子。眉を上げて息を吐くことから笑顔や活気のある様子のこと。「眉を揚げ気を吐く」とも訓読する。 「吐気揚眉」ともいう。
2級,徒手空拳,としゅくうけん,物事を始める時に、助けとなるものが何一つないこと。「徒手」と「空拳」はどちらも手の中に何も無いという意味で、物事を始めるときに力として使うことが出来るものが何も無いことをいう。
2級,吐哺握髪,とほあくはつ,熱心にすぐれた人材を探し求めることのたとえ。「握髪」は髪を握ること。 「吐哺」は食べ物を吐き出すこと。周の初期、周公旦は食事中でも食べ物を吐き出し、入浴中でも濡れた髪を握って、面接を求める人にはすぐに面会して、すぐれた人材の登用に努めたという故事から。「吐哺握髪」「吐哺捉髪」「吐握之労」ともいう。
2級,吐哺捉髪,とほそくはつ,熱心にすぐれた人材を探し求めることのたとえ。「握髪」は髪を握ること。 「吐哺」は食べ物を吐き出すこと。周の初期、周公旦は食事中でも食べ物を吐き出し、入浴中でも濡れた髪を握って、面接を求める人にはすぐに面会して、すぐれた人材の登用に努めたという故事から。「吐哺握髪」「吐哺捉髪」「吐握之労」ともいう。
2級,頓首再拝,とんしゅさいはい,頭を深く下げて丁寧にお辞儀をすること。または、手紙の最後に記して敬意を示す言葉。「頓首」は頭を地面につけてお辞儀をすること。「再拝」は二度拝むという意味の言葉。
2級,土崩瓦解,どほうがかい,物事が根元から崩壊して、手の施しようが無いこと。「土崩」は盛っていた土の山が崩れること。「瓦解」は落ちてきた瓦が砕けてばらばらになること。「瓦解土崩」ともいう。
2級,土木形骸,どぼくけいがい,自然のまま飾らずに生きることのたとえ。「土木」は土と木のこと。 「形骸」は人の体。土や木のように自然で飾らない姿という意味から。「形骸（けいがい）を土木にす」とも読む。 「形骸土木」ともいう。
2級,熱願冷諦,ねつがんれいてい,熱意をもって強く願うことと、冷静に本質を見定めること。
2級,念仏三昧,ねんぶつざんまい,一心に念仏を唱えて雑念を払い、心を統一すること。「念仏」は仏を思い、南無阿弥陀仏の名号を唱えること。「三昧」は他のことを考えることなく、集中して取り組むこと。
2級,杯酒解怨,はいしゅかいえん,「杯酒」は杯に注いだ酒。またはそれを飲むこと。杯を酌み交わして、怨みを忘れるという意味。
2級,廃仏毀釈,はいぶつきしゃく,仏教を排斥する運動のこと。特に、明治元年の神仏分離令によって起きた、仏教の排斥運動を指す。寺院や仏像などの破壊が行われた。
2級,伯牙絶弦,はくがぜつげん,非常に深い関係の親友を失った悲しみ。「伯牙」は中国の春秋時代の人の名前。琴の名手である伯牙は、自分の一番の理解者であり、親友だった鍾子期が亡くなり、自分の琴を理解してくれる人はもういないといい、琴の弦を切って、二度と弾くことはなかったという故事から。「伯牙絶絃」とも書く。
2級,拍手喝采,はくしゅかっさい,拍手をしながら大きな声で褒めたてること。「喝采」は大きな声を出して褒めたてること。
2級,白眉最良,はくびさいりょう,たくさんのものの中で一番すぐれていること。中国三国時代、蜀の馬氏の五人兄弟はみな優秀であり、全員の字（あざな）に「常」の字がついていた。中でも、馬良はひときわすぐれており、幼い頃から眉に白い毛が混ざっていたことから「白眉」と呼ばれ、「馬氏の五常、白眉最も良し」といわれたという故事から。
2級,白璧断獄,はくへきだんごく,罪が疑わしいときは罰せず、手柄が疑わしいときは賞を与えるということ。「白璧」は白い玉、「断獄」は罪を裁くこと。梁の王が、裁きにくい訴えについて陶朱公に意見を求めた。陶朱公は、同じに見える二つの白い玉も、傾けて見れば厚みが違い、値打ちも違うと答えた。王はこれを聞いて、疑わしい罪は罰せず、疑わしい手柄には賞を与えたという故事から。
2級,薄暮冥冥,はくぼめいめい,日が暮れる頃の薄暗い様子。「薄暮」は日が暮れる頃、夕暮れ。「冥冥」は暗くてはっきりと区別できない様子。
2級,破綻百出,はたんひゃくしゅつ,喋れば喋るほどぼろが出ること。「破綻」は布の破れとほころび。 「百」は数が多いことのたとえ。破れやほころびがたくさん出てくるという意味から。
2級,氾愛兼利,はんあいけんり,たくさんの人々を同じように愛して、利益を公平に分かち合うこと。「氾愛」は全ての人々を平等に愛すること。「兼利」は利益を分かち合うこと。中国の戦国時代、荘子が墨子の思想について述べた言葉から。「氾（ひろ）く愛し兼ねて利（り）す」とも読む。
2級,半醒半睡,はんせいはんすい,意識がはっきりしていない状態。半分目覚めていて、半分寝ているということから。 「半睡半醒」ともいう。
2級,汎濫停蓄,はんらんていちく,深く広い学識があること。「汎濫」は水が溢れるということから、学識が広いことのたとえ。「停蓄」は水がたまるということから、学識が深いことのたとえ。
2級,馬鹿果報,ばかかほう,思ってもいないことで大きな幸運が手に入ること。または、愚かな人は人から憎しみを受けることがないので、幸せな人生を送ることができるということ。
2級,抜本塞源,ばっぽんそくげん,災いの原因になるものを完全に取り除くこと。「抜本」は木の根を引き抜くこと。 「塞源」は水源を塞ぐこと。中国の春秋時代、晋が周を攻めようとしたときに、周の景王は晋の平公に使いを出し、周を攻めることは、同族の本家である周をないがしろにして、木の根を抜き、水源を塞ぐようなものだと言ったという故事から。「本（もと）を抜き源（みなもと）を塞（ふさ）ぐ」とも読む。
2級,抜山蓋世,ばつざんがいせい,山を引き抜き、世をおおいつくすほどに、勢いが強く気力の盛んなさま。人並みはずれた威勢や気概をいう。「抜山」は山を引き抜く意で、たぐいまれな力の強さを、「蓋世」は世をおおう意で、天下を圧するほどの気概を表す。『史記』項羽本紀に載る項羽の「垓下の歌」の一句「力は山を抜き、気は世を蓋う」に基づく。楚漢の戦いの末、垓下で漢軍に包囲され四面楚歌に陥った項羽が、みずからの力と気概を誇りながらも滅びを悟って歌ったもので、この一句から生まれた言い回し。「山を抜き世を蓋（おお）う」とも読む。
2級,馬良白眉,ばりょうはくび,たくさんのものの中で一番すぐれていること。中国三国時代、蜀の馬氏の五人兄弟はみな優秀であり、全員の字（あざな）に「常」の字がついていた。中でも、馬良はひときわすぐれており、幼い頃から眉に白い毛が混ざっていたことから「白眉」と呼ばれ、「馬氏の五常、白眉最も良し」といわれたという故事から。
2級,披星戴月,ひせいたいげつ,夜明け前から夜遅くまで精一杯仕事をすること。「披星」は星を披るということから、夜が明ける前という意味。「戴月」は月を戴くということから、夜遅くという意味。「戴月披星」ともいう。
2級,氷消瓦解,ひょうしょうがかい,物事がばらばらになること。または、完全に無くなること。氷が解けて消えるように、屋根の瓦の一部分の崩壊から全体が次々と崩れるように、ばらばらになるという意味から。「氷（こおり）と消え瓦（かわら）と解く」とも読む。「氷」は「冰」、「消」は「銷」とも書く。 「瓦解氷消」ともいう。
2級,眉間一尺,びかんいっしゃく,「眉間」は眉の間のことで、それが広いという意味から、賢人の相のたとえ。
2級,眉目秀麗,びもくしゅうれい,顔立ちが美しく整っている様子。主に男性に対して使う言葉。「眉目」は眉と目のことから、顔立ちという意味。「秀麗」は他よりも優れていて、美しく整っている様子。
2級,眉目清秀,びもくせいしゅう,顔のつくりが美しく整っている様子。主に男性に対して使う言葉。「眉目」は眉と目のことで、顔のつくりという意味。「清秀」は他よりも優れていて、美しく整っている様子。
2級,風流三昧,ふうりゅうざんまい,自然を親しんで、詩歌や書画などの高尚な遊びに夢中になること。「風流」は上品で風情があること。「三昧」はほかのことを忘れて熱中すること。
2級,粉愁香怨,ふんしゅうこうえん,美しい女性が怨み悲しむ様子。「粉」はおしろい、「香」はお香のことで、どちらも化粧をした美しい女性のたとえ。
2級,舞文弄法,ぶぶんろうほう,自分の都合のいいように、法律の条文を解釈して乱用すること。「舞」と「弄」はどちらも、好き勝手な解釈をすること。「文を舞（ま）わし法を弄（もてあそ）ぶ」とも読む。
2級,閉月羞花,へいげつしゅうか,容姿が極めて美しいこと。「羞」は恥らうこと。美しさに花も恥じらい、月も恥ずかしがって雲に隠れてしまうほどの美女という意味から。「閉月羞花」「羞月閉花」ともいう。
2級,閉口頓首,へいこうとんしゅ,どうしようもなく困り果てること。または、言い負かされて返答することが出来なくなること。「閉口」は口を閉じて何も言わない様子のことで、困り果てた状態を意味する。「頓首」は頭を地面につけるようにおじぎすること。
2級,平沙万里,へいさばんり,"非常に大きい砂漠のこと。「平沙」は平坦で広大な砂原のこと。 「沙」は""砂""と同じ意味。「万里」ははるか遠くまで広がっている様子。"
2級,報怨以徳,ほうえんいとく,受けた怨みに対して、恩徳を持って接して恩恵を与えること。「怨みに報（むく）ゆるに徳を以（も）ってす」とも読む。
2級,方底円蓋,ほうていえんがい,物事が上手くかみ合わないことのたとえ。「方」は四角形。 「円」は円形。底が四角形の容器に円形の蓋ということから。
2級,蜂房水渦,ほうぼうすいか,数多くの家屋が集中して立ち並んでいる様子。建物が蜂の巣の穴のように隣り合っていて、水の渦巻きのように連なっているという意味から。
2級,法華三昧,ほっけざんまい,心を集中して法華経の奥義を極めること。「三昧」は一つのことだけに心を集中して取り組むこと。
2級,貌合心離,ぼうごうしんり,表面は親密さを装って交際してはいるが誠意がないことのたとえ。「貌」は表に見せている形ということで、表向きは合わせてはいるが、心は離れているという意味から。
2級,名詮自性,みょうせんじしょう,仏教語で、名はそのものの本質を表すということ。「名詮」はその名に備わっている、「自性」はそのものの本質のこと。
2級,無影無踪,むえいむそう,どこへ行ったのかわからないこと。「踪」は足跡のことで、影も足跡も存在しないという意味。
2級,冥頑不霊,めいがんふれい,道理がわからず、頑固で思考が鈍いひとのこと。「冥頑」は頑固で道理がわからないこと、「不霊」は頭の働きが鈍いという意味。
2級,盲亀浮木,もうきふぼく,非常に出会うことが難しいこと。または非常に珍しいこと。「盲亀」は盲目の亀、「浮木」は流木のこと。大海に住む盲目の亀が、百年に一度海面に浮かんでくる時に、小さな穴の開いた海を漂う流木の中に首を入れるという寓話（ぐうわ）から。
2級,冶金踊躍,やきんようやく,自分が置かれている今の立場に満足できないこと。「冶金」は金属を溶かすこと、「踊躍」は勢いよく飛び跳ねることで、溶かされた金属がるつぼの中で、勢いよく跳ねて外へ出ようとすることから。
2級,右賢左戚,ゆうけんさせき,君主が、身内よりも賢い人材を重んじること。「戚」は親族、「賢」はすぐれた人。漢の時代は右を尊び左を卑しいとしたので、親族を左に、賢者を右に置くという言い方で表した。「右賢左戚」ともいう。
2級,雄心勃勃,ゆうしんぼつぼつ,雄々しい勇気が、溢れ出してくること。「雄心」は雄々しい心や勇気。 「勃勃」は勢いよくわき起こること。
2級,妖怪変化,ようかいへんげ,人知を超えた怪しい化け物のこと。「妖怪」「変化」ともに化け物という意味。
2級,妖言惑衆,ようげんわくしゅう,怪しげな言説で世の人々を惑わすこと。「妖言」は怪しい噂や風説のこと。
2級,羊質虎皮,ようしつこひ,外見は立派だが、中身が伴わないこと。虎の皮を羊に被せることから。 「虎皮羊質」ともいう。
2級,揚眉吐気,ようびとき,目的を成し遂げて思いっきり喜ぶこと。または、我慢を強いられていた環境から解放されて喜ぶこと。または、積極的な心持ちになっていて活気づいている様子。眉を上げて息を吐くことから笑顔や活気のある様子のこと。「眉を揚げ気を吐く」とも訓読する。 「吐気揚眉」ともいう。
2級,沃野千里,よくやせんり,よく肥えた平地がどこまでも広がっていること。「里」は距離の単位で、「千里」は非常に長い距離のたとえ。「沃埜千里」とも書く。
2級,抑揚頓挫,よくようとんざ,文や声の調子を上げ下げして変えたり、勢いを変えたりすること。または、勢いが急になくなること。
2級,藍田生玉,らんでんしょうぎょく,名家から家柄に見合ったすぐれた子弟が生まれること。「藍田」は中国の陝西省にある山の名前で、美しい宝石の産地。宝石の名産地から美しい宝石が産出されるという意味から。「藍田（らんでん）玉（ぎょく）を生ず」とも読む。
2級,冷嘲熱罵,れいちょうねつば,冷ややかに嘲笑して、激しく罵倒すること。「冷嘲」は冷ややかに嘲る、「熱罵」は熱く罵るという意味。
2級,冷土荒堆,れいどこうたい,冷ややかで荒れた盛り土という意味から、墓のこと。「堆」は土を高く盛ることや盛った土そのもの。
2級,籠鳥恋雲,ろうちょうれんうん,捕らえられている者が自由を望むことのたとえ。籠の中の鳥が空を恋しがるという意味から。
準1級,愛及屋烏,あいきゅうおくう,溺愛、盲愛のたとえ。「屋烏」は屋根にとまっている烏（からす）のこと。その人を愛するあまり、その人に関わるもの全て、その人の家の屋根に止まっている烏さえも愛おしくなるということから。
準1級,哀鴻遍野,あいこうへんや,戦いに敗れた兵士や、住む所を失った人々が、野原一面にあふれているさま。「哀鴻」は悲しげに鳴く大きな雁、「遍野」は野原じゅう、ということ。あてどなく飛ぶ雁が悲しげに鳴きかわすさまを、家を失ってさまよう人々になぞらえた言葉から。
準1級,曖昧模糊,あいまいもこ,本質や実態がぼんやりとしていてはっきりとわからないこと。「曖昧」と「模糊」はどちらもはっきりしない、不明瞭という意味。
準1級,愛楊葉児,あいようように,やなぎの葉を愛する幼児という意味。幼児が黄色く色づいたやなぎの葉を見て黄金と思い込み大切にするということから、浅い知識のままで、真理を追究しようとしないこと。浅い知識のままで満足することを戒めた仏教語。
準1級,浅瀬仇波,あさせあだなみ,思慮が浅い人は、気にする必要がないどんな小さな出来事でも大騒ぎすることのたとえ。深い淵より浅瀬のほうが激しく波が起こることから。
準1級,阿世曲学,あせいきょくがく,学問の正当な道理を歪め、権力や世間の意向、時流に迎合し、好意を買うためにへつらうこと。「阿世」は世間の好意を得るために迎合する様子。「曲学」は正道から逸脱した学問。 「曲学阿世」ともいう。
準1級,可惜身命,あたらしんみょう,体や命をいとおしむこと。「可惜」は、今のままでは惜しい、または大切なものや良いものが相応しい扱いをされていないことを惜しむこと。「身命」は身体や生命のこと。
準1級,阿鼻叫喚,あびきょうかん,非常に無残でむごい様子のこと。「阿鼻」は仏教の八大地獄の一つで最下層にあるとされる阿鼻地獄、または無間地獄のことで、そこに落ちたものが様々な苦痛を受けて泣き喚くということから。
準1級,阿附迎合,あふげいごう,相手に気に入られようと、相手の言うことを何でも聞き、媚びて機嫌をとること。「阿附」は人に気に入られようとして、機嫌を取ったり、言うことを聞いたりすること。「迎合」は相手の言うことを何でも聞くこと。
準1級,按甲休兵,あんこうきゅうへい,武装を解いて、戦いや争いをやめること。「按甲」は甲冑を外すこと。 「休兵」は兵を休ませること。「甲（こう）を按（あん）じて兵を休む」とも読む。
準1級,安車蒲輪,あんしゃほりん,老人をいたわり、丁重にもてなすこと。「安車」は老人や妊婦が座れるように仕立てられた小車のこと。「蒲輪」は蒲の穂で車輪を包み、振動を抑えて乗り心地をよくしたもの。
準1級,按図索駿,あんずさくしゅん,実際には役に立たない意見や考えのたとえ。また、決まったやり方にこだわり融通のきかないことのたとえ。名馬を絵や書物の知識のみから見つけようとする意から。
準1級,暗箭傷人,あんせんしょうじん,こっそりと人を陥れたり、中傷したりすること。「暗箭」は暗がりから放たれた矢のこと。 「傷人」は人を傷つけること。「暗箭（あんせん）人を傷（やぶ）る」とも読む。
準1級,暗中摸索,あんちゅうもさく,手がかりのない中で、色々と試してみること。「暗中」は暗い場所、「摸索」は手探りで何かを探すことで、暗い場所で手の感触のみを頼りに探し物をするという意味から。「暗中模索」とも書く。
準1級,按兵不動,あんぺいふどう,状況や様子を窺いながら、良い機会が訪れるのを待つこと。「按」は抑える、引き留めること。 「兵を按（あん）じて動かず」とも読む。
準1級,以夷征夷,いいせいい,自ら手を下さずに他人を利用して利益を図ること。「夷」は中国東方の異民族、外敵のことで外敵を利用して外敵を制する外交戦略のこと。「夷（い）を以って夷（い）を征す」とも読む。 「以夷制夷」とも書く。
準1級,意気軒昂,いきけんこう,気力があふれていて、奮い立つ様子。「意気」は気力や気概、「軒」と「昂」はどちらも高く上がるという意味。
準1級,衣錦之栄,いきんのえい,成功、出世した後に錦（にしき）の着物を着て故郷に帰ること。「錦」は金や銀などの糸で織り込んだ美しい絹織物のこと。
準1級,郁郁青青,いくいくせいせい,植物が立派に育っていて、良い香りを放っている様子。もとは「よろい草」や「フジバカマ」を評した言葉。 「郁郁」は良い香り。「青青」は植物が生い茂っている様子のこと。
準1級,夷険一節,いけんいっせつ,どんな時でも信念を守り続けること。「夷険」は平らな場所と険しい場所のことから順境と逆境のことで、順境でも逆境でも信念を変えないということ。
準1級,衣繍夜行,いしゅうやこう,たとえ出世しても、故郷に帰らなければ誰もその栄誉に気が付くことはないということのたとえ。「衣繍」は美しい刺繍の服のこと。暗い夜道を美しい刺繍の服を着て歩いても、誰も気がつかないという意味から。中国楚の項羽が「富貴になっても故郷に帰らないのは、美しい服を着て暗い夜道を歩くようなものだ」と言った故事から。
準1級,一飲一啄,いちいんいったく,自然とともに、自由に生きることのたとえ。または、人が分を弁えて、多くを求めないことのたとえ。「一」はわずか、すこしの意。 「啄」は鳥がくちばしでついばむこと。
準1級,一日之長,いちじつのちょう,年齢が一日分年上なこと。または、少しだけ経験が多いという意味から、知識や技量などが少しだけすぐれていること。
準1級,一入再入,いちじゅうさいじゅう,布を何度も染め重ねること。深く、濃い色合いということから、恩が深いことのたとえ。「入」は布を染料につけること。
準1級,一望千頃,いちぼうせんけい,一目で遠くまで見渡すことができること。または、広々としていて遠くまで見渡せる美しい景色のたとえ。「一望」は景色などで、一度に全体を見ることができること。「頃」は面積の単位。 一目で千頃を見渡せるということから。
準1級,一夜検校,いちやけんぎょう,急に金持ちになることのたとえ。「検校」は江戸時代、盲人に与えられた最高の官名。大金を官に上納し、検校の位を受けたもののことをこう呼んだということから。
準1級,一竜一猪,いちりょういっちょ,努力して学ぶ人と、怠けて学ばない人との間には大きな賢愚の差ができるということ。「竜」は賢く、成功した者のたとえ。「猪」は豚のことで、無知で愚かな人のたとえ。一方は竜になり、一方は豚になるということから。
準1級,一蓮托生,いちれんたくしょう,極楽浄土に往生して同じ蓮の花の上に生まれ変わるという意味の仏教語。転じて、何があろうとも行動や運命を共にすること。 「一蓮託生」とも書く。
準1級,一割之利,いっかつのり,凡人でも、たまには役に立つこと。鉛でできた切れ味の悪い刀でも、一度はものを断ち切ることができることから。
準1級,一竿風月,いっかんのふうげつ,俗世にとらわれず、自然の中でのんびりと自由な生活を送ること。「竿」は釣竿のこと。 「風月」は自然を親しみ、風流を楽しむこと。一本の釣竿を持って、風流を楽しむということから。
準1級,一虚一盈,いっきょいちえい,"一定の形を保つことなく、常に変わり続けるために予測しがたいことのたとえ。「一」は\""あるときは\""の意味。 「虚」はむなしいという意味。「盈」は満ちるという意味。"
準1級,一琴一鶴,いっきんいっかく,清廉潔白な役人のこと。または、旅支度がとても簡易であることのたとえ。一張りの琴と一羽の鶴の意。宋の役人が蜀に赴任する際、一張りの琴と一羽の鶴だけを携えて出ていったことから。
準1級,一顧傾城,いっこけいせい,絶世の美女のこと。「一顧」はちらりと一度振り返ること。 「傾城」は城が傾くこと。美女が一度ちらりとみるだけで町中の男たちが夢中になり、君主までもがそれに溺れ政治を投げ出してしまうということから。
準1級,一壺千金,いっこせんきん,価値がないと思えるものでも、時と場合によっては非常に役に立つこと。「壺」はひょうたんのこと。 「千金」はきわめて大きな価値という意味。普段は価値のないひょうたんも、溺れそうになったときには浮き袋の代わりとなり、はかれないほどの大きな価値になるということから。
準1級,一弛一張,いっしいっちょう,人に厳しくしたり、やさしく接したりすること。「張」は弦を張ること。 「弛」は弦を緩めること。弦を張ったり緩めたりすることから。 「一弛一張」ともいう。
準1級,一種一瓶,いっしゅいっぺい,簡素な宴会のこと。各々が一種類の肴と一瓶の酒を持ち寄って行うということから。
準1級,一生不犯,いっしょうふぼん,仏教での僧侶の戒律で、一生涯にわたって戒めを守り、男女の交わりをしないこと。「不犯」は僧侶が戒律を守り、侵さないこと。
準1級,一水盈盈,いっすいえいえい,愛する人に言葉をかけることが出来ない苦しい思いのこと。「盈盈」は水が満ちている様子。 「一水」は一筋の川のこと。牽牛と織女の七夕伝説を題材に、一筋の天の河で隔てられているために、見つめるだけで会話することが出来ない切なさをうたった詩。「盈盈（えいえい）たる一水（いっすい）」とも読む。「一水盈盈」ともいう。
準1級,一炊之夢,いっすいのゆめ,人の世界での繁栄は儚いということのたとえ。または、人の人生が儚いことのたとえ。 「一炊」は一度飯を炊くこと。唐の盧生という人が、旅の途中の邯鄲の町で、道士から出世が叶うという枕を借りて寝ると、出世して財力や権力を手に入れる夢を見た。目が覚めると、宿の主人に頼んでいた、粟のかゆが出来上がっていないほどのわずかな時間しか過ぎていなかったという故事から。
準1級,一世木鐸,いっせいのぼくたく,人々の指導者のこと。「一世」はこの世にいる人たちのこと。「木鐸」は木の振り子がついている大きな鈴のことで、古代中国では、法律や命令を人々に伝えるときに鳴らしていたということから、指導者のたとえ。
準1級,一世之雄,いっせいのゆう,その時代で一番すぐれた英雄。「一世」はその時代、当時という意味。
準1級,一張一弛,いっちょういっし,人に厳しくしたり、やさしく接したりすること。「張」は弦を張ること。 「弛」は弦を緩めること。弦を張ったり緩めたりすることから。 「一弛一張」ともいう。
準1級,一朝之患,いっちょうのうれい,少しの間、心配すること。または、急に心配になること。「一朝」はひと朝ということから、わずかな時間のたとえ。または、ある朝ということから、突然という意味。
準1級,一飯之恩,いっぱんのおん,ほんのわずかな恩義のこと。一度食事をご馳走になっただけの少しだけの恩義という意味で、そのような少しの恩義でも忘れてはいけないという戒めの言葉。
準1級,一瓢一簞,いっぴょういったん,粗末な飲食物。貧しい生活。または、贅沢がなく、無駄の少ない生活。「瓢」は飲み物などを入れるひさご。「簞」は竹を編んで作った飯を入れるための器。わりご。一つのひさごに入れた汁物と一つのわりごに盛った飯の意味から。
準1級,一碧万頃,いっぺきばんけい,海や湖が広大に広がっている様子。「一碧」は視界いっぱいに広がる青色を意味し、「頃」は面積の単位で、「万頃」は非常に広い面積のこと。
準1級,乙夜之覧,いつやのらん,天子が読書すること。書物を読むことの大切さをいう言葉。 「乙夜」は午後十時くらいの時間。「覧」は読書のこと。天子はとても忙しいため、夜遅くになってやっと読書する時間ができるという意味から。「乙覧」と略して使うこともある言葉。
準1級,移木之信,いぼくのしん,約束を必ず実行することのたとえ。為政者は人民に法の権威や信用を示すべきという戒めのこと。戦国時代、秦の商鞅が国民からの信用を得るために、南門の大木を北門に移した者に十金を与えると布告したが、皆疑い誰も移さなかった。五十金に増額すると移す者が現れたので、五十金を渡して約束を本当に守ると示した故事から。
準1級,衣履弊穿,いりへいせん,ひどく粗末な服装のこと。「衣履」は服と靴のこと。 「弊穿」は破れたり、穴があくこと。破れた服と穴の空いた靴という意味から。
準1級,引縄批根,いんじょうへいこん,協力して他を全て排除すること。または、裏切った相手に報復して恨みを晴らすこと。「引縄」は縄をつけて引っ張ること。 「批根」は根本から全て取り除くこと。中国の前漢の高官の灌夫と、その親友の魏其侯は、力を持っていたときに擦り寄ってきたが、力を失うといきなり裏切った者たちに報復したいと思ったという故事から。「縄を引き根を批（しりぞ）く」とも読む。
準1級,允文允武,いんぶんいんぶ,学問と武芸のどちらもすぐれていること。元は、学問と武芸のどちらにもすぐれている天子の徳を称えた言葉から。「允（まこと）に文、允（まこと）に武」とも読む。
準1級,烏合之衆,うごうのしゅう,からすの群れは無秩序でただ集まっているだけということから、規律も統制も何も無く寄せ集めの集団や軍隊のたとえ。
準1級,有智高才,うちこうさい,もとは仏教語で、「智」は生まれた時からもっている聡明さ、「才」は学んで得たすぐれた才能のことで、聡明ですぐれた才能を持っていること。
準1級,内股膏薬,うちまたこうやく,自分の意見を持たず、その時によって都合のいいほうについていくこと。または、そのような人のこと。「膏薬」は練り薬のことで、内股に張ると歩くたびに、右足についたり、左足についたりすることから。
準1級,烏鳥私情,うちょうのしじょう,親に対して孝行したいという気持ちのこと。「烏鳥」は鳥のからす、「私情」は自分の気持ち。からすの子が成長後、親鳥に口移しで餌を与えて恩に報いることに由来し、親への孝行心を謙遜して表現した言葉。
準1級,鬱鬱葱葱,うつうつそうそう,草木がこんもりと茂っている様子。または、生気が満ちている様子のこと。「鬱鬱」は木々が密集して生い茂っている様子や生気の満ちている様子。「葱葱」は草木が青青と茂っている様子やめでたい気が満ちている様子。
準1級,烏白馬角,うはくばかく,絶対にあるはずがないこと。「烏白」は頭の色が白い烏、「馬角」は角の生えている馬のことで、そのような動物は存在しないということから。
準1級,烏飛兎走,うひとそう,あっという間に月日が過ぎていくこと。「兎」は月、「烏」は日（太陽）のたとえであることから、「兎」と「烏」で月日のことを表している。「飛」や「走」は経過が早いことを表している。月には兎、太陽には金烏が住むとされる中国の伝説からきた言葉。「烏飛兎走」ともいう。
準1級,有耶無耶,うやむや,あるのかないのかよくわからないほど曖昧な様子。「有りや無しや」という言葉を漢文調に有耶無耶と書いて、それを音読したという説が有力な語源である。
準1級,雲霞之交,うんかのまじわり,一般的な関係を超越した交友関係のこと。雲と霞がたなびいている場所という意味から、仙人などの俗世を超越したものが住むとされている場所のこと。俗世を超越したもの同士の交友関係という意味から。
準1級,雲蒸竜変,うんじょうりょうへん,英雄や豪傑などが良い時期に現れて活躍すること。「雲蒸」は雲がわき起こること。 「竜変」は竜が思うままに動きまわること。舞い上がる竜は雲をわき起こし、さらに勢いを増しながら自在に活躍するという意味から。
準1級,雲中白鶴,うんちゅうのはっかく,世俗を超越した、心の清らかな人のたとえ。白い雲の中にいる白い鶴のことで、心が清らかで、気高く立派な人物をたとえた言葉。
準1級,雲濤煙浪,うんとうえんろう,遠く水平線で連なって見える雲と波。「濤」と「浪」は大きな波。 「煙」は霞のこと。海が大きく広いことを言い表す言葉。 「雲濤烟浪」とも書く。
準1級,運否天賦,うんぷてんぷ,幸運と不運は天に決められているということ。または、運を天の意志にまかせること。「運否」は幸運と不運、「天賦」は天から授けられること。人の力ではどうすることもできず、成り行きに任せるときなどに使われる言葉。
準1級,雲竜井蛙,うんりょうせいあ,地位や知恵の差が非常に大きいこと。大空を翔る竜と井戸の中にいる蛙という意味から。竜は地位や知恵が高いことをたとえたもの、蛙は低いことをたとえたもの。
準1級,盈盈一水,えいえいいっすい,愛する人に言葉をかけることが出来ない苦しい思いのこと。「盈盈」は水が満ちている様子。 「一水」は一筋の川のこと。牽牛と織女の七夕伝説を題材に、一筋の天の河で隔てられているために、見つめるだけで会話することが出来ない切なさをうたった詩。「盈盈（えいえい）たる一水（いっすい）」とも読む。「一水盈盈」ともいう。
準1級,永劫回帰,えいごうかいき,「永劫」は終わりがない長い時間、「回帰」は同じところに帰ってくるという意味。宇宙の全ての事象は延々と同じものが同じことを繰り返しているということ。この世は永遠に循環運動を行っていて、来世や前世というものは考えず、今の人生を繰り返していてもその生を肯定して、一瞬を大切にして生きるべきであるということ。ドイツの哲学者ニーチェの根本思想であり、生への絶対的肯定。
準1級,詠雪之才,えいせつのさい,文才がある女性のこと。晋の王凝之の妻の謝道蘊が、降る雪を白い綿毛がある種子の柳絮にたとえた詩を詠み、文才をたたえられた故事から。
準1級,栄耀栄華,えいようえいが,富や権力を得て栄え、贅沢を極めること。または、家が富や権力で繁栄すること。 「栄耀」は栄えて輝くという意味。「栄華」は華やかに繁栄するという意味。 似ている語を重ねて強調した語。「栄華栄耀」ともいう。
準1級,益者三楽,えきしゃさんごう,「礼儀と音楽をほどよく楽しむこと」「人の美点について褒めること」「立派な友人が多いこと」の三つの有益な楽しみのこと。孔子の言葉。
準1級,鴛鴦之契,えんおうのちぎり,夫婦の絆が非常に堅いこと。または、いつまでも夫婦として仲良く暮らすという夫婦の約束のこと。「鴛鴦」は雄と雌のおしどりのことで、雌雄が常に一緒にいる鳥ということから、夫婦の仲がよいことのたとえ。
準1級,燕雁代飛,えんがんだいひ,入れ違いになること。または、互いに隔てられていることのたとえ。燕が南から渡ってくる季節には、雁は北へ渡り、雁が北から渡ってくる季節には、燕は南に渡るために出会うことはないということから。「燕雁（えんがん）代わって飛ぶ」とも読む。
準1級,掩耳盗鐘,えんじとうしょう,浅はかな考えで、自分で自分を欺くことのたとえ。または、自分の良心を騙して、そのことを考えないようにしながら悪事を働くこと。または、隠していた悪事がいつのまにか知れ渡ること。「掩耳」は耳をふさぐこと。男が大きな鐘を盗んだが、重くて持って帰ることができず、割って小さくして持って帰ろうと槌で打つと大きな音がして、他人に気付かれることを恐れた男は慌てて自分の耳を塞いだという故事から。「耳（みみ）を掩（おお）いて鐘（かね）を盗む」とも読む。
準1級,宛転蛾眉,えんてんがび,美しい容姿を言い表す言葉。「宛転」は三日月の形をした美しい眉。「蛾眉」は蛾の触角のように細く長い眉。 唐の美女の楊貴妃をたとえた言葉。
準1級,円融三諦,えんにゅうさんだい,仏教の言葉で、空、仮、中の三つの真理がそれぞれの立場を保ちながらも、互いに溶け合っている状態が同時に成り立っていること。「円融」はお互いに融合しているが、それぞれ立場を保ちつつ妨げになっていないこと。「三諦」は空、仮、中の三つの真理のこと。天台宗が説く三つの真理のことで、全てのものには実体が存在しないという「空」と、全てのものは因縁によって存在するという「仮」と、それら二つを超越して存在しているという「中」のことをいう。「三諦円融」ともいう。
準1級,鳶飛魚躍,えんぴぎょやく,全ての生き物が生まれた時から持っている性質に従って、その性質を楽しみながら自由に生きること。または、そのような天の摂理のこと。または、よい政治が行われ、世の中が平和なことのたとえ。「鳶飛び魚躍る」を略した言葉で、鳥の鳶が自由に空を飛びまわり、川の淵で魚が躍るという意味から。
準1級,円木警枕,えんぼくけいちん,苦労しながらも力を尽くして勉学に励むこと。「円木」は丸太。 「警枕」は深く寝入ることを防ぐための枕。枕を転がりやすい丸太にすることで、深く眠り込むと目が覚めるようにして、寝る間を惜しんで勉学に励むという意味から。中国の宋の司馬光が丸太を枕にして勉学に励んだという故事から。
準1級,鳶目兎耳,えんもくとじ,情報を集める能力の高い人のこと。鳶のように遠くのものまで見分けることのできる目と、小さな音を聞き分けることのできる兎のような耳という意味から。
準1級,横説竪説,おうせつじゅせつ,縦横自在にいろいろな観点から弁舌をふるうこと。「竪」は縦という意味。
準1級,横草之功,おうそうのこう,とても簡単なこと、または少しの功績や功労のたとえ。「横草」は草を踏んで横に倒すという意味。
準1級,椀飯振舞,おうばんぶるまい,盛大なごちそうのことや物を与えたりご馳走したりすること。「椀飯」は椀に盛った飯、またはそれを出してもてなすことで、江戸時代には正月に親戚などを招待して、酒宴をすることなどをいった。
準1級,屋烏之愛,おくうのあい,溺愛、盲愛のたとえ。「屋烏」は屋根にとまっている烏（からす）のこと。その人を愛するあまり、その人に関わるもの全て、その人の家の屋根にとまっている烏さえも愛おしくなること。
準1級,屋梁落月,おくりょうらくげつ,友人を思う切ない心情のこと。「落月」は沈んでいく月のこと。「屋梁」は屋根を支えるはり、または屋根のこと。中国の詩人杜甫が江南に流された友人の李白を思い、「家の屋根に落ちかかる月に君の面影を見た」と詩を詠じたことから。「屋梁落月」ともいう。
準1級,温柔敦厚,おんじゅうとんこう,優しく穏やかで、思いやりがあること。「温柔」は優しく穏やかなこと。 「敦厚」は情に厚いこと。孔子が儒教の古典『詩経』を評した言葉で、詩は昔の人々の純朴な民情で満ちており、人に感動を与え教化する力を持っていると説いたもの。
準1級,遠塵離垢,おんじんりく,けがれから遠ざかり、煩悩から離れること。「塵」は塵（ちり）、「垢」は垢（あか）のことから転じて、けがれと煩悩を意味する。仏教語。 「遠塵離苦」とも書く。
準1級,乳母日傘,おんばひがさ,子供が豊かな環境で大切に育てられること。または、必要以上に保護された環境で育てられること。「乳母」は母親の代わりに乳を与えて子育てをする人のこと。「日傘」は日光を遮るための傘のこと。乳母に抱かれたり、日傘をさしかけられたりして、大切に育てられるという意味から。
準1級,温文爾雅,おんぶんじが,心がおだやかで、態度や言動が礼儀にかなっていること。「温文」は温和で礼儀にかなっていること。「爾雅」は言葉や文章などが美しいこと。 「爾雅温文」ともいう。
準1級,会稽之恥,かいけいのはじ,戦いに敗れ受けた恥辱。または、人から受けた忘れることが出来ない屈辱。「会稽」は中国の山の名前で、春秋時代の呉と越の戦場跡。
準1級,改弦易轍,かいげんえきてつ,法律や制度を変えること。「改弦」は弦楽器の弦を張りかえて調子を改めること。「易轍」は車輪の軸幅を変えること。「弦（げん）を改め轍（てつ）を易（か）う」とも読む。「改絃易轍」とも書く。
準1級,回光返照,かいこうへんしょう,①自分本来の姿を振り返り、反省して修行すること。②日が沈む前に夕日の照り返しで一瞬明るくなるということ。③死の間際に、一時的に元気を取り戻すこと。また、物事が滅びる間際に一時的に勢いを回復すること。「回光」と「返照」はどちらも夕日の照り返しや、日の光の反射のこと。「回光」は「えこう」とも、「返照」は「へんじょう」とも読む。「回光」は「廻光」とも、「返照」は「反照」とも書く。※日本では、①を回光返照（えこうへんしょう）、②③を回光返照（かいこうへんしょう）と区別して用いることが多い。漢字検定では、回光返照（えこうへんしょう）は準１級、回光返照（かいこうへんしょう）は準２級とされる。
準1級,廻天之力,かいてんのちから,世の中の情勢が全て変わるほどの大きな力のこと。または、不利な情勢を一気に有利に変えることの出来る大きな力のこと。「廻天」は天を回すという意味から、世の中の情勢が変わること。「回天之力」とも書く。
準1級,開門揖盗,かいもんゆうとう,自分自身で原因を作って、災いを招き入れること。「揖盗」は泥棒を会釈して招き入れること。自宅の門を自ら開けて、会釈して泥棒を招き入れるという意味から。「門（もん）を開いて盗（とう）に揖（ゆう）す」とも読む。
準1級,魁塁之士,かいるいのし,立派な体格をした人のこと。「魁塁」は他よりすぐれてたくましいこと。
準1級,河漢之言,かかんのげん,特に意味のない話。または、現実離れしているほら話のこと。 「河漢」は天の川のこと。天の川の星の多さのように、次々と限りなく言葉が続くという意味から。
準1級,花街柳巷,かがいりゅうこう,色町のこと。「柳巷」は柳の木が多くある街路、「花街」は花が咲いている町のこと。遊郭には柳の木が多く植えられていたこと、また花の美しさを女性にたとえたことから。「花街柳巷」ともいう。
準1級,下学之功,かがくのこう,始めに簡単で身近にあることを学び、少しずつ難しいことを学んでいくこと。または、簡単なことから始めて、次第に上手くなっていくこと。「下学」はごく普通にある簡単なことを学ぶこと。「下学（かがく）して上達す」とも読む。
準1級,赫赫明明,かくかくめいめい,はっきりと明るく、光り輝く様子。「明明」ははっきりとしている様子のこと。「赫赫」は非常に明るく輝く様子のこと。「赫赫明明（赫々明々）」ともいう。
準1級,革故鼎新,かくこていしん,古い習慣や制度などを新しいものに改正すること。「革故」と「鼎新」はどちらも新しいものにするという意味。「故（ふる）きを革（あらた）め新しきを鼎（と）る」とも読む。「鼎新革故」「革旧鼎新」ともいう。
準1級,鶴寿千歳,かくじゅせんざい,長く生きること。鶴は千年生きることができるといわれているということから。
準1級,廓然大公,かくぜんたいこう,不満や疑念などなく、さっぱりとしていて、心に偏りがないこと。聖人の心構えを学ぶための心構えをいう言葉。「廓然」は心が広く、わだかまりのないこと。「大公」は私心がなく、公平なこと。 「廓然太公」とも書く。
準1級,廓然大悟,かくねんたいご,不満や疑念などのわだかまりがなく、真理を悟ること。「廓然」は心が広く、何のわだかまりもないこと。「大悟」は真理を悟ること。
準1級,鶴鳴之士,かくめいのし,才能や能力があっても、世のために使われることなく、世間から認められていない賢者のこと。または、公職についていない賢者のこと。 「鶴鳴」は鶴の鳴き声のこと。山奥に隠遁している賢者をたとえた言葉で、山の中から鶴の美しい鳴き声は聞こえるが、姿を見ることは出来ないという意味から。
準1級,鶴翼之囲,かくよくのかこみ,軍隊の陣形の一つで、左右に長く広がった陣形のこと。鶴が翼を広げたような形に見えるということから。
準1級,嘉言善行,かげんぜんこう,戒めとなる素晴らしい言葉と立派な行いのこと。「嘉言」は素晴らしい言葉。 「善行」は立派なよい行い。
準1級,夏侯拾芥,かこうしゅうかい,学問を修めることは大切なことであるということ。「夏侯」は中国の漢の儒学者の夏侯勝のこと。「拾芥」は地面に落ちているごみを拾うという意味から、簡単に手に入るということのたとえ。夏侯勝は講義を行うたびに、学問をしっかりと修めてさえいれば、官職を得ることは道のごみを拾うくらいに簡単なことだと言い聞かせていたという故事から。「夏侯（かこう）芥（あくた）を拾う」とも読む。
準1級,河山帯礪,かざんたいれい,永久に変わらない固い誓いのたとえ。または、国が栄え続けることのたとえ。「河」は黄河のこと。「山」は泰山のこと。「帯」はおびのこと。「礪」は砥石（といし）のこと。広い黄河が帯のように細くなるようなことがあったとしても、高い泰山がすりへって砥石のように平たくなるようなことがあったとしても、永久に変わることはないという意味から。
準1級,和氏之璧,かしのへき,世に二つとない、極めて珍しい宝物のこと。「和氏」は楚の卞和という人物のこと。 「璧」は宝玉のこと。卞和が山中で宝玉の原石を見つけ、厲王に献上したが、ただの石だと言われ罰として左足を切られた。のちに武王に献上したが、同じくただの石だと言われ罰として右足を切られた。のちに、卞和の話を聞いた文王がその原石を磨かせたところ、正真正銘の宝玉であったという故事から。
準1級,華燭之典,かしょくのてん,結婚式のこと。「華燭」はきらびやかで美しい灯りということから、結婚式の灯りのこと。「典」は儀式のこと。
準1級,禾黍油油,かしょゆうゆう,植物の稲や黍が勢いよく成長している様子。「禾」は稲のこと。 「油油」は植物などにつやがあって勢いがよい様子。
準1級,嘉辰令月,かしんれいげつ,めでたい月日のこと。 「嘉辰」はめでたい日。「令月」はめでたい月。
準1級,加持祈祷,かじきとう,病気や災難から身を守るためや、願いを叶えるために神や仏に祈ること。「加持」は仏の加護を祈る、密教の法。 「祈祷」は神や仏に祈ること。「祈祷」は「祈禱」とも書く。
準1級,確乎不抜,かっこふばつ,意志がしっかりとしているため、何があっても動揺したり、平静さを失ったりしないこと。「確乎」はしっかりと定まっていること。「不抜」は固くて抜くことができないという意味から、しっかりとしていて動かない、動揺しないこと。「確固不抜」とも書く。
準1級,活剥生呑,かっぱくせいどん,人が作った詩や文章を盗んで、そのまま使うこと。または、他人から聞いた考えや意見を理解せずにそのまま受け入れて、自分の考えや意見であるかのように言うこと。「生呑」は生きたまま丸ごと飲み込むこと。「活剥」は生きたまま皮を剥ぐこと。 「活剥生呑」ともいう。
準1級,活潑潑地,かつはつはつち,元気で活気のある様子。「潑潑」は水の上に魚が跳ねること。「かっぱつぱっち」や「かっぱつはっち」とも読む。
準1級,活溌溌地,かつはつはつち,元気で活気のある様子。「潑潑」は水の上に魚が跳ねること。「かっぱつぱっち」や「かっぱつはっち」とも読む。
準1級,過庭之訓,かていのおしえ,家庭での教育のこと。父親からの教えという意味から。 「過庭」は庭を横切ること。孔子は、自分の息子の鯉が庭を横切るときに呼び止めて、詩や礼を学ぶことの大切さを諭し、鯉もそれによく従ったという故事から。「庭訓」と略すこともあり、「過庭之教」とも書く。
準1級,瓜田李下,かでんりか,人から疑われるようなことはしないほうが良いというたとえ。「瓜田」は瓜（うり）の畑のこと。 「李下」は李（すもも）の木の下のこと。瓜の畑で靴を履きなおそうとしたり、李の木の下で冠を直そうと手を上げたりすると、それを盗むのではないかと疑われてしまうという意味から。「李下瓜田」ともいう。
準1級,河図洛書,かとらくしょ,非常に珍しく、価値のある書物のこと。「河図」は、『易経』の八卦の元になったとされる図で、中国の伏羲の時代に黄河から現れた竜馬の背中にあった、渦巻いた毛の模様を写し取ったものとされている。「洛書」は、『書経』の「洪範」の元になったとされる文で、夏の禹王の時代に、洛水という川の洪水を治めた後に現れた神亀の背中に記されていた文字を書き写したものとされている。
準1級,瓜剖豆分,かぼうとうぶん,一つの国が小さく分裂すること。瓜や豆を割るように小さくわかれるという意味から。 「瓜剖豆分」ともいう。
準1級,烏之雌雄,からすのしゆう,物事の善悪や正誤が非常に区別しにくいこと。烏（からす）の雌雄は、外見上の特徴が非常に似ており、一見して判別が困難であることから来ている言葉。
準1級,河梁之吟,かりょうのぎん,親しい友人を見送るときの離れたくないという気持ち。「河梁」は川を渡るための橋。中国の漢の時代、異民族の匈奴に捕まった李陵が、一緒に捕まっていた蘇武が国に戻る時に送った詩から。
準1級,迦陵頻伽,かりょうびんが,美しい声のたとえ。または、美しい声を持っているもののたとえ。仏教の言葉で、梵語でカラヴィンカという想像上の鳥の名前を音訳したもの。上半身は美しい女性、下半身が鳥の姿をしていて、美しい声で鳴くとされ、その声は仏の声のたとえとして使われる。
準1級,閑雲野鶴,かんうんやかく,世間を離れのんびりと自由に暮らすこと。または、のんびりとした生活を送る隠士の心境のたとえ。「閑雲」はのんびりと空に浮かぶ雲。 「野鶴」は野で自由に遊ぶ鶴。「野鶴閑雲」ともいう。
準1級,韓海蘇潮,かんかいそちょう,中国の唐の詩人の韓愈と北宋の詩人の蘇軾の文体のこと。韓愈の書いた文章は海のように広々としていて、蘇軾の書いた文章は、海水の満ち引きのように力強い起伏があるという二人の文体を批評した言葉から。
準1級,寒巌枯木,かんがんこぼく,世俗を超えた悟りの境地のこと。または、冷淡で付き合いにくい態度のこと。 「巌」は岩のこと。枯れた木と冷たい岩のことで、情念や煩悩を捨て去った悟りの境地をいう禅宗の言葉。「寒巌枯木」ともいう。
準1級,歓欣鼓舞,かんきんこぶ,思いっきり喜ぶこと。「鼓舞」は鼓を打ち鳴らして踊ること。
準1級,寒山拾得,かんざんじっとく,中国の唐の時代の二人の高僧で、文殊菩薩と普賢菩薩の生まれ変わりとされている、寒山と拾得のこと。二人とも奇行が多く、詩人として有名で、禅画の画題としてよく使われる。
準1級,干将莫邪,かんしょうばくや,古代中国にあったとされる名剣の名前。「干将」は中国の春秋時代の呉の国の刀工の名前。「莫邪」はその刀工の妻の名前。干将は呉の王に剣を作るように言われ、剣を作り始めたが、上手くいかなかった。炉に妻の髪と爪を入れてみると、二振りの名剣が完成して、その剣に「干将」と「莫邪」と名づけて献上したという故事から。「干将莫耶」とも書く。
準1級,管中窺豹,かんちゅうきひょう,見識が非常に狭いことのたとえ。管を通して動物の豹を見ても、一つの斑文しか見ることが出来ず、全体はわからないという意味から。「管中（かんちゅう）より豹（ひょう）を窺（うかが）う」とも読む。
準1級,汗馬之労,かんばのろう,物事を成功させるために、苦労しながらあちこち駆け回ること。「汗馬」は馬に汗をかかせるということから、戦場で功績を得るために駆け巡るということ。
準1級,鎧袖一触,がいしゅういっしょく,相手を苦もなく打ち負かすことのたとえ。「鎧袖」は鎧の袖、「一触」は少し触れること。源為朝が自分の鎧の袖が相手に少しでも触れれば、相手は自ら倒れるだろうと豪語した故事から。
準1級,蓋世之才,がいせいのさい,やる気に満ちていて、世を覆い尽くすほどの優れた才能を持っている人のこと。「蓋世」は世を覆い尽くすこと。 「才」は優れた才能のこと。
準1級,咳唾成珠,がいだせいしゅ,一つ一つの言葉に敬意を払われるほど、権力や勢力が盛んな様子。または、一つ一つの言葉がとても美しく、すぐれた詩文の才能を持っている様子。「咳唾」は咳と唾。または、他人の言葉を敬っていう語。「成珠」は珠玉になること。口から出る咳（せき）や唾（つば）が珠玉になるという意味から。「咳唾（がいだ）珠（たま）を成す」とも読む。
準1級,街談巷語,がいだんこうご,世間のうわさ話のこと。「街談」と「巷語」はどちらもうわさ話のこと。同じ意味の言葉を重ねて強調した語。
準1級,画虎類狗,がこるいく,才能のない者が、すぐれているものの真似をしても、見苦しい結果にしかならないということのたとえ。虎の絵を描いても、犬にしか見えないということから。後漢の将軍の馬援が、豪傑の杜季良の真似をしていた兄の子を手紙で戒めたという故事から。「虎（とら）を画（えが）いて狗（いぬ）に類す」とも読む。
準1級,臥薪嘗胆,がしんしょうたん,目的を果たすために、苦難に耐えて機会を待つこと。「臥薪」は固い薪（たきぎ）の上で寝ること。「嘗胆」は苦い肝（きも）をなめること。春秋時代、呉王の夫差は固い薪の上で寝ることで、父親の敵である越王の勾践への恨みを忘れないようにし、ついには会稽山の戦いで勝利した。その一方で、会稽山の戦いで敗北した勾践は、寝室に苦い肝を置き目覚める度にそれをなめることで敗北の恥を思い返し、ついには夫差を滅ぼしたという故事から。
準1級,瓦釜雷鳴,がふらいめい,能力のある者が正当な評価を受けず、逆に能力のない者が高い地位について威張り散らすことのたとえ。「瓦釜」は素焼きの安物の釜で、小人物のたとえ。「雷鳴」は雷のような大きな音を立てること。能力のない者が騒ぎ立てる様子を、瓦釜が大きな音を立てることにたとえた言葉。
準1級,臥竜鳳雛,がりょうほうすう,才能はあっても、機会がないために才能を発揮できない人のこと。または、才能を発揮する機会がなく、世間に知られていない英雄や賢者のこと。「臥竜」は寝ている竜。 「鳳雛」は中国の伝説上の鳥、鳳凰の雛。どちらもまだ知られていない英雄や賢者、または、将来に期待されている若者のたとえとしても使われる。中国の三国時代、有能な人材を探していた劉備に、司馬徽が諸葛亮を臥竜に、龐統を鳳雛にたとえてすすめたという故事から。
準1級,餓狼之口,がろうのくち,強欲で残忍な性質の人のたとえ。または、この上なく危険な状況。ひどく腹を空かせた狼の口の中という意味から。
準1級,含飴弄孫,がんいろうそん,年老いて仕事を止めた後の気楽な生活のこと。飴を食べながら孫と遊ぶという意味から。「飴（あめ）を含んで孫を弄（もてあそ）ぶ」とも読む。
準1級,含沙射影,がんしゃせきえい,陰険な方法で人を害すること。「含沙」は水の中にいる虫のいさごむしのこと。いさごむしが人の影に砂を吐くと、影に砂をかけられた人は高熱が出て死んでしまうとされていることから。「含沙（がんしゃ）影を射る」とも読む。
準1級,眼中之釘,がんちゅうのくぎ,自分に害を与えるもののたとえ。または、邪魔になる人や物のたとえ。中国の五代時代の趙在礼の悪政に苦しんだ人々は、趙在礼が転任することになり、目の中の釘が抜けたようだと喜んだという故事から。「眼中之丁」とも書く。
準1級,機械之心,きかいのこころ,「機械」は巧妙な仕組みの器具のことから、たくらみや偽り、たくらみ偽る心のこと。または、策略をめぐらす考え。
準1級,規矩準縄,きくじゅんじょう,物事や行動をおこすときに基準や標準になるもののこと。「規」は円を描くときに使うコンパス。「矩」は長さを測るための指矩（さしがね）のこと。「準」は水平を測るための水準器。「縄」は直線を引くための墨縄（すみなわ）のこと。
準1級,棄甲曳兵,きこうえいへい,戦いに負け、戦意を失って逃げること。「棄甲」は鎧を脱ぎ捨てる、「曳兵」は武器を引きずって歩くことから、敗走するという意味。
準1級,規行矩歩,きこうくほ,心や行動がしっかりとしていて正しいこと。または、昔の法則や規則にこだわり、融通がきかないこと。「規」は円を描いたり、長さを移すことに用いる文房具のコンパスのこと。「矩」は長さを測るのに使われる工具の差し金のこと。どちらも規則や基準という意味。
準1級,気骨稜稜,きこつりょうりょう,自分の信念を曲げずに、厳正に貫こうとする態度のこと。「気骨」は自分の信念を貫こうとする性格。「稜稜」は威勢があって厳正という意味。
準1級,騎虎之勢,きこのいきおい,一度勢いがついてしまうと、途中でやめることが出来ないということ。「騎虎」は虎に乗ること。虎に乗った者は、降りると虎に食べられてしまうので、乗り続けるしかないという意味から。
準1級,箕山之志,きざんのこころざし,世間での名声と利益を捨て、世間との接触を避けて信念を守ろうとすること。伝説上の人物の許由と巣父が、世間での名声を嫌い、信念を守るために箕山という名前の山でひっそりと生活したという故事から。
準1級,貴耳賤目,きじせんもく,他人から聞いたことを信じ込み、自分の目で見たことを信じないこと。または、現在を軽視して、過去の出来事を重視すること。「耳を貴（とうと）び目を賤（いや）しむ」とも読む。
準1級,机上之論,きじょうのろん,理論的ではあるが、実際に行うことが不可能な考えや意見のこと。「机上」は机の上。 「論」は根拠がひとつもない理論のこと。状況や状態などを一切考慮せずに、机の上で理論だけを考えたために、実現することが出来ない計画や議論という意味から。
準1級,希世之雄,きせいのゆう,この世のものとは思えないほどすぐれた英雄。「希世」はとても珍しいこと。 「稀世之雄」とも書く。
準1級,貴賤上下,きせんじょうげ,身分や階級、地位の高い人と低い人。または、それらの人たち全てのこと。 似た意味の言葉を重ねて強調した言葉。
準1級,気息奄奄,きそくえんえん,どうにか呼吸ができているような、今にも死んでしまいそうな様子のこと。または、国や組織などが今にも滅びてしまいそうな苦しい状況のこと。「気息」は呼吸のこと。「奄奄」は呼吸が止まってしまいそうな弱々しい状態のこと。「気息奄々」とも書く。
準1級,吉日良辰,きちじつりょうしん,縁起のよい日。「吉日」と「良辰」はどちらもよいことがある日、めでたい日という意味。
準1級,吉祥悔過,きちじょうけか,吉祥天を本尊としてまつり、罪を懺悔して国家の安泰や作物の豊穣を願い、毎年正月に行われる法会。「吉祥」は仏教の守護神とされる吉祥天のこと。「悔過」は間違いを悔いること。仏教の言葉で、「吉祥天悔過」を略した言葉。
準1級,橘中之楽,きっちゅうのたのしみ,将棋や囲碁をする楽しみのこと。「橘」はみかんのこと。中国の巴邛の人が大きなみかんの実を割ると、中に二人の老人がいて、囲碁を打って楽しんでいたという故事から。
準1級,肌肉玉雪,きにくぎょくせつ,白く美しい女性の肌を言い表す言葉。「玉雪」は真っ白で美しい雪のこと。純白で美しい雪のように白い肌という意味から。
準1級,鬼斧神工,きふしんこう,人の技術で作られたとは思えない素晴らしい作品のこと。神が細工を施したような、鬼神が斧をふるって作ったような作品という意味から。神業や名人芸のことをいう。 「鬼斧神工」ともいう。
準1級,亀毛兎角,きもうとかく,この世界に存在するはずのないもののたとえ。亀の甲羅に毛が生え、兎の頭に角が生えるという意味から。元は戦争が起こる前触れを言った言葉。 「兎角亀毛」ともいう。
準1級,客塵煩悩,きゃくじんぼんのう,外から思いがけずにもたらされる心の迷いや欲望のこと。「客」は外からやってきた客のこと。仏教の言葉で、心の中に初めから煩悩が存在するわけではなく、外からきた旅人の衣服についている塵のように、心に思いがけずに付着するものであるという意味から。
準1級,汲汲忙忙,きゅうきゅうぼうぼう,この上なく多忙なこと。「汲汲」は休むことなく、働き続けること。 「忙忙」は多忙なこと。
準1級,泣血漣如,きゅうけつれんじょ,深い悲しみで涙が流れ続けること。「泣血」は涙が出なくなり、血の涙を流すこと。「漣」は涙が流れること、「如」は様子や状態を表す助字。
準1級,九皐鳴鶴,きゅうこうのめいかく,世間から離れて暮らしていても、よい名声が自然と知られること。「九皐」は山の奥深い場所にある沼沢。山奥にある沼沢で美しい鳴き声の鶴が鳴くという意味から。山の奥深くに隠居している賢者の名声は、自然と広まるということをたとえた言葉。「鶴鳴九皐」ともいう。
準1級,丘山之功,きゅうざんのこう,無数の努力を積み重ねて成し遂げた、非常に偉大な功績。丘や山のように大きな功績という意味から。小さな石や土を数多く積み重ねて出来た丘や山ということから、数多くの努力を積み重ねることをいう。
準1級,鳩首凝議,きゅうしゅぎょうぎ,人が集まって真剣に話し合うこと。「鳩」は集めるという意味。 「鳩首」は人が顔を合わせて集まること。「凝議」は真剣に話し合うこと。
準1級,窮鼠噛猫,きゅうそごうびょう,弱者でも追い詰められて必死になれば、予期していない力をだして、強者を倒すことがあるということのたとえ。猫に追い詰められて、逃げることが出来なくなった鼠は猫に噛みつくという意味から。「窮鼠（きゅうそ）猫（ねこ）を噛（か）む」とも読む。
準1級,九鼎大呂,きゅうていたいりょ,非常に珍しい物のこと。または、重要な地位や名声などのたとえ。「九鼎」は夏の禹王が中国の全土から献上させた、九つの鼎。「大呂」は周王朝の大廟に供えた大きな鐘。どちらも非常に価値のある珍しい物のたとえ。
準1級,旧套墨守,きゅうとうぼくしゅ,昔からの習慣や風習を守り続けること。または、昔からの習慣や風習にとらわれ、決して変えないこと。「旧套」は昔から受け継がれている習慣や風習。「墨守」は中国の墨子の故事から、固く守るという意味。
準1級,朽木糞土,きゅうぼくふんど,やる気がなく、だらしない人を教育することはできないということのたとえ。または、役に立たないもののたとえ。腐ってぼろぼろになった木と土壁ということで、腐った木材に彫刻することはできず、腐った土壁に上塗りをすることはできないという意味。「朽木は雕（ほ）るべからず、糞土の牆（かき）は杇（ぬ）るべからず」から。
準1級,僑軍孤進,きょうぐんこしん,誰からの助けもなく、孤立した状態で進軍すること。または、誰からも助けられることなく、一人で事に当たること。「僑軍」は別の土地からやってきた軍隊、遠征軍のこと。
準1級,教唆煽動,きょうさせんどう,教えそそのかして人をたきつけ、行動するように気持ちを湧き立たせること。「教唆」は教えそそのかすこと。 「煽動」は行動するように仕向けること。主に悪い意味で使われ、悪事を働くように仕向けることをいう。「教唆扇動」とも書く。
準1級,彊食自愛,きょうしょくじあい,しっかりと食事をとって健康に気遣うこと。「彊食」は無理にでも食事をすること。 「強食自愛」とも書く。
準1級,曲学阿世,きょくがくあせい,学問の正当な道理を歪め、権力や世間の意向、時流に迎合し、好意を買うためにへつらうこと。「阿世」は世間の好意を得るために迎合する様子。「曲学」は正道から逸脱した学問。 「曲学阿世」ともいう。
準1級,曲肱之楽,きょくこうのたのしみ,富を求めずに、貧しくても正しい行いをする楽しみのこと。または、貧しい暮らしをしていても、その中に楽しみはあるということ。「曲肱」は枕が買えないために腕を曲げて、肘を枕にするという意味。
準1級,旭日昇天,きょくじつしょうてん,非常に激しい勢いの様子。「旭日」は朝に昇る太陽のこと。 「昇天」は天に昇ること。朝日が天に昇るような激しい勢いという意味。多くは「旭日昇天の勢い」という形で、とても勢いがあることのたとえとして用いる。
準1級,曲眉豊頬,きょくびほうきょう,美しい女性のこと。「曲眉」は三日月のように曲がった眉のことで、美しい眉のたとえ。「豊頬」は柔らかそうな頬のこと。 どちらも美しい女性を言い表す言葉。「豊頬曲眉」ともいう。
準1級,虚心坦懐,きょしんたんかい,不信、疑念、不満などがなく、すっきりとした気持ちであること。「虚心」は不満や不安などがなく、偏見や先入観を持たずに、事実のまま素直に受け入れることができる心のこと。「坦懐」は心の中に不満や不安などがなく穏やかなこと。
準1級,許由巣父,きょゆうそうほ,清らかで正しい行いのこと。または、出世や高い地位につくことを嫌うこと。「許由」と「巣父」はどちらも中国の伝説上の高潔な隠者のこと。中国の伝説の聖天子の尭帝は、許由に位を譲ろうというと許由はそれを断り、耳が汚れたとして川で耳を洗った。それを聞いた巣父は、川の水が汚れたとして、わざわざ上流に行って、牛に水を飲ませたという故事から。
準1級,金烏玉兎,きんうぎょくと,太陽と月のこと。 または、歳月や時間のこと。「金烏」と「玉兎」はどちらも中国の伝説上の動物のこと。「金烏」は太陽にいるとされる足が三本の烏のことで、太陽のたとえ。「玉兎」は月にいるとされる兎のことから、月のたとえ。
準1級,琴歌酒賦,きんかしゅふ,隠者の欲の無い生活のこと。または、俗世から離れた優雅な遊びのこと。「琴歌」は琴を弾いて歌を歌うこと。「酒賦」は酒宴を開いて、酒を飲みながら詩を作ること。
準1級,欣喜雀躍,きんきじゃくやく,思いっきり喜ぶこと。「欣」と「喜」はどちらも喜ぶこと。「雀躍」は鳥のすずめが飛び跳ねている様子のことで、すずめが飛び跳ねるように小躍りして喜ぶという意味から。
準1級,禽困覆車,きんこんふくしゃ,力の弱い者でも、窮地に立たされると思ってもいない力を出すということ。「禽」は鳥、また鳥獣。「禽困」は捕らえられて苦しんでいる鳥のこと。「覆」はひっくり返ること。鳥のような小さなものでも、追い詰められると車をひっくり返すほどの力を発揮するという意味から。「禽困（きんこん）車（くるま）を覆（くつがえ）す」とも、「禽（きん）も困（くる）しめば車を覆（くつがえ）す」とも読む。
準1級,錦心繍口,きんしんしゅうこう,詩や文章のすぐれた才能があること。「錦心」はあや織物のように美しい心のこと。「繍口」は刺繍のように美しい言葉のこと。 「繍口錦心」ともいう。
準1級,禽獣草木,きんじゅうそうもく,生きているものすべて。「禽」は鳥、「獣」はけもの。鳥・けもの・草・木を並べて、命あるもの全体を表す。「草木禽獣」ともいう。
準1級,巾箱之寵,きんそうのちょう,肌身離さず持っておく、非常に大切なもののこと。「巾箱」はいつも近くに置いておく、布張りの書物などをいれる小箱のこと。「寵」は気に入るや可愛がるということ。
準1級,祇園精舎,ぎおんしょうじゃ,釈迦が説法した寺の名前。「祇樹給孤独園」を略して「祇園」、「精舎」は梵語で寺院という意味。
準1級,尭階三尺,ぎょうかいさんじゃく,君主がつつましい生活をすることのたとえ。古代中国の伝説の聖天子の宮殿は、土を固めただけの階段があり、高さは三尺ほどしかなかったということから。君主の生活の理想とされている。
準1級,尭鼓舜木,ぎょうこしゅんぼく,理屈や道理に合った意見は聞き入れるべきであるということ。政治を行う人や、人の上に立つ立場の人に対する戒め。「尭」と「舜」はどちらも古代中国の伝説上の聖天子のこと。古代中国の尭帝は朝廷に太鼓を置いて意見がある人には太鼓を打たせ、舜帝は木札を立てて誰でも意見を書けるようにしたという故事から。
準1級,行住坐臥,ぎょうじゅうざが,普段の生活で行う最も基本的な動作のこと。転じて、普段や常々という意味。「行」は歩く、「住」は止まる、「坐」は座る、「臥」は寝ること。仏教では、これらのことを四威儀や四儀ともいう。 「行住座臥」とも書く。
準1級,尭年舜日,ぎょうねんしゅんじつ,世の中が平和で穏やかなこと。「尭」と「舜」はどちらも古代中国の伝説の聖天子のこと。尭帝と舜帝が世の中を治めていた平和な年月のことから。「舜日尭年」ともいう。
準1級,尭風舜雨,ぎょうふうしゅんう,世の中が平和で穏やかなこと。「尭」と「舜」はどちらも古代中国の伝説の聖天子のこと。尭帝と舜帝が善政を行って、人々にもたらした恩恵を風や雨にたとえた言葉。
準1級,漁夫之利,ぎょふのり,二者が争っている間に、無関係な者が苦労することなく利益を得ること。「漁夫」は漁師のこと。古代中国の趙が燕を攻めようとしたときに、燕の遊説家の蘇代が趙の恵文王の元に出向いて「鷸（シギ）と蚌（ハマグリ）が争っている間にどちらも漁師に捕まえられてしまった」というたとえ話をした後に「趙と燕が争えば、弱ったところを秦に狙われて両国とも取られてしまうだろう」と言って恵文王を説得したという故事から。「漁父之利」とも書く。
準1級,魚網鴻離,ぎょもうこうり,欲しいものが手に入らず、欲しいと思っていないものが手に入ることのたとえ。「鴻」は鳥の雁のこと。 「離」は網にかかること。魚を取るために張った網に魚がかからず雁がかかるということから。
準1級,魚目燕石,ぎょもくえんせき,本物にそっくりな偽物のこと。または、偽物が本物の価値を落とすこと。「燕石」は中国の燕山から出る宝石に似た石。魚の目玉と燕山の石は、宝石に似ているが価値は全くないということから。
準1級,銀盃羽化,ぎんぱいうか,物を盗まれることのたとえ。「羽化」は羽が生えて飛んで行くということ。中国の唐の書家の柳公権は、書の報酬として様々な金品を得ていた。ある時、縄で結ばれたままの箱の中身である銀の杯が使用人に盗まれたことに気づいたが、銀の杯に羽が生えて飛んで行ったのだろうと言って、使用人を咎めなかったという故事から。「銀杯（ぎんぱい）羽化（うか）す」とも読む。
準1級,区区之心,くくのこころ,「区」は小さな区画という意味で、「区区」は小さくて取るにたらないということから、取るにたらない小さな心のこと。自分の考えや心のことを謙遜していう言葉。
準1級,苦肉之計,くにくのはかりごと,苦し紛れの策略のこと。または、自らの体を苦しめることまでして、敵を欺く策略のこと。三国時代、赤壁の戦いで呉の黄蓋が魏のスパイの前で、自らの意思で刑を受け、見限っての投降と思わせて、敵の陣営の船団に火を放ち形勢逆転した故事から。「苦肉之謀」とも書く。
準1級,狗馬之心,くばのこころ,地位が上の者への忠誠心、誠意のこと。「狗馬」は犬と馬のことで、犬や馬のように恩を忘れず主人に仕えて、少しずつでも恩返しをするという意味。君主に対する自分の忠誠を自らを卑下していう言葉。
準1級,九品蓮台,くほんれんだい,生前の行いによって九等級に分かれるとされており、極楽浄土に往生した者が座る蓮（はす）でできた台のこと。
準1級,君子豹変,くんしひょうへん,信念を持たずに考えや態度をあっさりと変えること。元は「人格者は間違いをすぐに認めて改める」という良い意味で使われていたが、現在は悪い意味で使われることが多い言葉。「君子」は徳のあるすばらしい人物のこと。「豹変」は豹の毛が生え変わるときに模様が美しく変化することで、ここでは考えや態度を急に変えることのたとえ。
準1級,君側之悪,くんそくのあく,君主のそばに仕えている悪人のこと。または、君主に媚を売り、悪いことを企んでいる人のこと。「君側」は君主に近いところ、側近。 「悪」は悪人。
準1級,求不得苦,ぐふとくく,仏教の八苦の中の一つで、求めているものを得ることが出来ない苦しみのこと。
準1級,群鶏一鶴,ぐんけいのいっかく,多くの凡人の中で、極めて優れている一人の人物のこと。鶏の群れの中にいる一羽の鶴という意味から。
準1級,群竜無首,ぐんりょうむしゅ,よい人材はたくさんいるが、統率できる者がいないために、うまく事が運ばないこと。または、まとめる人がいないこと。「群竜」の「竜」はよい人材のたとえで、「群竜」は竜がたくさんいるという意味から、よい人材がたくさんいること。「無首」の「首」は統率できる者のことで、「無首」は統率できる者がいないこと。「群竜、首無し」とも訓読する。
準1級,繋影捕風,けいえいほふう,話や物事にまとまりがないことのたとえ。影をつなぎとめて、風を捕まえることで、不可能なことという意味から。
準1級,桂冠詩人,けいかんしじん,「桂冠」は月桂樹の枝葉で作った冠のことで、古代ギリシャで英雄や詩人にこれが授けられた風習から、イギリス王室から最高の地位の詩人に与えられる称号のこと。
準1級,傾危之士,けいきのし,言葉や策謀で、国を混乱させ傾けて危うくする危険人物のこと。「傾危」は傾いて危ない様子。
準1級,桂宮柏寝,けいきゅうはくしん,桂の宮殿と柏の居室のことから、豪華で美しい宮室のたとえ。「桂」と「柏」は香木の名前。 「寝」は居室、または表座敷のこと。
準1級,鶏群一鶴,けいぐんのいっかく,鶏の群れの中の一羽の鶴という意味から、多くの凡人の中で極めて優れている一人の人物のこと。
準1級,荊妻豚児,けいさいとんじ,自分の妻や子のことを卑下していう言葉。「荊妻」は荊（いばら）のかんざしをさしている妻。「豚児」は豚の子という意味。
準1級,荊山之玉,けいざんのぎょく,秀才で聡明な人のこと。「荊山」は卞和が宝玉の原石を手に入れたという中国の山の名前で、その宝玉のように価値のある人物という意味から。
準1級,卿相雲客,けいしょううんかく,公卿と殿上人のこと。または、高い身分の人のこと。「卿相」は三位以上の公卿。「雲客」は宮中での昇殿を許された雲上人、殿上人。
準1級,傾城傾国,けいせいけいこく,絶世の美女のたとえ。容姿の美しさで人の心が魅了されて、城や国が傾いて滅びてしまうという意味から。「傾国傾城」ともいう。
準1級,景星鳳凰,けいせいほうおう,聖人や賢人がこの世に現れるという喜ばしいことの前兆のこと。「景星」はめでたいことの証の星。「鳳凰」は聖天子が現れる時に出現するという想像上の鳥のこと。
準1級,蛍雪之功,けいせつのこう,苦しい環境の中で勉学に励むこと。「蛍雪」は蛍の光と雪明りのこと。中国の人物、車胤は貧しくて灯火の油を買うことができず、蛍を集めてその光で勉強していた。同じく貧しかった孫康は、雪明かりで勉強していたという二つの故事から。
準1級,桂殿蘭宮,けいでんらんきゅう,とても美しい宮殿のこと。「桂」は香木の名前、「蘭」は香草の名前のことで、どちらも見た目が美しく、良い香りを放つ植物。「殿」と「宮」はどちらも建物のこと。
準1級,鶏皮鶴髪,けいひかくはつ,年老いて衰えた老人の容姿のたとえ。鶏のように張りを失った肌と、鶴の羽のように白い髪の毛という意味から。「鷄皮鶴髪」とも書く。
準1級,繋風捕影,けいふうほえい,話や物事にまとまりがないことのたとえ。風をつなぎとめて、影を捕まえることは不可能なことという意味から。「風を繋（つな）ぎ影を捕（と）らう」とも読む。 「係風捕影」とも書く。
準1級,刑鞭蒲朽,けいべんほきゅう,世の中が平和なことのたとえ。刑罰用の鞭や蒲の穂が使われることなく朽ちるという意味から。中国の後漢の官僚の劉寛は、温厚で知られ、打っても痛みの少ない蒲の穂で鞭を作り、痛みよりも恥辱を与えるようにした。しかし、犯罪が起きなくなって、蒲の穂が使われることなく朽ちたという故事から。「刑鞭（けいべん）蒲（ほ）朽（く）つ」とも読む。
準1級,鶏鳴狗盗,けいめいくとう,小賢しい策略で人をおとしめようとする人やくだらない技能や芸しかない人のたとえ。または、使い道のないような技能や芸でも役に立つことがあることのたとえ。「鶏鳴」は鶏の鳴き声の真似をすること。「狗盗」は犬のようにこっそりと物を盗むことで、人を騙したり卑しい行為をしたりする人のたとえ。戦国時代、斉の孟嘗君が捕らえられていたときに、鶏の鳴き真似のうまい者と犬のようにうまく物を盗む者の二人を利用して逃げ延びたという故事から。
準1級,鶏鳴之助,けいめいのたすけ,妻が夫を影ながら支えること。鶏の鳴き声が聞こえて、夫が遅刻してはいけないと思って起こそうとしたが、実は聞き間違いで、まだ夜中だったという故事から。
準1級,桂林一枝,けいりんのいっし,非常にすぐれていて、高潔な人のこと。または、貴重な人材や出来事。または、自身の出世を謙遜して言う言葉。桂の木の林の中にある枝の一本という意味から。元は、現在の自身の地位に満足していないことをいう言葉。中国の晋の時代に、武帝が地方の長官に任命された郤詵に感想を尋ね、郤詵がそれに答えた言葉から。
準1級,灰身滅智,けしんめっち,煩悩を無くし、身体も心も無にした悟りの境地のこと。仏教の言葉で、小乗仏教の理想の境地とされている。「身（み）を灰にして智（ち）を滅す」とも読む。
準1級,結縁灌頂,けちえんかんじょう,多くの人々に仏道との縁を結ばせるために行う儀式。「灌頂」は頭に水を注ぎかける儀式で、仏道との縁を結ばせたり、僧侶が高い地位にのぼるときに行う密教の儀式。
準1級,血脈相承,けちみゃくそうじょう,師から弟子へと、仏の教えを受け継いで伝えていくこと。仏教の言葉で、父親から子へと血を受け継いでいくことにたとえた言葉。
準1級,結縄之政,けつじょうのまつりごと,古代に行われた政治のこと。文字が存在しなかった時代の政治を行う上での意志の伝達や記録の方法で、大事には大きな縄の結び目を結び、小事には小さな縄の結び目を結んだということから。
準1級,牽衣頓足,けんいとんそく,つらい別れを惜しむことを言い表す言葉。「牽衣」はしがみついて服を引っ張ること。 「頓足」は足踏みをすること。戦地に行くことになった兵士の家族が衣服にしがみつき、足をばたばたさせて悲しむ様子を言い表した言葉。「衣（い）を牽（ひ）き足（あし）を頓（とん）す」とも読む。
準1級,懸崖撒手,けんがいさっしゅ,勇気を出して思い切って物事を行うこと。または、一度死んで生き返ること。「懸崖」は険しい崖、「撒手」はつかんでいるものを離すこと。もとは仏教の言葉で、険しい崖から手を離すという意味で、それまでの考えを全て捨てて、心を無にして修行し、真の命をつかむことをいう。「懸崖（けんがい）に手（て）を撒（はな）つ」とも読む。
準1級,懸河之弁,けんがのべん,つまることなく、流れるような弁舌のこと。「懸河」は傾斜が激しい流れの速い川。止まることがなく、勢いよく流れる川のような弁舌という意味から。
準1級,牽強附会,けんきょうふかい,自分に都合がいいように、滅茶苦茶な理屈をこじつけること。「牽強」は道理に合わないことを合っているかのようにいうこと。「附会」は無理に関連付けたり一つに合わせたりすること。どちらも理屈をこじつけるという意味。「牽強付会」とも、「牽強傅会」とも書く。
準1級,剣戟森森,けんげきしんしん,恐ろしくなるような厳しく激しい性格のこと。「剣戟」は剣と矛ということから、武器のこと。「森森」は数多く立ち並んでいる様子。多くの武器が立ち並んでいる様子を性格にたとえた言葉。
準1級,捲土重来,けんどちょうらい,敗北や失敗によって一度は落ちた勢いを、再び取り戻して反撃することのたとえ。一度静まった土煙が、再び巻き上げられるという意味から。「捲土」は土煙が舞い上がる様子のことから、勢いが激しいことのたとえ。「重来」は去ったものが、もう一度やって来ること。 「巻土重来」とも書く。
準1級,犬馬之歯,けんばのよわい,自分の年齢を謙遜していう言葉。「歯」は年齢のこと。動物の犬や馬のように、大きな功績を残すこともなく、無駄に歳をとったということから。
準1級,犬馬之労,けんばのろう,君主や他人のために出来る限りのことをすること。自分の労力を謙遜していう言葉で、犬や馬程度の働きという意味から。中国の三国時代、諸葛亮が劉備に出仕を承諾した故事から。
準1級,堅牢堅固,けんろうけんご,守りが非常に固くて、容易に破れたり壊れたりしないこと。または、極めて丈夫なこと。「堅牢」と「堅固」はどちらも非常に硬いという意味で、同じ意味の言葉を重ねて強調した言葉。
準1級,懸腕枕腕,けんわんちんわん,書道の基本的な筆の使い方のこと。懸腕法と枕腕法のこと。懸腕法は、姿勢を整えて、肘を脇から離して腕を水平に上げ、筆を垂直に持つ書き方。枕腕法は、紙の上に左の手のひらを伏せて、左の手を右の手の枕のようにして構える書き方。
準1級,撃壌之歌,げきじょうのうた,古代中国の伝説の聖天子である尭帝が国を治めている時代に、世の中が平和であることを喜び、人々が歌った歌のこと。「撃壌」は足で地面を踏み、音を鳴らして拍子をとること。
準1級,月卿雲客,げっけいうんかく,公卿と殿上人のこと。または、高い身分の人のこと。 「月卿」は三位以上の公卿。「雲客」は宮中での昇殿を許された雲上人、殿上人。古代中国では宮中を天にたとえ、日を天子に、月を臣下にたとえていたということから。
準1級,元亨利貞,げんこうりてい,易経で乾の卦のもつ四つの徳のこと。「元」は全てのものが生まれる根源。 「亨」は全てのものが成長すること。「利」は開花すること。 「貞」は実を結ぶこと。天の四つの徳として春夏秋冬、仁礼義智に配したもの。易経の占いの結果で、積極的に徳を積み、正しい操を守れば、全てのことは上手くいくという意味。「元（おお）いに亨（とお）る、貞（ただ）しきに利（よろ）し」とも読む。
準1級,玄裳縞衣,げんしょうこうい,鶴の別称。 「玄」は黒い色、「縞」は白い色。「玄裳」は黒い着物のすそ。 「縞衣」は白い上着。鳥の鶴の姿を黒い着物と白い上着を着ている姿にたとえた言葉。
準1級,玄圃積玉,げんぽせきぎょく,美しい文章のたとえ。「玄圃」は中国の霊山、崑崙山の仙人が住んでいるとされているところ。「積玉」は積み重なっている宝石。たくさんの宝石のように美しいという意味から。
準1級,彦倫鶴怨,げんりんかくえん,にせの隠者をそしる言葉。うわべを飾る生き方への批判にも使う。「彦倫」は中国南斉の人の字（あざな）。鐘山に隠れ住んでいたが、召し出されて役人になった。孔稚珪は「北山移文」という文章を書き、山の神になりかわって、彦倫はもう二度とこの山に入るなと言い渡した。その中に、主のいなくなった小屋はからっぽで、夜になると鶴が恨めしそうに鳴いている、という一節がある。隠者に寄り添う鳥とされる鶴までもが、だまされたと恨んでいる、という書きぶりで、彦倫の隠遁が見せかけだったことを批判した言葉から。
準1級,挙一明三,こいちみょうさん,理解力が非常にすぐれていること。仏教の言葉で、四角の一隅を挙げれば、残りの三隅を悟るということから。「一を挙（あ）げて三を明らかにす」とも読む。
準1級,光陰如箭,こういんじょぜん,月日が過ぎるのは速いということ。「光陰」は太陽と月、昼や夜や月日などの時間のこと。「箭」は弓矢の矢のこと。 時間は矢のように過ぎ去ってしまうという意味。「光陰（こういん）箭（や）の如（ごと）し」とも読む。
準1級,光焔万丈,こうえんばんじょう,議論や詩文などの勢いが激しく、素晴らしいことのたとえ。「光焔」は燃え上がり輝く炎。 「万丈」はこの上なく長いこと。炎が勢いよくどこまでも燃え上がるという意味から。
準1級,口角飛沫,こうかくひまつ,口の端からつばを飛ばすほどの激しい議論のこと。
準1級,膏火自煎,こうかじせん,才能や財産があると、逆に災いを招くことのたとえ。「膏」はあぶら、「煎」は焼くや炒ることで、あぶらは燃えて辺りを照らすが、あぶら自体は燃え尽きてしまうことから。
準1級,鴻雁哀鳴,こうがんあいめい,"離散してさまよう民が、苦労や窮状を訴えることのたとえ。鴻（おおとり）と雁（""がん""または""かり""）を流浪の民にたとえたもの。"
準1級,紅顔可憐,こうがんかれん,時の流れは無常だということ。「紅顔」は血色のよい若い青年、「可憐」は「あわれむべし」となって、気の毒ということ。青年が時とともに老いたことを憐れに思い、同情せずにいられないという意味。
準1級,光輝燦然,こうきさんぜん,強く鮮やかに光り輝くこと。「光輝」は光と輝き。 「燦然」は鮮やかに光り輝くこと。
準1級,綱紀廃弛,こうきはいし,国家や社会の法律や秩序が廃れてゆるむこと。「綱紀」は大づなと小づなのことで国家を治める大法と細則。「廃弛」は廃れてゆるむということ。
準1級,綱挙網疏,こうきょもうそ,細かいことにこだわらず、物事の根本をつかむことを重んじること。また、大もとの悪を正すために、小さな不正には目をつぶること。「綱」は網の口を締める太い綱、「疏」は目が粗いこと。太い綱さえ引き上げれば網は残らず持ち上がるのだから、網の目は粗くてかまわない、という意味から。
準1級,高軒寵過,こうけんちょうか,身分の高い人が訪ねてくること。「高軒」は他人の車の敬称で、立派な車という意味。「寵過」は名誉ある来訪という意味。中唐の詩人、李賀の文才を伝え聞いた韓愈と皇甫湜が訪ねると、七歳だった李賀がその場で「高軒過」と題した詩を作ったという故事から。
準1級,鴻鵠之志,こうこくのこころざし,非常に大きな目標。大志。「鴻」はおおとり、「鵠」はくぐいのことで、白鳥の古名。どちらも大きな鳥のことで、英雄や豪傑などの偉大な人物のたとえ。中国の秦の時代、日雇い労働をしていた陳勝が「互いに金持ちになっても忘れずにいよう」と仲間に言い、それを聞いた雇い主が「日雇いの分際で何を言っているんだ」と嘲笑した。陳勝は「燕雀安くんぞ鴻鵠の志を知らんや」と嘆き、後に秦に反乱を起こして王になったという故事から。「燕雀安くんぞ鴻鵠の志を知らんや」を略した言葉。
準1級,後顧之憂,こうこのうれい,物事が終わったあとに残っている心配事。後日のことを心配すること。「後顧」は後ろを振り返るという意味から、あとに残る思いという意味。「後顧之思」とも書く。
準1級,黄裳元吉,こうしょうげんきつ,忠義を尽くす家臣が主家に仕えると、必ずよい結果をもたらすということ。易経の言葉で、「黄裳」は黄色のもすそのことで、「黄」は五行で中心の色とされ、天子などの高貴なものの象徴で、もすそは家臣をたとえたもの。「元吉」は大吉のこと。「黄裳（こうしょう）は元吉（げんきつ）なり」とも読む。
準1級,鉤心闘角,こうしんとうかく,高さのある建物が密集していて、数多く建っている様子。または、知恵を振り絞って争いをすること。「鉤心」は車軸ということから、屋根の中心が集まっているところをいう。「闘角」は角を突き合わせて戦うこと。そりかえっている屋根の中心が集まって、とがった軒先が角を突き合わせて闘っているように見えるという意味から。
準1級,口耳之学,こうじのがく,底の浅い学問や知識のこと。聞いたことの意味をよく考えることもせず、そのまま人に伝えるだけの浅い学問という意味から。
準1級,鉤縄規矩,こうじょうきく,物事の法則や基準になるもののこと。「鉤」は曲線を引く時に使う道具。 「縄」は直線を引く時に使う道具。「規」は円を描く時に使う道具。 「矩」は直角を描く時に使う道具。どれも正確に線を引くことが出来るものということから。
準1級,黄塵万丈,こうじんばんじょう,風に吹かれて空高くまで黄色い土煙が舞い上がること。「黄塵」は土煙のこと。「万丈」の「丈」は長さの単位のことで、「万丈」は長さが非常に長いことのたとえ。
準1級,浩然之気,こうぜんのき,ゆったりとした壮大な気持ち。天地に恥じることのない道義にかなった行動をすることで、心に自然と生まれてくる強い精神のこと。「浩然」は広くて大きいこと。
準1級,宏大無辺,こうだいむへん,果てがないほど、広々としていること。「宏大」は広くて大きいこと、「無辺」は果てがないこと。「広大無辺」「洪大無辺」とも書く。
準1級,孝悌忠信,こうていちゅうしん,親や年長者によく仕え、真心があっていつわらないこと。儒教が重んじた四つの徳をいう。「孝」は親を大切にすること、「悌」は兄や年長者によく従うこと。「忠」は真心を尽くすこと、「信」はいつわりのないこと。「孝悌」は「孝弟」とも書く。 「忠信孝悌（忠信孝弟）」ともいう。
準1級,侯覇臥轍,こうはがてつ,善政を行った立派な人物の留任を願って、引き止めること。「侯覇」は中国の後漢の人の名前。「臥轍」は車の通り道で、人が伏して通れなくすること。長官として善政を行った侯覇が、天子の命で都に帰ることになったが、人々が道に伏して通れなくして留任を請うたという故事から。
準1級,黄髪番番,こうはつはは,白髪が黄色がかるほどに歳老いた老人のこと。知識や経験を重ねた老人をいう言葉。「黄髪」は黄色がかった白髪ということから、老人のたとえ。「番番」は白髪のこと。
準1級,香美脆味,こうびぜいみ,極めて贅沢な食事のこと。「香美」は香辛料のきいた、よい香りのする料理。 「脆味」は柔らかい菓子。
準1級,紅粉青蛾,こうふんせいが,美人を言い表す言葉。または、美しい化粧のこと。 「紅粉」は口紅と白粉のこと。「青蛾」は眉を蛾の触角のように、細長く三日月の形で青い色で描くこと。
準1級,高鳳漂麦,こうほうひょうばく,心を込めて学問に取り組むこと。「高鳳」は中国の後漢の人の名前。高鳳は妻に干した麦の番をするように頼まれたが、読書に夢中になり、雨が降って麦が流されたことに気がつかなかったという故事から。
準1級,黄茅白葦,こうぼうはくい,荒れ果てて痩せた土地のこと。「茅」は植物のかやのこと。 「葦」は植物のあしのこと。茅と葦は、どちらも荒れて痩せた土地でも生える植物で、茅と葦しか生えていなくて黄色や白に見えるという意味から。
準1級,孔明臥竜,こうめいがりょう,まだ世間に知られていない、素晴らしい才能をもつ人のたとえ。「孔明」は中国の三国時代の蜀の宰相、諸葛亮のこと。「臥竜」は川などの深いところに隠れている竜のこと。中国の三国時代の蜀の徐庶は、劉備に諸葛亮を推挙したという故事から。
準1級,紅毛碧眼,こうもうへきがん,西洋人のこと。 「紅毛」は赤い髪の毛。「碧眼」はあおみどり色の目のこと。江戸時代にはスペイン人やポルトガル人のことを南蛮人と呼び、オランダ人を紅毛人と分けて呼んでいたが、のちに西洋人全般をさすようになった言葉。「碧眼紅毛」ともいう。
準1級,孔孟老荘,こうもうろうそう,古代中国の四人の思想家をまとめていう言葉。儒家の孔子と孟子、道家の老子と荘子のことをいう。
準1級,鴻門之会,こうもんのかい,古代中国の漢の劉邦と楚の項羽が鴻門で会談したこと。この会談で項羽は劉邦を殺そうとしたが、劉邦の家臣が見破って劉邦は逃げ延びた。その後、項羽は劉邦に敗北して自決したという故事から。
準1級,鴻門玉斗,こうもんのぎょくと,中国の漢の劉邦が、鴻門の会で楚の項羽の家臣である范増に贈った、翡翠でできたひしゃくのこと。劉邦と項羽が鴻門で会見した際、項羽の家臣である范増は、項羽に劉邦を殺すように進言したが、項羽は劉邦を討ちもらした。それを知った范増は、激怒して悔しがり、劉邦から贈られた翡翠のひしゃくを剣で打ち砕いたという故事から。
準1級,衡陽雁断,こうようがんだん,便りがなくなること。「衡陽」は中国の山の衡山の南のこと。衡山には回雁峰と呼ばれる険しい峰があり、雁は南へ行こうとしても、これを越えることができず、北に戻っていくということから。「衡陽（こうよう）雁（かり）断（た）ゆ」とも読む。
準1級,光禄池台,こうろくのちだい,非常に豪華で、素晴らしい屋敷のこと。「光禄」は中国の高級官僚の役職の光禄勲のこと。「池台」は庭にある池の中に建っている建物のこと。中国の前漢の時代、光禄勲の長官だった王根の屋敷が極めて立派だったということから。
準1級,甲論乙駁,こうろんおつばく,議論の結論が出ないこと。「論」は意見を出すこと。 「駁」は反対の意見を出すこと。「甲」が意見を出すと「乙」が反対の意見を出すということから、互いに意見を出したり反論したりするだけで、いつまでも結論が出ないという意味。
準1級,孤雲野鶴,こうんやかく,世間から離れた隠者のたとえ。「孤雲」は離れて浮かんでいる雲。「野鶴」は群れから離れて野に住んでいる鶴。 どちらも隠者をたとえた言葉。
準1級,狐仮虎威,こかこい,他人の力を自分の力のように使って、好き勝手に振る舞うこと。虎に捕まって食べられそうになった狐は、自分は天帝から百獣の王になるように命じられたと言った。そのことは自分の後ろをついてくればわかるといい、周りの獣は狐の後ろにいる虎を恐れて逃げ出した。虎は狐のことを恐れたと思い、狐の言うことを信じたという説話から。「狐、虎の威を仮る」とも読み、「虎の威を借る狐」という形で使うことが多い言葉。「狐仮」は「狐假」とも書く。
準1級,鵠面鳥形,こくめんちょうけい,飢えと疲労で痩せ細って、衰えている様子。「鵠面」は鳥の白鳥のように痩せ細った顔のこと。「鳥形」は鳥のように痩せ細っていること。
準1級,股肱之臣,ここうのしん,君主の信頼できる家臣。または、そのような部下のこと。 「股」は足のもも。 「肱」は腕のひじ。どちらも人が動くために大切な部分ということから、なくてはならない大切なものをいう。
準1級,狐死首丘,こししゅきゅう,生まれ育った地を忘れないことのたとえ。または、物事の根本を忘れないことのたとえ。狐は、死ぬときに生まれ育った丘に頭を向けて死ぬということから。「狐（きつね）死して丘に首（かしら）す」とも読む。
準1級,古色蒼然,こしょくそうぜん,とても古びている様子。または、古びていて趣のあること。「古色」は古くなったことで出る独特の色合いのこと。「蒼然」は古びて、色が薄くなったり変わったりしていること。
準1級,胡説乱道,こせつらんどう,辻褄が合わないでたらめな議論や言葉。「胡説」はでたらめな議論。「乱道」はいい加減なことを言うこと。または、そのようなことを言って道理を乱すこと。
準1級,胡孫入袋,こそんにゅうたい,民間にいた人が、公職についたために自由が無くなること。または、物事を自由に行えないこと。 「胡孫」は動物の猿の別称。猿が袋の中に入れられるという意味から。「胡孫（こそん）袋に入（い）る」とも読む。
準1級,胡蝶之夢,こちょうのゆめ,自分とものとの区別がなくなって、全てのものが一つのものとする万物一体の境地のこと。または、人の生がはかないことのたとえ。または、夢と現実の境がはっきりと区別できなくなること。荘子が胡蝶になって遊ぶ夢をみて、目が覚めると夢で胡蝶になったのか、胡蝶が夢をみて自分になったのかわからなくなったという故事から。
準1級,国君含垢,こっくんがんこう,君主は将来のことを考えて、一時的な恥は耐えるべきであるという教え。または、君主には臣下の失敗を許す度量が必要であるという教え。「垢」は垢、汚れという意味から、恥や失敗のたとえ。「国君（こっくん）垢（こう）を含む」とも読む。
準1級,胡馬北風,こばほくふう,故郷を懐かしむことのたとえ。「胡馬」は中国の北の胡の国で生産された馬のこと。胡馬は、北風が吹くとどこにいても風に身をまかせて、故郷を懐かしむということから。
準1級,枯木寒巌,こぼくかんがん,世俗を超えた悟りの境地のこと。または、冷淡で付き合いにくい態度のこと。 「巌」は岩のこと。枯れた木と冷たい岩のことで、情念や煩悩を捨て去った悟りの境地をいう禅宗の言葉。「寒巌枯木」ともいう。
準1級,枯木竜吟,こぼくりょうぎん,一度衰えたものが回復すること。または、苦しい状況を抜け出して生を得ること。または、ありえないことが実現することのたとえ。禅宗の言葉で、枯れているように見える木が風に吹かれると、竜が声を発するような勢いで音が鳴るという意味から。
準1級,狐狸妖怪,こりようかい,人を騙したり、恐れさせたりする化け物のこと。または、人知れず悪事を働くもののこと。「狐狸」は人を騙すとされている狐と狸のことで、悪賢く信用できない人のたとえ。「妖怪」は化け物のこと。
準1級,金剛不壊,こんごうふえ,並外れて固く、決して壊れないこと。または、非常に意志が固いこと。「金剛」は「堅固」という意味の梵語を、漢語に翻訳した言葉。「不壊金剛」ともいう。
準1級,今昔之感,こんじゃくのかん,昔のことを思い出して、現在との時世や環境の大きな変化に深く感心すること。
準1級,剛毅果断,ごうきかだん,意志が固く、思い切った決断と行動をすること。「剛毅」は意志が非常に固いこと。 「果断」は大胆な決断と行動をすること。
準1級,剛毅直諒,ごうきちょくりょう,裏表がなく誠実で意志が固いこと。「剛毅」は意志が固いこと。 「直諒」は正直で誠実なこと。
準1級,五陰盛苦,ごおんじょうく,人の体と心を構成している五つの要素から生まれる苦しみのこと。「五陰」は人の体と精神を構成する五つの要素のこと。全ての物質をいう「色」、感覚をいう「受」、心の中に浮かぶ像をいう「想」、欲求をいう「行」、意識をいう「識」の五つ。仏教の言葉で、八苦のうちの一つ。 「五蘊盛苦」「五盛陰苦」ともいう。
準1級,呉下阿蒙,ごかのあもう,昔から全く進歩しない人のたとえ。または、学問や知識がない人のたとえ。「呉下」は呉の国にいること。「阿」は親しみを込めて人の名前の前につける言葉。 「蒙」は人の名前。呉の国にいる蒙さんという意味から。中国の三国時代、呉の魯粛が呂蒙と久しぶりに会うと、以前とは違って学識が非常に深くなっていて驚いたという故事から。
準1級,五穀豊穣,ごこくほうじょう,穀物が充分に実ること。「五穀」は米、麦、粟、豆に黍（きび）または稗（ひえ）を加えた五つのことで、人間が主食とする五種類の代表的な穀物のこと。具体的な穀物名を指さずに穀物の総称として用いることもある。「豊穣」は穀物が充分に実ること。
準1級,後生菩提,ごしょうぼだい,来世に極楽に生まれ変わること。または、来世に生まれ変わって悟りを得ること。「後生」は現世での死後に、来世に生まれ変わること。「菩提」は悟りの境地のこと。
準1級,五盛陰苦,ごじょうおんく,人の体と心を構成している五つの要素から生まれる苦しみのこと。「五陰」は人の体と精神を構成する五つの要素のこと。全ての物質をいう「色」、感覚をいう「受」、心の中に浮かぶ像をいう「想」、欲求をいう「行」、意識をいう「識」の五つ。仏教の言葉で、八苦のうちの一つ。 「五蘊盛苦」「五盛陰苦」ともいう。
準1級,五濁悪世,ごじょくあくせ,末世のこと。仏教の言葉で、五つの汚れに満ち溢れた世界ということから。「五濁」は劫濁、見濁、煩悩濁、衆生濁、命濁という、この世に表れるとされる五つの汚れのこと。
準1級,梧鼠之技,ごそのぎ,様々な技能をもっているが極めている技能がないこと。または、役に立つ技能が一つとしてないこと。「梧鼠」はむささびのことで、飛ぶ、木に登る、泳ぐ、穴を掘る、走るという五つの能力があるが、どれも極めてはいないことから。
準1級,梧桐一葉,ごどういちよう,物事が衰える前兆のこと。「梧桐」は植物のあおぎりのこと。あおぎりは他の木よりも早く葉が落ちるとされ、あおぎりの葉が一枚落ちるのを見て、秋が来ることを知るという意味から。
準1級,欣求浄土,ごんぐじょうど,死んだ後に極楽浄土に往生できるように願うこと。「欣求」は心から願って喜ぶこと。「浄土」は苦しみのない極楽浄土を略した言葉。浄土宗や浄土真宗の基本的な思想をいう。
準1級,採菓汲水,さいかきっすい,仏に供えるために木の実を採ったり水を汲むなど、仏道修行に努めること。「菓」は木の実のこと。
準1級,歳寒松柏,さいかんしょうはく,逆境で苦しい状況でも、信念や志を貫くことのたとえ。「歳寒」は季節の冬。または逆境や苦難という意味。松や柏などの常緑樹は寒い季節でも緑の葉をつけていることから。
準1級,採薪汲水,さいしんきゅうすい,自然の中で質素な生活をすること。山で薪（たきぎ）を採り、川の水を汲むという意味から。
準1級,採薪之憂,さいしんのうれい,病気を患っていることを相手にへりくだっていう言葉。病気で、薪（たきぎ）を採りにいくことすらできないという意味から。
準1級,左支右吾,さしゆうご,様々な手段を用いて危険を防ぐこと。または、左右のどちらにも差支えがあること。あれこれ言い逃れをして危険を回避しようとすること。左を支えて、右を防ぐという意味から。
準1級,三顧之礼,さんこのれい,立場が上の人が礼を尽くして、すぐれた才能を持つ人を招くこと。または、立場が上の人が立場が下の人に礼を尽くして、仕事を依頼すること。「三顧」は三回訪問すること。古代中国の三国時代、蜀の皇帝劉備が諸葛亮を迎え入れるために住居を三回訪問したという故事から。
準1級,三枝之礼,さんしのれい,両親に礼儀を尽くし、両親への孝行を重んじること。鳩の子どもは、親の鳩がとまっている木の枝の三本下の枝にとまるという意味から。
準1級,三者鼎談,さんしゃていだん,三人で向かい合って話し合うこと。三人が話し合うことを「鼎」にたとえた言葉。「鼎」は物を煮たり、祭器として使われる底の深い器で、足が三本あるということから。
準1級,三者鼎立,さんしゃていりつ,同じ力を持っている三人が並び立つこと。または、同じ力を持つ三つの勢力が争いあう、三すくみの状態のこと。三人が並び立つことを「鼎」にたとえた言葉。「鼎」は物を煮たり、祭器として使われる底の深い器で、足が三本で均衡を保って安定して立っているということから。
準1級,三十而立,さんじゅうじりつ,三十歳になって、自分の中の道徳観や学識が確立して、それが自信になって思想が固まること。孔子が自身の生涯を振り返って言った言葉。 三十歳の異名の「而立」の語源。「三十にして立つ」とも読む。
準1級,三牲之養,さんせいのよう,親に食事をご馳走して孝行すること。「三牲」は牛、羊、豚の三種類のいけにえということから、ごちそうのたとえ。「養」は親を養うこと。
準1級,三尺童子,さんせきのどうじ,七、八歳の子どものこと。「三尺」の「尺」は長さの単位で、「三尺」は身長が低いことのたとえ。身長が低い子どもということから。または、「一尺」は二歳半として数え、「三尺」で七、八歳とするという説もある。
準1級,山藪蔵疾,さんそうぞうしつ,大きな事を成す人物は、どんな人でも包みいれる器量があるということのたとえ。または、どんなすぐれた人物でも一つくらい弱点があるということ。「山藪」は山と藪のことで、立派な人物のたとえ。「蔵」は隠すや、しまい込むということ。「疾」は害になるものという意味から、虫や毒蛇のこと。山や藪は害虫や毒蛇ですら隠し包み込むという意味から。中国の春秋時代、晋の景公が宋に救援を出そうとしたときに、伯宗がそれを諫（いさ）めたという故事から。「山藪（さんそう）疾（やまい）を蔵（かく）す」とも読む。
準1級,三諦円融,さんだいえんにゅう,仏教の言葉で、空、仮、中の三つの真理がそれぞれの立場を保ちながらも、互いに溶け合っている状態が同時に成り立っていること。「円融」はお互いに融合しているが、それぞれ立場を保ちつつ妨げになっていないこと。「三諦」は空、仮、中の三つの真理のこと。天台宗が説く三つの真理のことで、全てのものには実体が存在しないという「空」と、全てのものは因縁によって存在するという「仮」と、それら二つを超越して存在しているという「中」のことをいう。「三諦円融」ともいう。
準1級,参天弐地,さんてんじち,天や地のように大きな徳を積むこと。「参天」は天と並ぶこと。 「弐地」は地と並ぶこと。「天（てん）に参じ地に弐（じ）す」とも読む。
準1級,山濤識量,さんとうしきりょう,すぐれた判断力や考え、器量をもっている人のこと。「山濤」は人の名前。 「識量」は知識や器量のこと。竹林の七賢と呼ばれる賢者の一人である、山濤のようにすぐれた知識と器量があるということから。
準1級,三分鼎足,さんぶんていそく,力が同じものが三人並び立つこと。または、同じ力を持つ勢力が並び立つこと。三人が並び立つことを「鼎」にたとえた言葉。「鼎」は食べ物を煮たり、祭器として使われる三本足の器。
準1級,山礪河帯,さんれいかたい,永久に変わらないかたい誓約のこと。または、国が平和で栄え続けること。「山」は泰山、「礪」は砥石、「河」は黄河のことで、広い黄河が帯のように細くなっても、高い泰山がすりへって砥石のように平になっても、長く変わることがないという意味から。
準1級,坐臥行歩,ざがこうほ,日常的に行う動作の体の動かし方のこと。「坐」は座ること、「臥」は寝ること、「行歩」は歩くという意味から。
準1級,坐作進退,ざさしんたい,日常生活で行う動作の体の動かし方。立ち居振る舞い。「坐」は座る、「作」は立つ、「進」は進む、「退」は退く。日常生活で行う基本的な動作を並べた言葉。 「座作進退」とも書く。
準1級,座薪懸胆,ざしんけんたん,目的を果たすために、苦難に耐えて機会を待つこと。「座薪」は固い薪の上に座ること、「懸胆」は枕元に苦い肝を懸けて、寝起きになめること。あえて固い薪の上に座り、寝起きに苦い肝をなめることで、復讐心を忘れないようにしつつ、わき立たせるという意味から。
準1級,斬衰斉衰,ざんさいしさい,親しい関係の人が死んだ時に使う喪服。「斬衰」は縁を縫っていない喪服で、君主や父親が死んだ時に使う、最も重い三年の喪の期間に着る服。「斉衰」は縁を縫っている喪服で、母親や妻が死んだ時に使う、二番目に重い一年の喪の期間に着る服。
準1級,残息奄奄,ざんそくえんえん,どうにか呼吸が出来ているような、死んでしまいそうな状態のこと。または、そのような状態のことから、広く色々なことが滅びてしまいそうな苦しい状況のこと。「残息」は呼吸のこと。「奄」は覆うやふさぐという意味で、「奄奄」は呼吸が止まってしまいそうな状態ということから、弱々しい状態のこと。「残息奄々」とも書く。
準1級,紫幹翠葉,しかんすいよう,山の木々がみずみずしく青々としていて美しい様子。「紫幹」は暗褐色の幹、「翠葉」は緑色の木の葉のこと。「紫翠」と略すこともある。
準1級,只管打坐,しかんたざ,雑念を捨ててわきめもふらず座禅を組むこと。「只管」はひたすら、一心に。 「打坐」は座禅をすること。
準1級,史魚屍諫,しぎょしかん,史魚が自らの死体を使い主君をいさめたという中国の故事。「史魚」は人物の名前。 「屍諫」は死体を使いいさめるという意味。人事に関して、主君をいさめたが聞き入れられなかったのを悔いて、子に自らが死んだら死体を窓の下に放り出しておけと命じた。死後、主君が死体の理由を聞き、聞き入れなかったのは過ちだったと認め、生前の史魚の進言にそった人事を行った故事から。
準1級,四弘誓願,しぐぜいがん,仏になろうとする修行者や菩薩が願いかなえると誓う四つのこと。あらゆる生き物の苦しみを無くす誓願、衆生無辺誓願度。尽きない煩悩を全て断つ誓願、煩悩無尽誓願断。全ての法門を学び尽くす誓願、法門無量誓願学。仏道の最高の悟りを得て成仏する誓願、仏道無上誓願成。
準1級,屍山血河,しざんけつが,この上なく激しい戦闘のこと。または、その惨状のこと。「屍山」は死体の山、「血河」は血の河のことで、激しい惨状の様子。
準1級,獅子身中,しししんちゅう,獅子の体内に寄生する虫が獅子を死なせることから、組織や集団の内部から災いをもたらすこと。
準1級,獅子奮迅,ししふんじん,ライオンが奮い立つように激しい勢いで活動することやその様子のこと。「獅子」はライオンのこと。 「奮迅」は激しく奮い立つ様子。
準1級,梓匠輪輿,ししょうりんよ,「梓」は家具職人、「匠」は大工、「輪」は車輪を作る職人、「輿」は車台を作る職人のことで、これらの総称。
準1級,死屍累累,ししるいるい,死体が当たり一面に積み重なり、むごたらしい様子。「死屍」は死体、亡骸。 「累累」はあたり一面に積み重なっている様子。
準1級,自然淘汰,しぜんとうた,環境に適したものが生き残り、適していないものが滅びること。自然選択。ダーウィンが進化論で用いた言葉。「淘汰」は劣っているものを選び、取り除くこと。
準1級,四塞之国,しそくのくに,攻めにくく守りやすい四方を山や川に囲まれた地勢の国のこと。
準1級,七十古稀,しちじゅうこき,昔から七十歳まで生きることが出来る人は稀だということ。杜甫の詩の「人生七十古来稀なり」という一節に由来して、七十歳を「古稀」と呼ぶようになった。
準1級,七顛八倒,しちてんばっとう,激しい苦痛に苦しみもだえること。「七」や「八」は程度が甚だしいことのたとえで、何度も転がって何度も倒れるという意味から。「七転八倒」とも書く。
準1級,七堂伽藍,しちどうがらん,寺の主な七つの堂の総称。または、七つの堂の揃っている寺のこと。「七堂」は、時代や宗派により異なるが、金堂、塔、講堂、鐘楼、経蔵、僧房、食堂のこと。「伽藍」は寺の建物のこと。
準1級,七歩之才,しちほのさい,「七歩」は七歩歩くという意味で、七歩歩く間にすぐれた詩を素早く作る詩の才能のこと。三国時代、曹植の詩才に嫉妬した曹丕は七歩歩く間に詩を作ることが出来なければ処刑すると命じたところ、即座にすぐれた詩を作ったという故事から。
準1級,七歩八叉,しちほはっさ,詩文の才能にめぐまれていること。魏の曹植は七歩歩く間に詩を作り、唐の温庭筠は八回腕を組む間に八韻の賦を作った故事から。「叉」は腕を組むこと。
準1級,悉皆成仏,しっかいじょうぶつ,「悉皆」は一つ残らず、全てのものという意味で、仏教語でこの世の生きている全てのものが成仏すること。
準1級,漆身呑炭,しっしんどんたん,仇討ちや復讐をするために、非常に苦労すること。「漆身」は漆を身体に塗る、「呑炭」は炭を呑むこと。春秋時代、晋の予譲は主君の仇討ちをするために、漆を身体に塗って皮膚病の別人を装い、炭を呑（の）んで声が出ないようにして機会をうかがったという故事から。「呑炭漆身」ともいう。
準1級,疾風怒濤,しっぷうどとう,強い風が吹き付け、波が逆巻いて荒れ狂うこと。または、時代や社会の状況が激しく変化する様子のたとえ。「疾風」は強く速い風。 「怒濤」はうねり逆巻く大波。十八世紀のゲーテやシラーを中心とした文学革新運動の訳語。
準1級,紫電一閃,しでんいっせん,刀剣を振り下ろす瞬間に稲妻のようにきらめく様子。転じて、事態が切迫していること。極めて短い時間で急激に変化すること。「紫電」は刀の振りによって生じる瞬間的な光、「一閃」は一瞬のひらめき。
準1級,資弁捷疾,しべんしょうしつ,「資弁」は生まれつき弁舌が達者、「捷疾」は速いや素早いことから、生まれつき弁舌が達者で、行動が素早いこと。中国古代の殷の紂王を評した故事が由来。
準1級,子墨客卿,しぼくかくけい,文人。詩文を作る人のこと。「子墨」は墨を擬人化した表現、「客卿」は他国から来ている客分待遇の高官のこと。
準1級,七五三縄,しめなわ,鳥居や神棚などに飾ったり、神域を区別するために用いたりする縄のこと。縄の網目に七、五、三筋のわらをはさんで垂らすことに由来する当て字。「注連縄」「〆縄」「標縄」などとも書く。
準1級,四面楚歌,しめんそか,周りを敵や反対者に囲まれており、味方がいなくて孤立している状態のこと。楚の項羽は漢の劉邦に追い詰められたときに、夜になって漢の軍の中から聞こえてきた楚の国の歌をきいて、漢に降った楚の人が多いことを嘆き、敗北を悟った故事から。
準1級,社燕秋鴻,しゃえんしゅうこう,出合って間もない間に分かれること。「社燕」は春の社日にきて、秋の社日に去る燕、「秋鴻」は秋にきて春に去る白鳥のことで、燕と白鳥がすれ違う短い出会いという意味から。
準1級,釈根灌枝,しゃくこんかんし,「釈根」は根を捨てる、「灌枝」は枝に水を注ぎかけるという意味から、他の事に気をとられて物事の本質を忘れること。または、問題の本質を調べることをせずに結果だけを問題にすること。
準1級,杓子果報,しゃくしかほう,「杓子」は菜や汁を盛る道具、「果報」は幸せのことで、杓子に食べ物が山盛りに配られるという意味から、運に恵まれること。
準1級,杓子定規,しゃくしじょうぎ,杓子の柄を無理やり定規のかわりにするということから、一つの基準で全てを決めようとして応用や融通がきかなくなるという意味。
準1級,車水馬竜,しゃすいばりょう,車や馬などの乗り物の往来がとてもにぎやかな様子。車は流れる水のように、馬は竜のように連なっているという意味。
準1級,周章狼狽,しゅうしょうろうばい,予想していなかったことが起きて、ひどく慌てること。「周章」と「狼狽」はどちらもひどく慌てるという意味。「狼」と「狽」はどちらも想像上の動物のことで、「狼」は後足が極端に短く、「狽」は前足が極端に短いため、離れるとうまく歩けずに倒れてしまうことから、「狼狽」でうまくいかずに慌てふためくという意味になった。
準1級,終南捷径,しゅうなんしょうけい,正規の試験などをすることなく官職につくこと。または、終南山には仕官への近道があるということ。「終南」は長安の南にある山の終南山のこと。「捷径」は近道、最短距離の道のこと。終南山で隠居していた盧蔵用が、則天武后に召されて官職を得た故事から、終南山で隠者のふりをすることで名声が上がって仕官への近道になるという意味。
準1級,秋風索莫,しゅうふうさくばく,勢いが弱くなって、物寂しい様子のこと。夏が過ぎて、秋の物寂しい風が吹くという意味から。「索莫」は物寂しい様子。 「索莫」は「索漠」、「索寞」とも書く。
準1級,秋風落莫,しゅうふうらくばく,勢いが弱くなって、物寂しい様子のこと。夏が過ぎて、秋の物寂しい風が吹くという意味から。「落莫」は物寂しい様子。
準1級,衆妙之門,しゅうみょうのもん,全てのものが生まれ出るとされる門のこと。「衆」は数が多いこと。「妙」は様々な不思議な現象のこと。全てのもののことをいう。
準1級,夙興夜寝,しゅくこうやしん,朝から夜遅くまでずっと仕事に精を出すこと。「夙興」は朝早く起床すること。 「夜寝」は夜遅い時間に寝ること。「夙（つと）に興（お）き夜（よわ）に寝（い）ぬ」とも読む。
準1級,輸攻墨守,しゅこうぼくしゅ,攻める方も守る方も知略を尽くして戦うこと。「輸」は公輸盤、「墨」は墨子のことで、どちらも人の名前。公輸盤が攻めて、墨子が守るという意味から。宋を攻めようとしていた楚の公輸盤を墨子が机上の仮説で守り抜き、それを見て感嘆した楚王は、宋を攻めないことを誓ったという故事から。
準1級,守株待兎,しゅしゅたいと,古いしきたりを守ることにしばられて、融通がきかないこと。または、思いがけない幸運が起こることを頼りにする愚かさのこと。「守株」は切り株を見つめること。 「待兎」は兎を待つこと。中国の春秋時代の宋の国で、偶然に木の切り株にぶつかって死んだ兎を手に入れた農夫は、それからずっと切り株を見つめて過ごし、畑が荒れ果てたという故事から。「株（かぶ）を守りて兎（うさぎ）を待つ」とも読む。
準1級,首鼠両端,しゅそりょうたん,二つの中でどちらかに決めることができず、選べない曖昧な態度のたとえ。または、情勢をみて、どうするか決めること。ねずみが穴から顔を出して、きょろきょろと様子をうかがうという意味から。
準1級,出谷遷喬,しゅっこくせんきょう,出世すること。「遷喬」は高い木に移ること。鳥が谷から出てきて高い木に移るということから、高い地位を手に入れることのたとえ。
準1級,出藍之誉,しゅつらんのほまれ,弟子が師匠を超えること。または、学問をすることで人は良い方向に向上するということ。青い染料は藍の葉から作るが、布を染めることで藍よりも青くなるということから。「青は之を藍より取りて藍よりも青し」から出来た言葉。
準1級,酒嚢飯袋,しゅのうはんたい,能力も知識もない人のこと。「嚢」は袋のこと。 酒を入れる袋と飯をいれる袋という意味から。飯を食い、酒を飲むだけの何の役にも立たない人のことをいう。
準1級,珠聯璧合,しゅれんへきごう,才能のある多くの人材が一つのところに集まること。または、結婚を祝う言葉。 たくさんの宝石が連なりあうという意味から。「珠連璧合」とも書く。
準1級,株連蔓引,しゅれんまんいん,全ての関係した者を罰すること。「株連」は植物の根のひとつのまとまりのこと。「蔓引」は蔓を引いて抜くこと。植物の蔓を引いて、根のまとまりを一気に引き抜くという意味から。
準1級,春蛙秋蝉,しゅんあしゅうぜん,何の実質的な内容もなく、ただ騒々しいだけの言論のたとえ。春の蛙（かえる）や秋の蝉（せみ）のように、うるさく鳴き続けるだけで何の役にも立たないとの意から。
準1級,舜日尭年,しゅんじつぎょうねん,世の中が平和で穏やかなこと。「尭」と「舜」はどちらも古代中国の伝説の聖天子のこと。尭帝と舜帝が世の中を治めていた平和な年月のことから。「舜日尭年」ともいう。
準1級,駿足長阪,しゅんそくちょうはん,すぐれた能力を持っている人が、自分の才能を試すために、難しいことに挑んでみたいと思うこと。「駿足」は速く走ることができる馬。 「長阪」は長い距離のある坂道。速く走ることができる馬は、長く険しい坂道を駆けてみたいと思うという意味から。「駿足長阪を思う」を略した言葉。 「駿足長坂」とも書く。
準1級,小家碧玉,しょうかへきぎょく,貧しい家庭で生まれ育った、美しい容姿の女性のたとえ。または、貧しい家庭にある宝物のこと。「小家」は貧しく卑しい家という意味で、自身の家を謙遜していう言葉。「碧玉」は青い色の宝石。または、中国の東晋の汝南王の愛人の名前。
準1級,小人之勇,しょうじんのゆう,一時の感情に任せた、軽率な勇気のこと。「小人」は度量の狭い人、小人物。
準1級,消息盈虚,しょうそくえいきょ,時代が変化していくこと。「消息」は消えたり生まれたりすること。または、繁栄したり衰退したりすること。「盈虚」は満ちたり欠けたりすること。または、繁栄したり衰退したりすること。
準1級,掌中之珠,しょうちゅうのたま,自分の中で一番大切なもののこと。または、自分の妻と子どものこと。 手のひらの中にある宝石という意味から。
準1級,松柏之寿,しょうはくのじゅ,長く生きること。 または、長生きを祝う言葉。「松柏」は常緑樹の松とこのてがしわのことで、どちらも寿命が長い植物ということから、長寿の象徴。
準1級,賞罰之柄,しょうばつのへい,ほめることと罰を与えることができる権力のこと。「柄」は権力のこと。
準1級,焦眉之急,しょうびのきゅう,危険が間近に迫ってきていることのたとえ。「焦眉」は眉が焦げるほどに火が近づくということ。 「焼眉之急」とも書く。
準1級,蕉風俳諧,しょうふうはいかい,日本の江戸時代の俳人の松尾芭蕉と、その一門によって確立された俳諧のこと。さび、しおり、細み、軽みなどを主体として、落ち着いた雰囲気と奥深い趣を尊ぶ句風を特徴としている。「正風俳諧」とも書く。
準1級,昭穆倫序,しょうぼくりんじょ,祖先の霊を祭っている建物の宗廟の序列には、一定の決まりがあるということ。「昭」は太祖を中央にして、左側に二世、四世、六世を祭ること。「穆」は太祖を中央にして、右側に三世、五世、七世を祭ること。「倫序」は順序のこと。
準1級,鐘鳴鼎食,しょうめいていしょく,財産も地位もある人の贅沢な生活のこと。「鐘鳴」は鐘を鳴らして食事の時間を知らせること。「鼎食」は祭器としても使われる、三本足の器の鼎に料理を盛って、たくさんの鼎を並べて食事すること。
準1級,笑面夜叉,しょうめんやしゃ,見た目は笑顔だが、心の底で悪いことを考えていること。「夜叉」は人に害を与える悪い鬼神のこと。
準1級,杵臼之交,しょきゅうのまじわり,身分にこだわらずに人付き合いをすること。「杵臼」はきねとうすのこと。中国の後漢の時代の公沙穆は、学費を稼ぐために呉祐の家で雇われて、きねとうすを使って米をついていた。あるとき呉祐が公沙穆に話しかけてみると、高い学識があることに驚き、その後は主従を越えた付き合いを結んだという故事から。
準1級,処女脱兎,しょじょだっと,兵法の一つで、始めのうちは大したことのないように見せて相手を油断させ、後にものすごい勢いを発揮することのたとえ。「処女」は家にいる少女という意味から、未婚の少女のこと。「脱兎」は逃げる兎。おとなしい少女に見せかけて油断させ、その後に逃げる兎のような勢いで攻めるということから。「始めは処女の如く後は脱兎の如し」を略した言葉。
準1級,黍離之歎,しょりのたん,国が滅んだことへの嘆き。「黍離」は『詩経』「王風」の詩篇の名称。中国の東周の大夫が、西周の宮殿の跡地が荒地になっているのを見て嘆いて作った詩といわれている。「黍離之嘆」とも書く。
準1級,支葉碩茂,しようせきも,本家と分家、一族の全てが繁栄すること。「支葉」は枝と葉のことで、本家と分家のたとえ。「碩茂」は大きく繁栄すること。 「枝葉碩茂」とも書く。
準1級,芝蘭玉樹,しらんぎょくじゅ,才能のあるすぐれた人材や子弟のこと。または、一族や一門から人材を輩出すること。 「芝」は霊芝のこと。「蘭」は藤袴のこと。どちらも植物で香り高いということから、すぐれた才能を持つ人のたとえ。「玉樹」は宝石のように美しい木のこと。
準1級,芝蘭結契,しらんけっけい,良い影響を受ける賢者との交友。「芝」は霊芝のこと。 「蘭」は藤袴のこと。どちらも植物で香り高いということから、善人や賢者のたとえ。
準1級,芝蘭之室,しらんのしつ,善人のたとえ。または、賢者に影響を受けることのたとえ。 「芝」は霊芝のこと。「蘭」は藤袴のこと。どちらも植物で香り高いということから、善人や賢者のたとえ。「善人と居るは芝蘭の室に入るが如し」を略した言葉。
準1級,芝蘭之交,しらんのまじわり,良い影響を受ける賢者との交友。「芝」は霊芝のこと。 「蘭」は藤袴のこと。どちらも植物で香り高いということから、善人や賢者のたとえ。
準1級,指鹿為馬,しろくいば,間違っていたり、理屈に合わないと理解していても、無理に押し通すこと。中国の秦の始皇帝の死後に、権力を得ようとした趙高は、二世皇帝に鹿を馬と言って献上した。そのことに対して、何も言わなかった人や、それは馬だと言った人、鹿だと言った人がいたが、趙高は鹿と言った人は全て処罰したという故事から。「鹿（しか）を指して馬（うま）と為（な）す」とも読む。
準1級,辛苦遭逢,しんくそうほう,非常に辛く苦しい出来事にあうこと。「辛苦」は辛く苦しい出来事。「遭」と「逢」はどちらも遭遇するということ。
準1級,神工鬼斧,しんこうきふ,人の技術で作られたとは思えない素晴らしい作品のこと。神が細工を施したような、鬼神が斧をふるって作ったような作品という意味から。神業や名人芸のことをいう。 「鬼斧神工」ともいう。
準1級,参差錯落,しんしさくらく,様々な不揃いなものが入り混じっている様子。「参差」は大きさや長さが揃っていないこと。「錯落」は色々のものがごちゃごちゃと交ざっていること。
準1級,参商之隔,しんしょうのへだて,距離が非常に離れているために、会う機会がないこと。または、夫婦や家族が別れたり、不仲になることのたとえ。「参」はオリオン座の星、参星。 「商」はさそり座の星、商星。東西に遠く離れた二つの星は、空に同時に現れることはないということから。古代中国の高辛氏の二人の息子は仲が悪く、いつも争いをしていたために、互いに遠く離れた参星と商星をつかさどらせたという伝説から。
準1級,薪水之労,しんすいのろう,人に仕えて、怠けず懸命に働くこと。または、炊事などの家事仕事。「薪水」は薪を拾いに行って、水を汲みに行くこと。
準1級,時雨之化,じうのか,適度な雨は草木の育成をよくすることから、君主の善政や聖人の教化が、人々を感化すること。「時雨」は適切な時に適度に降る雨のこと。
準1級,慈烏反哺,じうはんぽ,育ててくれた親に恩返しすること。「慈烏」はカラスの別名、「反哺」は口移しで餌を与えること。成長したカラスは、口移しで老いた親に餌を与えて幼時の恩を返すといわれていることから。
準1級,持盈保泰,じえいほたい,安らかで満ち足りた状態を維持し続けること。または、慎重に行動して災いを招かないようにすること。「持盈」は満ち足りた状態を維持すること。「保泰」は安らかなことを維持すること。 「保泰持盈」ともいう。
準1級,自家撞着,じかどうちゃく,同じ人の行動や言動が前後で辻褄が合わないこと。「自家」は自分自身のこと、「撞着」は辻褄があわないこと、矛盾していること。
準1級,爾雅温文,じがおんぶん,心がおだやかで、態度や言動が礼儀にかなっていること。「温文」は温和で礼儀にかなっていること。「爾雅」は言葉や文章などが美しいこと。 「爾雅温文」ともいう。
準1級,而今而後,じこんじご,今より後やこれから、今後という意味。
準1級,日月星辰,じつげつせいしん,空のこと。または、太陽、月、星などの天体のこと。「星辰」は星座。星の総称。
準1級,自然法爾,じねんほうに,浄土真宗で如来の絶対的な他力に身を任せること。「自然」は外部からの影響ではなく、自ずからそうであること。「法爾」は法則のままやあるがままということ。全てのものは、自ずから如来の知恵のあらわれであり、真理にかなっているということ。「法爾自然」ともいう。
準1級,慈悲忍辱,じひにんにく,情け深くどんな苦難も耐えてしのぶこと。または、僧が守るべき道のこと。仏教語で、「慈悲」は慈しみ深い心、「忍辱」は苦難を耐えてしのぶこと。
準1級,獣蹄鳥跡,じゅうていちょうせき,世の中が酷く乱れていること。「獣蹄」は獣の足跡。 獣や鳥の足跡が町中に溢れるという意味から。
準1級,儒林棟梁,じゅりんのとうりょう,儒学者の世界で上にたって、重い責任を担っている人。「儒林」は儒学を学んだり、研究している仲間のこと。「棟梁」は人をまとめて率いる人、統率者のこと。
準1級,純真無垢,じゅんしんむく,邪念や私欲などのない清らかな心を持っていること。または、自然のままで飾り気のない様子のこと。「純真」と「無垢」はどちらも清らかで汚れのないという意味。同じ意味の言葉を重ねて強調した言葉。 主に子供のことをいう言葉。
準1級,純情可憐,じゅんじょうかれん,邪念や私欲などがなく清らかで、素直で愛らしいこと。「純情」は心が清らかで素直なこと。 「可憐」はいじらしく愛らしいこと。主に少女に対して使う言葉。
準1級,醇風美俗,じゅんぷうびぞく,他人への思いやりのある、美しく望ましい風俗や習慣。「醇風」は人への思いやりのある習慣。 「美俗」は美しい習慣。「淳風美俗」とも書く。
準1級,冗員淘汰,じょういんとうた,必要のない人員を減らして整えること。「冗員」は不必要な人員のこと。「淘汰」は必要なものと、必要のないものを選んで必要のないものを捨てること。
準1級,上求菩提,じょうぐぼだい,菩薩がさらに高みを望んで、完全な悟りの境地を求めること。仏教の言葉で、仏教の修行者の菩薩が、自身が仏になるために、煩悩を捨て去った悟りの境地である菩提を求めるという意味から。
準1級,城狐社鼠,じょうこしゃそ,君主や権力者の威光を笠にきて悪事を働く者のたとえ。「城狐」は城に住んでいるきつね。「社鼠」は神社などの社に住んでいるねずみ。そのような動物を駆除するためには、その場所を壊さないといけないので、悪いことをしても駆除することが難しいことから。「社鼠城狐」ともいう。
準1級,情緒纏綿,じょうしょてんめん,感情が深く、いつまでも心から離れないこと。「情緒」は感情や気分。 「纏綿」はまとわりつくという意味。
準1級,常住坐臥,じょうじゅうざが,ふだん、いつも。「常住」はいつもという意味。 「坐臥」は座ることと寝ること。座っているときも寝ているときもという意味から。「行住坐臥」の「行住」と、「常住」が混同されてできた言葉。「常住座臥」とも書く。
準1級,常套手段,じょうとうしゅだん,いつも決まって使われる手段や方法のこと。または、誰もが知っているような手段や方法のこと。「常套」は古臭くて誰でも知っているようなこと。
準1級,乗輿車駕,じょうよしゃが,天子が乗る車。 または、天子のこと。「乗輿」と「車駕」はどちらも天子が外出するときに使う車のこと。
準1級,乗輿播越,じょうよはえつ,天子が都を落ち延びて、遠くの他国を流浪すること。「乗輿」は天子が乗る車のこと。「播越」は居場所がなくなって、他国を流浪すること。
準1級,常鱗凡介,じょうりんぼんかい,普通の人のたとえ。「鱗」は魚の鱗のことから、魚のたとえ。 「介」は貝のこと。普通の魚と平凡な貝類という意味から。
準1級,上漏下湿,じょうろうかしゅう,貧しい家、あばら家を言い表す言葉。屋根からは雨が漏れてきて、床から湿気が上がってくるという意味から。「上（かみ）は漏（も）れ下（しも）は湿（しめ）る」とも読む。
準1級,人為淘汰,じんいとうた,数多くの中から、目的にあった性質を持った個体を選んで残していくこと。家畜や植物などの品種改良の方法の一つ。「人為」は自然のままではなく、人が手を加えること。「淘汰」は悪いものを捨てて、良いものだけを残すこと。
準1級,人主逆鱗,じんしゅのげきりん,君主や支配者から怒りを買うことのたとえ。「人主」は君主や支配者のこと。「逆鱗」は竜の顎の下に逆さに生えているとされる一枚の鱗のことで、これに触ると竜は激怒して触った人を殺すという伝説から、上の立場の人からの激しい怒りを買うことのたとえ。「人主もまた逆鱗有り」を略した言葉。
準1級,水魚之交,すいぎょのまじわり,とても仲がよく、離れがたい交際や友情のこと。その関係を魚と水にたとえた言葉。三国時代、蜀の劉備が仲の良かった孔明を軍師に迎えたときに、古参の武将は不満をもらしたが、魚に水が必要なように私には孔明が必要だと言ったという故事から。
準1級,翠色冷光,すいしょくれいこう,冷たく感じるような青い光のこと。また、月の光りを表現したもの。 「翠色」は青緑色、または深い緑色のこと。「冷光」は冷ややかな光という意味。
準1級,水滴石穿,すいてきせきせん,小さい力でも積み重なれば強大な力になることのたとえ。「水滴」は一滴の水、「石穿」は石に穴をあけること。水滴も同じ位置に落ち続ければ、いずれ石に穴をあけることができるという意味から。「水滴石を穿（うが）つ」とも読む。
準1級,水天一碧,すいてんいっぺき,水平線で海と空の境が、区別できないように青い色一色に溶け合っている様子のこと。「水天」は海と空のこと。「一碧」は水面や空の色が深い青色一色になっていること。
準1級,水到渠成,すいとうきょせい,学問を身につけると、それに伴って徳も自然に備わるということ。または、物事は手を加えなくても、時がたてば自然と望んだとおりになるということ。「渠」は溝や堀のことで、水が流れると、土が削られていって、水の流れだけで溝が出来上がるという意味から。「水（みず）到（いた）りて渠（きょ）成る」とも読む。
準1級,推本溯源,すいほんそげん,物事の根本を考えて、その全てを知ろうとすること。根源を推察して、根源にさかのぼるという意味から。「本を推（お）して源（みなもと）に溯（さかのぼ）る」とも読む。「溯源」は「遡源」とも書く。 「そげん」は「さくげん」とも読む。
準1級,趨炎附熱,すうえんふねつ,その時に権力のあるものにこびへつらうこと。「趨」は走ること。 「炎」と「熱」は激しい勢いがあるもののたとえ。勢いのある炎に走って向かい、熱いものにつくということから。「炎（えん）に趨（おもむ）き熱に附（つ）く」とも読む。「趨炎付熱」とも書く。
準1級,寸指測淵,すんしそくえん,考えの浅い行為。または、実際に行うことが不可能なこと。一寸の長さしかない指で、水の深い場所の深さを測ろうとするという意味から。「寸指（すんし）もて淵（ふち）を測る」とも読む。
準1級,随侯之珠,ずいこうのたま,貴重な宝玉やこの世で並ぶものがないほどの至宝のこと。中国の伝説上の銘珠のこと。「随侯」は人の名前で、随侯が傷ついた大蛇を助けたお礼に伝説の宝珠を貰ったとされる故事から。「隋侯之珠」とも書く。
準1級,随珠弾雀,ずいしゅだんじゃく,適切でない方法や道具を使用すること、特に利益よりも損失が大きい状況のこと。「随珠」は、随侯が大蛇を助けた際に贈られたとされる伝説の宝玉、「雀」はすずめのこと。貴重な宝玉を、すずめを打ち落とすための弾として使用することから。
準1級,杜撰脱漏,ずさんだつろう,物事のやり方が雑で、間違っている部分が多いこと。「杜撰」は北宋の杜黙という詩人の作品が、当時の詩の約束事を守っていないものが多かったということから、間違いが多く、規則に合っていない文章や詩のことをいう。
準1級,青雲之志,せいうんのこころざし,立身出世するために功名を得ようとする心。または、立派な人物になるために徳を磨こうとする志。「青雲」は雲の上にある青空のことで、高位や高官、学問や道徳を修めた立派な人物という意味。
準1級,斉駆並駕,せいくへいが,能力や実力、地位などに差がないこと。「駕」は馬車や乗り物のこと。 「斉駆」はそろって走らせること。一台の馬車を数頭の馬で引っ張り疾駆することで、ともに肩を並べて進み、力に差が無いことのたとえ。「斉駆並駕」「並駆斉駕」ともいう。
準1級,西施捧心,せいしほうしん,同じ行動でも、人物や状況の違いによって善悪の差が生じること。または、病気に苦しむ美しい女性の様子のこと。「西施」は越の有名な美女の名前。病を患った西施は、眉をひそめながら痛む胸をおさえて歩くことが多かったが、多くの人がその姿を美しいと見惚れた。その様子を見ていた村の醜い女性が、真似をして同じように歩くと、皆が逃げ出したという故事から。
準1級,西狩獲麟,せいしゅかくりん,文章を書くことを止めること。絶筆すること。または、物事の終わりという意味。または、狩りに行って麒麟を捕らえたという故事。「麟」は太平の世で、天子の出現に応じて現れるとされる麒麟という聖獣のこと。乱世の世に西の方で捕らえられ、神聖なはずの麒麟を人々は不気味だと恐れたのを見て、孔子は今まで自分がやってきたのは何だったのかと思い、『春秋』を最後に筆を置いたとされる故事から。
準1級,西戎東夷,せいじゅうとうい,西方と東方の異民族の蔑称。または、漢民族からみて異民族の蔑称。 「西戎」は西方の異民族のこと。「東夷」は東方の異民族のこと。 「東夷西戎」ともいう。
準1級,清浄無垢,せいじょうむく,汚れのない清らかな様子。仏教では、煩悩がなく澄んでいる心のこと。「無垢」は汚れのないという意味。 「清浄」は「しょうじょう」とも読む。「無垢清浄」ともいう。
準1級,盛粧麗服,せいそうれいふく,美しく着飾ること。「盛粧」はしっかりと化粧をすること。 「麗服」は美しい衣服を着ること。十分に化粧をして、美しい服を着るという意味から。
準1級,清濁併呑,せいだくへいどん,善も悪も全て受け入れること。人としての器が大きく、どんなことでも受け入れること。「清濁」は清らかなものと濁っているもののことで、善と悪や、賢者と愚者などのたとえ。清らかなものも濁っているものも全てを飲み込むという意味から。「清濁併せ呑む」という形で用いることが多い言葉。
準1級,井底之蛙,せいていのあ,自分の知っているごくわずかな範囲だけで物事を判断してしまい、広い世界の本当の様子を知らないこと。井戸の中に住む蛙が外の広い世界を知らず、井戸の中の狭い環境だけを世界のすべてだと思い込んでいるという話から。
準1級,生呑活剥,せいどんかっぱく,人が作った詩や文章を盗んで、そのまま使うこと。または、他人から聞いた考えや意見を理解せずにそのまま受け入れて、自分の考えや意見であるかのように言うこと。「生呑」は生きたまま丸ごと飲み込むこと。「活剥」は生きたまま皮を剥ぐこと。 「活剥生呑」ともいう。
準1級,碩学大儒,せきがくたいじゅ,様々な学問を深く習得した学者。または、学問の道を極めつくした大学者のこと。「碩学」は学問を深く習得していること。 「大儒」は大学者や儒学者のこと。
準1級,尺山寸水,せきざんすんすい,高い山の上から見下ろした景色。「尺」と「寸」はどちらも長さの単位で、どちらも短い長さのたとえ。上から見た他の山や川が小さく見えるということから。
準1級,碩師名人,せきしめいじん,すぐれた功績のある学者や、高い名声のある人。または、徳の高い人や、人望のあつい人。 「碩師」は大学者。「名人」は高い名声のある人。
準1級,積薪之嘆,せきしんのたん,後から来た人が重用されて、先にいた人が下の立場になって苦労する悩みのこと。古い薪の上に新しい薪が積み重ねられていき、古い薪は下のままになっているという意味から。「積薪之歎」とも書く。
準1級,積水成淵,せきすいせいえん,小さいものでも、数が多くなれば大きな力になるということ。または、努力を積み重ねていけば願いを叶えることが出来るということ。少しの水も集まれば淵になるという意味から。「積水（せきすい）淵（ふち）を成す」とも読む。
準1級,尺寸之功,せきすんのこう,ほんの少しの功績。自身の功績を謙遜していうときに使うこともある言葉。「尺」と「寸」はどちらも短い長さの単位ということから、ほんの少しということのたとえ。
準1級,尺寸之地,せきすんのち,ほんの少しの土地。「尺」と「寸」はどちらも短い長さの単位ということから、ほんの少しということのたとえ。
準1級,尺寸之柄,せきすんのへい,ほんの少しの権力のこと。「尺」と「寸」はどちらも短い長さの単位ということから、ほんの少しということのたとえ。「柄」は権力のこと。
準1級,刺草之臣,せきそうのしん,普通の人々のこと。「刺草」は草を刈り取ること。普通の人が、君主に自身のことを謙っていう言葉。草を刈り取るだけの卑しい者という意味から。
準1級,尺短寸長,せきたんすんちょう,どんな人にも長所と短所は必ずあるということ。「尺」と「寸」はどちらも長さを表す単位。場合によっては一尺でも短いと感じることもあり、一寸でも長いと思うことがあるという意味から。「尺も短き所有り、寸も長き所有り」を略した言葉。
準1級,尺璧非宝,せきへきひほう,時間は非常に大切なものであるということのたとえ。「尺璧」は直径が一尺ほどある宝石。一尺の直径がある宝石も時間に比べると大した宝物ではないという意味から。「尺璧（せきへき）宝（たから）に非ず」とも読む。
準1級,折衝禦侮,せっしょうぎょぶ,敵の攻撃を防いで、相手を恐れさせること。「折衝」は攻撃してくる敵の武器をくじくこと。「禦侮」はこちらを侮ることを防ぐという意味。「衝（つ）くを折（くじ）き侮（あなど）りを禦（ふせ）ぐ」とも読む。
準1級,雪中松柏,せっちゅうのしょうはく,志や節操、主義を決して曲げないことのたとえ。植物の松や柏の葉の色は、雪が降っても緑色のまま変わらないということから。
準1級,窃鈇之疑,せっぷのうたがい,証拠もないのに疑うこと。また、疑う気持ちを持って見ていると、その人の言動が全て怪しく見えることのたとえ。「鈇」は斧のこと。斧を盗まれたと思った男性が隣人の女性を疑うと、その女性の立ち居振る舞いの全てが疑わしく思えたが、斧が物置で見つかるとその女性の全てがかわいらしく思えたという故事から。「せっぷのうたがい」とも読む。
準1級,窃位素餐,せついそさん,高い地位をもっているだけの無駄飯食い。または、職務を果たさず、無駄に高い給料を得ていることのたとえ。「窃位」は才能も人徳もないのに高い地位についていること。「素餐」は何もせずに食べること。
準1級,切切偲偲,せつせつしし,善を勧めて、互いに励ましあいながら磨きあうこと。「切切」と「偲偲」はどちらも心をこめて元気付けるという意味。「切偲」という善を勧めて励ましあうという意味の言葉を重ねて強調した言葉。孔子の弟子の子路が、孔子に士人とはどういう人かと尋ねたという故事から。
準1級,雪泥鴻爪,せつでいのこうそう,人の行動や、人の一生で起こる出来事は儚いものであるということ。「雪泥」は雪が解けたあとのぬかるんでいる場所。「鴻爪」は鳥の鴻の爪の跡。雪解けのぬかるみに鴻が爪の跡を残しても、爪の跡はすぐに消えるということから。
準1級,旋乾転坤,せんけんてんこん,国の情勢を一変すること。「旋」と「転」は根本から回すという意味。 「乾」は天、「坤」は地のこと。天地を一回転させて、正しい状況に戻すという意味から。「乾（けん）を旋（めぐ）らし坤（こん）を転（てん）ず」とも読む。
準1級,先見之明,せんけんのめい,これから先にどうなるかを見抜くことができる能力。「先見」は先のことを見抜くこと。 「明」は物事の本質を見抜く能力のこと。
準1級,先庚後庚,せんこうこうこう,失敗しないように注意深く物事を行うこと。「庚」は変えるという意味。易経の言葉で、物事を変える時には、変える前と後のことをしっかりと説明するべきであるということ。「庚（こう）に先だち庚（こう）に後（おく）る」とも読む。
準1級,千錯万綜,せんさくばんそう,様々なことが複雑に入り混じっていること。「千」と「万」は数が多いことのたとえ。「錯」と「綜」は入り組んでいて、絡まりあっていること。
準1級,千射万箭,せんしゃばんせん,一つ一つのことに手を抜いてはいけないという教え。「箭」は矢のこと。弓道の心得をいう言葉で、千本万本の矢を射るときでも、今射る矢をおろそかにせず、新たな気持ちで臨むべきということ。
準1級,千乗之国,せんじょうのくに,大国。「乗」は兵車を数える単位で、千の兵車を出すことのできる国ということから。一つの兵車には、それぞれに百人の兵がつくとされていて、十万の兵力をいう。
準1級,川上之歎,せんじょうのたん,時間が過ぎていくことへの嘆き。「川上」は川のそば。孔子が川の流れを見て、昼も夜も関係なく流れが過ぎていく、過ぎ去るとはこういうものかと嘆いたという故事から。「川上之嘆」とも書く。
準1級,栴檀双葉,せんだんのふたば,立派ですぐれた才能を持っている人は、子どもの頃からすぐれた才能を持っているということ。「栴檀」は香木の白檀のこと。「双葉」は芽が出たばかりの小さな二枚の葉のこと。白檀は芽が出た直後でもいい香りを放つということから。「栴檀は双葉より芳し」を略した言葉。 「栴檀二葉」とも書く。
準1級,千成瓢箪,せんなりびょうたん,豊臣秀吉の馬印のこと。小さく数が多い瓢箪の一種をいう。美濃攻めの時に、豊臣秀吉が瓢箪を高く掲げ合図を送った功績を織田信長に認められ、報酬として金の瓢箪を与えられて、瓢箪を馬印にすることを許されたといわれている。
準1級,穿壁引光,せんぺきいんこう,貧しい生活をしながら勉学に励むこと。苦学のたとえ。壁に穴を開けて隣の家の光を盗み、盗んだ光で勉強をするということから。前漢にいた匡衡は貧しく、灯火の油を買うことができず、壁に穴を開け、隣家の明かりを盗んで勉学に励んだという故事から。「壁を穿（うが）ちて光を引く」とも読む。
準1級,千篇一律,せんぺんいちりつ,物事がどれも同じで面白みがないこと。「千篇」はたくさんの詩文のこと。 「一律」は全て同じ調子という意味。「千編一律」とも書く。
準1級,千里命駕,せんりめいが,遠くにいる友人を訪ねること。「千里」は非常に距離が離れていることのたとえ。「命駕」は馬車の用意を命じること。遠くの友人を訪ねるために、馬車の用意を命令するという意味から。「千里（せんり）駕（が）を命ず」とも読む。
準1級,是耶非耶,ぜかひか,物事の善か悪かの判断に迷うこと。疑問や反語という意味の助字の「耶」という文字を、物事の善か悪かをいう「是非」に付け足した言葉。「所謂天道是耶非耶」という出典の一節で、善人が苦しみ、悪人が横行するという例は多くあり、天の定める道は正しいのかどうか迷うということから。
準1級,是非之心,ぜひのこころ,物事の善と悪をしっかりと判別できる能力のこと。「是非」は正しいことと、間違っていること。
準1級,善巧方便,ぜんぎょうほうべん,相手や状況に合わせたやり方を考えること。「善巧」は上手いこと。 「方便」はやり方。仏教の言葉で、仏が人々に仏法を説く時のやり方をいうもので、相手の能力に合わせてやり方を変えるということから。
準1級,前虎後狼,ぜんここうろう,災難などの辛いことが次から次へと起こること。前から来る虎を防いでも、すぐに後ろから狼がやって来るという意味から。「前門の虎、後門の狼」という形で使うことが多い言葉。「前門に虎を拒ぎ後門に狼を進む」を略した言葉。
準1級,前車覆轍,ぜんしゃのふくてつ,先人の失敗を学び、今の戒めにすること。「覆轍」はひっくり返った車の残した車輪の跡のこと。先に通った車のひっくり返った車輪の跡を見て、同じようにならないように、その場所を通らないようにするという意味から。
準1級,前途遼遠,ぜんとりょうえん,これから先の道のりが非常に遠いこと。「前途」はこれから先の道のり、将来のこと。「遼」と「遠」はどこまでも続いているということ。目的を果たすまでに、たくさんの苦労や災難が待ち構えていることをいう。
準1級,全豹一斑,ぜんぴょういっぱん,物事のわずかな部分だけを見て、物事の全体を推測したり、批評したりすること。見識が狭いことのたとえ。「一斑」は、豹（ひょう）の毛皮にあるまだら模様のうちの一つのこと。転じて物事の一部分。狭い管を覗いて中から見えた一つの豹のまだら模様を見て、豹の全体を推測するという意味から。「全豹一斑」ともいう。
準1級,前狼後虎,ぜんろうこうこ,災難などの辛いことが次から次へと起こること。前から来る狼を防いでも、すぐに後ろから虎がやって来るという意味から。
準1級,総角之好,そうかくのよしみ,小さなころからの親交のこと。「総角」は束ねた髪を角（つの）のように両側から垂らした小児の髪型のことから、小さい子供という意味。「好」は親しい関係のこと。
準1級,喪家之狗,そうかのいぬ,元気がなくてやつれている人のたとえ。または、身を寄せるところがなく、放浪している人のたとえ。「喪家」は喪中の家のこと。 「狗」は犬のこと。葬式をしている家は忙しいので、犬に餌をやり忘れてしまい犬がやせてしまうという意味から。また、一説に家を失った犬や宿無しの犬のことをいうこともある。
準1級,僧伽藍摩,そうぎゃらんま,寺院や寺院の建物の総称。仏教語で、多くの僧が集まって修行する清らかな場所という意味。
準1級,痩躯長身,そうくちょうしん,身長が高く痩せている体型のこと。「長身」は身長が高いこと。 「痩躯」は痩せている体格の体のこと。主に男性の体格を表現するのに用いる言葉。「痩躯長身」「痩身長躯」ともいう。
準1級,蒼狗白衣,そうくはくい,時世の変化がはやいことのたとえ。「蒼狗」は青、または黒い犬のこと。白衣に見えたかと思えば、すぐに形が変わって犬のように見える、空に浮かぶ雲のように変化がはやいという意味から。「蒼狗白衣」ともいう。
準1級,叢軽折軸,そうけいせつじく,一つ一つは小さいものでも、数が多く集まれば大きな力になるということ。「叢軽」は軽いものが数多く集まること。 「折軸」は車軸が折れること。軽いものでも数多く集まれば、車軸が折れるほどの重量になるという意味から。
準1級,糟糠之妻,そうこうのつま,貧しい生活をして、共に苦労をしてきた妻のこと。「糟糠」は酒かすと米ぬかのことから貧しい食事のたとえ。光武帝が、姉の湖陽公主と家臣の宋弘を結婚させようとしたが、既婚者である宋弘は「貧しい時期を共に苦労してきた妻のことを大切にしたい」と言って断ったという故事から。
準1級,桑弧蓬矢,そうこほうし,男子が将来の目標や抱負をしっかりと決めること。または、その目標や抱負のこと。 「桑弧」は桑の木で作った弓。「蓬矢」はよもぎで作った矢。古代中国の風習で、男の子が生まれると将来の活躍を願い、蓬矢を天地四方に射ていたことから。
準1級,荘周之夢,そうしゅうのゆめ,自分とものとの区別がなくなって、全てのものが一つのものとする万物一体の境地のこと。または、人の生がはかないことのたとえ。または、夢と現実の境がはっきりと区別できなくなること。「荘周」は道教の始祖の一人とされる思想家の荘子の別名。荘子が胡蝶になって遊ぶ夢をみて、目が覚めると夢で胡蝶になったのか、胡蝶が夢をみて自分になったのかわからなくなったという故事から。
準1級,壮士凌雲,そうしりょううん,俗世を超越しようとする気高くて立派なこころざしのこと。または、積極的に高みを目指すこころざしのこと。「凌雲」は雲よりも高い場所に上るという意味から、俗世を超越するという意味。
準1級,曾参殺人,そうしんさつじん,嘘の話でも、多くの人から何度も繰り返し話を聞かされていると信じてしまうことのたとえ。「曾参」は人名。孔子の弟子。 ある時、曾参の親類の者が人を殺した。誰かが誤って、曾参の母親に「曾参が人を殺した」と告げたが、曾参の母親は信じなかった。しかし、二人目、三人目と同じことを告げに来ると、さすがに話を信じて、機織仕事をやめて家を飛び出したという故事から。
準1級,曾参歌声,そうしんのかせい,貧しい生活のなかでも欲にとらわれずに高潔に生きること。「曾参」は人の名前。曾参は衣食も満足にいかないほど貧しかったが、『詩経』の商頌の詩を歌うと世界に響き、金石の楽器の演奏のように見事なものだったという故事から。
準1級,甑塵釜魚,そうじんふぎょ,とても貧しいことのたとえ。「甑」は蒸すための調理器具で、こしきやせいろのこと。「魚」は蚊の幼虫のボウフラのこと。こしきには塵がつもり、鍋にはボウフラがわいて炊事をすることができないほど貧しいことから。「釜魚甑塵」ともいう。
準1級,蒼然暮色,そうぜんぼしょく,夕方になって、少しずつ暗くなっていく様子。「暮色」は日が沈んで薄暗い夕方の景色。 「蒼然」は日が沈んで薄暗い様子。「蒼然暮色」ともいう。
準1級,桑田碧海,そうでんへきかい,世の中の移り変わりが激しいことのたとえ。「滄海」は大海のこと。 「桑田」は桑畑のこと。大海だった所が桑畑になるような変化が起こるとの意から。「滄海変じて桑田と為る」を略した言葉。「桑田滄海」「桑海之変」「滄桑之変」「桑田碧海」などともいう。
準1級,桑蓬之志,そうほうのこころざし,男子が将来の目標を心にしっかりと決めること。「桑」は桑の木で作った弓、「蓬」は植物のよもぎの矢のこと。古代中国で、男子が生まれるとこれから先に世間で活躍することを願い、矢を天地四方に射た風習から。
準1級,草茅危言,そうぼうきげん,国民が国政を厳しく批判する声のこと。「草茅」は草むらのことで、一般の人たちのこと。「危言」は正しいことをありのままに言うこと。
準1級,聡明叡知,そうめいえいち,聖人のもつ四つの徳のこと。または、生まれたときから賢く、すぐれた才能があり、先のことを見通すことができること。「聡」はすべてのことを聞き分けること。「明」はすべてのことを見分けること。 「叡」はすべてのことに通ずること。「知」はすべてのことを知っていること。 「聡明叡智」とも書く。
準1級,草木禽獣,そうもくきんじゅう,生きているものすべて。「禽」は鳥、「獣」はけもの。鳥・けもの・草・木を並べて、命あるもの全体を表す。「草木禽獣」ともいう。
準1級,楚越同舟,そえつどうしゅう,互いに仲が悪い人たちや、互いに敵対関係にある人たちが同じ場所にいたり、同じ境遇にあること。もとは、そのような人たちでも利害が同じ場合は協力しあうという意味。「楚」と「越」は中国の春秋時代の国の名前、「同舟」は同じ舟に乗ること。長い間、敵対関係にある楚と越の国の人たちが、同じ舟に乗って転覆しそうになったときは、敵同士であっても助け合うだろうと「孫子」が言ったという故事から。
準1級,楚材晋用,そざいしんよう,自国のすぐれた人材が他国に移ってしまうこと。または、自分とは直接関係ないところにある人材や、物をうまく利用すること。「楚材」は中国の楚の国の人材。 「晋」は中国の国の名前。楚の貴族たちは刑罰の乱用を恐れて、敵対していた晋の国に亡命して重用されたという故事から。
準1級,楚囚南冠,そしゅうなんかん,捕虜として捕らわれていても、祖国のことを忘れないこと。または、捕らわれて他国にいる人のこと。「楚囚」は他国に捕らわれた楚の国の人。「南冠」は南方にある国の様式の冠で、この場合の南方は楚の国のことをいう。中国の春秋時代、楚の鐘儀は晋に捕らえられていても、祖国である楚の国の冠をいつも被っていたという故事から。
準1級,粗酒粗餐,そしゅそさん,質素な酒と食事のこと。 「餐」は食べ物のこと。人をもてなす時に出す酒や料理を謙遜していう言葉。
準1級,鼠窃狗盗,そせつくとう,泥棒の異称。「鼠窃」は鼠のように他人に見つからないように盗みを働くこと。「狗盗」は犬の鳴き声の真似をして、家に入り込むこと。
準1級,率土之浜,そっとのひん,国中。世界のあらゆる場所。「率土」は全ての土地という意味。「浜」は地がなくなる場所、地続きになっている陸の果て。
準1級,素波銀濤,そはぎんとう,白い波。または、白い雲や、白いもやなどのこと。「素波」は白い波。 「銀濤」は大きな波の波頭。どちらも白い波を言い表す言葉。
準1級,楚夢雨雲,そむううん,男女の交わり、情交のたとえ。中国の戦国時代の楚の懐王が昼寝をした際、夢の中で巫山の女神と情交を結んだ。別れ際に女神が「朝には雲となって、夕方には雨となってここに参ります」と言ったという故事から。
準1級,象箸玉杯,ぞうちょぎょくはい,贅沢な生活を言い表す言葉。または、贅沢な欲求が生まれ始めること。象牙の箸と宝石の杯という意味から。古代中国の殷の名臣の箕子は、主君の紂王が象牙の箸を作ったことを聞き、箸だけでは満足できずに宝石の杯を作り、それに合わせ食事や住居も贅沢になっていき、最後には世界の全てのものを集めても満足しなくなるだろうと恐れたという故事から。
準1級,粟散辺地,ぞくさんへんち,辺境にある小さな国のこと。粟の粒が散らばっているかのように、世界の果てにある小さな国という意味から。中国やインドから見た日本のことをいう場合もある。 「辺地粟散」ともいう。
準1級,太液芙蓉,たいえきのふよう,美人の顔のたとえ。「太液」は漢代には未央宮の北にあった池の名前のこと。「芙蓉」は蓮の花のこと。
準1級,泰山鴻毛,たいざんこうもう,重さの差が激しいことのたとえ。「泰山」は中国の山の名前で非常に重いもののたとえ。「鴻毛」は鴻の羽毛のことで非常に軽いもののたとえ。主に死の意義の有無についていう言葉。死刑宣告された友人に司馬遷が送った手紙の一説、「死は或は泰山より重く、或は鴻毛より軽し」を略した言葉。「太山鴻毛」とも書く。
準1級,泰山之安,たいざんのやすき,その山のようにどっしりと安定していて変わらないこと。「泰山」は中国の山の名前。 「太山之安」とも書く。
準1級,泰山梁木,たいざんりょうぼく,立派で優れている人物のこと。「泰山頽れ梁木壊る」という言葉を略したもので、孔子が自身の死を予見して歌ったとされ、立派で優れている人物の死を意味するようになった。「泰山」は中国の山東省にある山の名前。「梁木」は屋根を支えている長く太い木、梁のこと。中国の人々から最も尊ばれる、立派な風格のある山の泰山と、屋根を支えている重要な梁ということから。「太山梁木」とも書く。
準1級,大名鼎鼎,たいめいていてい,よい評判が世間に広く知られること。「大名」はよい評判、名誉。 「鼎鼎」は華やかな様子。
準1級,太牢滋味,たいろうのじみ,立派で豪華な料理のこと。「太牢」は祭りの時に供えるいけにえという意味から、牛、羊、豚の三種の肉のこと。「滋味」はおいしい食べ物のこと。 「大牢滋味」とも書く。
準1級,他山之石,たざんのいし,自身を磨くために役に立つ、他人の間違っている行い。自分の所有していない、他人の山から採取された粗悪な石でも、自分の山から採取された宝石を磨くには役に立つという意味から。他人の間違っている行いでも、自分を向上させるためには役に立つということのたとえ。
準1級,多士済済,たしせいせい,優れた能力や才能のある人物がたくさんいること。また、その様子。「多士」は優れた才能や能力を持っている多くの人たちのこと。「済済」は数が多くて盛んな様子や、立ち振る舞いの礼儀作法が整っていて立派なこと。「済」を「さい」と読むことは本来は誤用。 「済済多士」ともいう。
準1級,多生之縁,たしょうのえん,この世に生まれる前から結ばれている深い因縁。道を歩いていて、知らない人と服の袖が触れるような些細なことでも、この世に生まれる前の、何度も転生を繰り返す間に結ばれた深い縁によるものだという意味から。本来は誤用だが、「他生之縁」と書くこともある。
準1級,短褐穿結,たんかつせんけつ,貧しい人の質素な衣服。「短褐」は丈の短い粗末な布の服。「穿結」は破れていたり、繕ったりしている服。
準1級,箪食瓢飲,たんしひょういん,質素な食事のたとえ。「箪」は竹でできた容器、わりご。 「瓢」は瓢箪でできた容器、ひさご。わりご一杯の飯とひさご一杯の汁物だけの食事ということから。孔子の弟子の顔回が、貧しい生活をしながらも勉学に励むのを孔子がほめた言葉から。
準1級,耽美主義,たんびしゅぎ,美が最高の価値だとして、美の追求を至上の目的とする生活上や芸術上の立場。「耽美」は美の世界に陶酔すること。十九世紀末にイギリスやフランスで生まれたもので、形式や感覚、虚構を最も重んじるもの。
準1級,探卵之患,たんらんのうれい,足場となる大切な場所を襲撃されることへの恐怖。または、内部の事情を見抜かれることへの恐怖。親鳥が巣を離れている間に、卵を取られてしまうのではないかという心配という意味から。
準1級,大智如愚,だいちじょぐ,すぐれて賢い人は、一目見たくらいでは愚かな人に見えるということ。本当の賢者は知識や才能を見せびらかさないということから。「大智（だいち）は愚（ぐ）の如し」とも読む。
準1級,大智不智,だいちふち,本当にすぐれて賢い人は、知識や才能を見せびらかさないので、一見愚かな人のように見えるということ。「大智」は、すぐれた知恵、またはそれを持つ人。「大智（だいち）は智ならず」とも読む。
準1級,弾丸之地,だんがんのち,非常に狭い土地のこと。「弾丸」は小さな鳥を捕獲するために使う弾き弓の小さな玉のことで、非常に小さいもののたとえ。
準1級,断機之戒,だんきのいましめ,物事を途中でやめてしまったり、諦めてしまってはいけないという戒めの言葉。おもに学問のことを指す。「断機」は織りかけている機の糸を途中で切ること。孟子が学問を投げ出そうとしたときに、孟子の母親は織り途中の機の糸を切断して「学問を途中でやめることは、この織物と同じようなものだ」と言って戒めたという故事から。
準1級,断金之交,だんきんのまじわり,この上なく親密な友情のこと。「断金」は金属を断ち切ること。金属を断ち切ることができるほどに固く結ばれた絆という意味から。
準1級,徴羽之操,ちうのそう,きちんと整った、気品のある音楽。「徴」と「羽」は、中国古来の音階である宮・商・角・徴・羽の五音のうちの二つで、二つを挙げて音楽そのものを表す。「操」は琴の曲、調べのこと。『淮南子』には、徴と羽の調べは教養のない人の耳には入らない、とある。洗練された音楽であることをこう言い表した。
準1級,知己朋友,ちきほうゆう,互いのことをよく理解している友人。親密な関係の人。親友。「知己」は自分の心をよく知っているという意味から親友のこと。「朋友」は友人や友達のこと。 「朋友知己」ともいう。
準1級,竹頭木屑,ちくとうぼくせつ,役に立たないもののこと。または、役に立たないように見えるものでも、役立つことがあるので粗末にしないこと。「竹頭」は竹の切れ端。 「木屑」は木を削ったときに出るくず。船を作るときに出た木屑を捨てずにとっておき、雪道で滑らないようにまいたり、竹の切れ端から作った釘を船の修理に使ったという故事から。
準1級,竹馬之友,ちくばのとも,子供のころからの親友や幼馴染のこと。「竹馬」は一本の竹の棒を馬に見立てたもの。幼いころから竹馬で駆け回って一緒に遊んだ友達という意味から。
準1級,智者一失,ちしゃのいっしつ,どんなに賢い人にでも失敗や誤りはあるということ。「智者」は賢者などの知恵のある人。 「一失」は一つの過失ということ。どんな賢い人でも、多くの考えを出せば一つくらいは間違えることもあるという意味。
準1級,置錐之地,ちすいのち,ほんの少しの土地のこと。または、ひどく狭い空間のこと。錐（きり）を立てるのが精一杯なほど狭い土地という意味から。
準1級,智謀浅短,ちぼうせんたん,浅はかな策略のこと。 考えが足りないこと。「智謀」は知恵や策略、または知恵を使った策略。「浅短」は浅はかなこと、思慮が足りないこと。 「知謀浅短」とも書く。
準1級,遅暮之嘆,ちぼのたん,年老いていく自身の体を嘆くこと。「遅暮」は少しずつ終わりに近づいていくという意味から。
準1級,中原逐鹿,ちゅうげんちくろく,多くの英雄が天子の位を狙って争うこと。または、一つの地位などの目的を狙って競い合うこと。「中原」は中国の黄河中流域のことで、当時の国の中心ということから天下のたとえ。「逐鹿」は鹿を追いかけることで、「鹿」は天子の位のたとえでもあり、猟師が鹿を追いかけることを天下を狙って競い合うことにたとえたもの。
準1級,中原之鹿,ちゅうげんのしか,多くの英雄が天子の位を狙って争うこと。または、一つの地位などの目的を狙って競い合うこと。「中原」は中国の黄河中流域のことで、当時の国の中心ということから天下のたとえ。「鹿」は天子の位のたとえ。天下を狙って競い合うことを、猟師が鹿を追いかけることにたとえた言葉。
準1級,中流砥柱,ちゅうりゅうのしちゅう,苦しく辛い状況でも動じずに節操を守る人のたとえ。「中流」は川の流れの激しい場所。「砥柱」は中国の黄河の中にそびえ立つ滑らかな岩の名前。砥柱は激しい流れの川の中でも堂々と立っていることから。「砥柱中流」ともいう。
準1級,沖和之気,ちゅうわのき,天地の間にある調和されて穏やかな気のこと。「沖和」はやすらかなこと。陰と陽が交わるところにあるものとされ、人間そのものを言い表す言葉。
準1級,智勇兼備,ちゆうけんび,知恵と勇気の両方を持っていること。「智勇」は知恵と勇気。 「兼備」は複数のものを全て持ち合わせること。主に男性をほめるときに使う言葉。 元は中国の趙の藺相如を褒め称えた言葉。「知勇兼備」とも書く。
準1級,寵愛一身,ちょうあいいっしん,多くの人の中から特別に扱われ、一人で愛情を独占すること。「三千の寵愛一身に在り」を略した言葉。
準1級,朝盈夕虚,ちょうえいせききょ,人の一生が儚いことのたとえ。「盈」は満ちるという意味で、「虚」は「盈」の対語になる言葉で、空になるという意味。朝に繁栄したものが夕方には滅びるという意味から。
準1級,朝歌夜絃,ちょうかやげん,毎日朝から晩まで遊んで暮らすこと。「絃」は楽器の琴。 朝は歌って夜は琴を弾くという意味から。
準1級,張冠李戴,ちょうかんりたい,相手を間違えること。食い違うこと。張さんの冠（かんむり）を李さんがかぶるという意味から。
準1級,兆載永劫,ちょうさいようごう,限りなく長い時間のこと。「兆載」は一兆年という意味。「永劫」は仏教の言葉で、非常に長い時間という意味。
準1級,張三李四,ちょうさんりし,どこにでもいるような普通の人のこと。張氏の三男と李氏の四男という意味。「張」や「李」という姓は中国では数が多く、三男や四男は重要視されないという意味から。
準1級,長身痩躯,ちょうしんそうく,身長が高く痩せている体型のこと。「長身」は身長が高いこと。 「痩躯」は痩せている体格の体のこと。主に男性の体格を表現するのに用いる言葉。「痩躯長身」「痩身長躯」ともいう。
準1級,朝秦暮楚,ちょうしんぼそ,一定の場所に生活の拠点をもたずにふらふらと放浪すること。または、信念や主義などがすぐに変わる人のこと。朝には秦の国にいたのに、夕方には楚の国にいるという意味から。
準1級,朝穿暮塞,ちょうせんぼそく,建物を頻繁に壊したり、作ったりすること。「穿」は穴を掘ること。朝に穴を掘って、夜にはその穴を塞ぐという意味から。「朝（あした）に穿（うが）ち暮れに塞ぐ」とも読む。
準1級,打打発止,ちょうちょうはっし,激しい議論を交わすこと。または刀などでお互いに激しく切り合って戦う様子を表す言葉。「打打」は物同士を何度も打ち続ける音。「発止」は硬い物が激しくぶつかり合う音。「打打」は「丁丁」、「発止」は「発矢」とも書く。
準1級,長枕大被,ちょうちんたいひ,同じ布団で寝るほどに兄弟や夫婦が仲睦まじいことのたとえ。「被」は夜着や掛け布団のことで、元は夫婦仲がよいことだったが、玄宗皇帝が、息子兄弟が仲良く寝られるようにと、大きな布団と長い枕を作らせた故事から、兄弟の仲がよいことをいうようにもなった。
準1級,長汀曲浦,ちょうていきょくほ,どこまでも遠くまで続く、美しい海岸線のこと。長く続く波打ち際と曲がりくねった入り江という意味から。
準1級,凋氷画脂,ちょうひょうがし,苦労を重ねるばかりで、なんの成果も得られないこと。氷に彫刻をほどこし、脂に絵を描くという意味で、どちらも形が残らずすぐ消えてしまうことから、労力がまったく無駄に終わるさまをいう。「凋」は「彫」に通じ、彫り刻むこと。「氷に凋（ほ）りて脂（あぶら）に画（えが）く」とも読む。「氷」は「冰」とも書く。
準1級,長鞭馬腹,ちょうべんばふく,どんなに大きな力があっても、どうすることもできないことがあるということ。または、大きすぎたり、長すぎたりすると逆に役に立たないということ。「長鞭馬腹に及ばず」を略した言葉で、鞭が長すぎると馬の腹に当たらないという意味から。中国の春秋時代、晋の景公が楚に攻められている宋を助けようとしたときに、晋にいくら力があっても、天が味方している楚と戦うべきではないと、伯宗が諫（いさ）めたという故事から。
準1級,鳥面鵠形,ちょうめんこくけい,飢えのせいで、非常に痩せている様子。「鵠」は鳥の白鳥のこと。顔が鳥のように痩せていて、体は白鳥のように痩せているという意味から。
準1級,長夜之飲,ちょうやのいん,何日も続けて行う、大規模な酒宴。古代中国の殷の紂王は、朝になっても窓を開けずに灯りをともして、何日にも渡って酒宴を続けたという故事から。
準1級,長夜之楽,ちょうやのたのしみ,何日も続けて行う、大規模な酒宴。古代中国の殷の紂王は、朝になっても窓を開けずに灯りをともして、何日にも渡って酒宴を続けたという故事から。
準1級,長幼之序,ちょうようのじょ,年上と年下の間にある、守るべき社会的、道徳的な秩序のこと。「長幼」は年齢が上の人と下の人。 「序」は順序、席次のこと。儒教の五つの道徳法則、五倫のうちの一つ。
準1級,朝蠅暮蚊,ちょうようぼぶん,度量が狭く、くだらない人が集まってきて鬱陶しいこと。朝には蠅がまとわりつき、日暮れには蚊がまとわりつくという意味から。
準1級,重卵之危,ちょうらんのき,この上なく危険なことのたとえ。積み重ねた卵は、いつ崩れて卵が割れるか分からないという意味から。
準1級,凋零磨滅,ちょうれいまめつ,文物などが滅びて完全になくなること。「凋零」は草花がしおれて落ちること。 「磨滅」はこすれてなくなること。
準1級,直言極諫,ちょくげんきょっかん,自身が正しいと思うことは、相手にはっきりと言って諫（いさ）めること。「直言」は遠慮せずに思ったことを言うこと。「極諫」は激しく諫（いさ）めること。
準1級,猪突猛進,ちょとつもうしん,他のことがどうなるか考えることもなく、目標だけを見て全力でまっすぐ突き進むこと。「猪突」は猪がまっすぐに突進するという意味から、ひたすら目標だけを目指して行動すること。「猛進」はものすごい勢いで突き進むこと。
準1級,沈魚落雁,ちんぎょらくがん,他と比べることもできないほどに美しい女性のこと。その女性を見た魚は恥らって水底に隠れ、女性を見た雁は見とれて空から落ちるということから。元は価値観の相対性を言った言葉で、人間の基準では絶世の美女でも、魚や雁からすれば恐れて逃げる対象でしかないということから。
準1級,椿萱並茂,ちんけんへいも,両親がどちらも健康で暮らしていること。「椿」は古代の霊木。長寿の木で、父親のたとえ。「萱」はわすれ草のことで、主婦の部屋の前に植えたことから、母親のたとえ。「並茂」は並んで生い茂ること。「椿萱（ちんけん）並び茂（しげ）る」とも読む。
準1級,沈著痛快,ちんちゃくつうかい,落ち着きがあって、非常に心地よいこと。人の気質や、芸術作品などのことをいう言葉。 「沈着痛快」とも書く。
準1級,珍味佳肴,ちんみかこう,この上なくおいしく、珍しい味のご馳走。「珍味」は珍しい味の食べ物。 「佳肴」はとてもおいしい酒のおかず。「珍味嘉肴」とも書く。
準1級,通暁暢達,つうぎょうちょうたつ,ある事柄について詳しく知り抜いていて、文章や言葉がのびやかで行き届いていること。「通暁」は物事に詳しく通じていること。「暢達」はのびのびとしている様子。
準1級,通儒碩学,つうじゅせきがく,学問を広く深く学んだ学者のこと。または、学問の道を極めつくした大学者のこと。「碩学」は大学者など、学問の広く深い人のこと。
準1級,九十九折,つづらおり,何度も折れ曲がっている様子のこと。または、くねくねと何度も曲がっている険しい坂道や山道。葛藤（つづらふじ）という植物の蔓（つる）のように何度も曲がりくねっていることから本来は「葛折」と書く。「九十九」は曲がっている回数が多いことを表現したもの。
準1級,鄭衛桑間,ていえいそうかん,国を滅亡に導くほどの下品で淫靡な音楽のこと。「鄭」と「衛」は中国春秋時代の国名。 「桑間」は衛の地名。両国の音楽はみだらなものであったとされていることから。「鄭衛之音」ともいう。
準1級,鄭衛之音,ていえいのおん,国を滅亡に導くほどの下品で淫靡な音楽のこと。「鄭」と「衛」は中国春秋時代の国名。 「桑間」は衛の地名。両国の音楽はみだらなものであったとされていることから。「鄭衛之音」ともいう。
準1級,鼎新革故,ていしんかくこ,古い習慣や制度などを新しいものに改正すること。「革故」と「鼎新」はどちらも新しいものにするという意味。「故（ふる）きを革（あらた）め新しきを鼎（と）る」とも読む。「鼎新革故」「革旧鼎新」ともいう。
準1級,剃髪落飾,ていはつらくしょく,髪を剃って仏門に入ること。特に身分の高い人が仏門に入ることをあらわす言葉。
準1級,滴水嫡凍,てきすいてきとう,一瞬の気も抜かずに、禅の修業にはげむこと。「滴水」は水がしたたること。「嫡凍」の「嫡」はすぐにという意味で、「嫡凍」はすぐに凍るという意味。滴る水が間をおかずに凍る寒さということを、厳しい修行の緊張感にたとえた言葉。
準1級,哲婦傾城,てっぷけいせい,賢い女性が事あるごとに口をはさむようになると、国家や城を傾け滅ぼしかねないということ。「哲婦」は賢い女性、「傾城」は城を傾けるという意味から、城を滅ぼすという意味。「哲婦（てっぷ）城（くに）を傾（かたむ）く」とも読む。
準1級,轍鮒之急,てっぷのきゅう,危険や困難が迫っていることのたとえ。また、切迫した状況にある人のたとえ。 「轍」は車輪の跡、わだちのこと。「鮒」は魚の鮒（ふな）のこと。車輪の跡にできた枯れかけの水たまりにいる鮒という意味から。荘子が監河侯に米を借りに行ったが、監河侯から「近々年貢が入るのでその後に貸しましょう」と言われた。それを聞いた荘子は、「ここに来る途中で枯れかけの水たまりにいる鮒から水をくださいと助けを求められました。そこで私は、後で川の水を持ってきてあげようと答えました。しかし鮒は、水が欲しいのは今だと言って怒ってしまいました」というたとえ話をして窮状を訴えたという故事から。
準1級,鉄網珊瑚,てつもうさんご,珍しい品物や、素晴らしい才能をもつ人物を得るために探すこと。海の底に鉄の網を沈めて、それに着生させ、成長したあとに引き上げて珊瑚を採取するという、唐の時代に東ローマ帝国で行われたとされる方法から。
準1級,手前味噌,てまえみそ,自分で自分のことを自慢すること。各家庭で味噌を作ることが一般的であった頃、色々な工夫をこらして作った自分の味噌を周りに自慢していたことが語源とされている。
準1級,顛委勢峻,てんいせいしゅん,川のどこでも流れに勢いがあって激しいこと。「顛委」は頂上と末端という意味から、水の水源と末流、上流と下流という意味。「勢峻」は勢いが激しいこと。
準1級,顛越不恭,てんえつふきょう,人としての道を外れて、君主の命令に従わないこと。「顛越」は転がり落ちるという意味から、人としての道を外れること。「不恭」は不謹慎な態度のこと。
準1級,天淵之差,てんえんのさ,違いの差が非常に大きいこと。天と淵には大きな開きがあるという意味から。
準1級,天淵氷炭,てんえんひょうたん,違いの差が非常に大きいこと。「炭」は燃えている炭。「天」と「淵」、「氷」と「炭」という互いに性質が反対のものを並べて、非常に差があることをたとえた言葉。
準1級,甜言蜜語,てんげんみつご,心地よい言葉。人を誘惑するような蜜のように甘く、心地よい言葉や、魅力的なおいしい話という意味から。
準1級,天香桂花,てんこうけいか,月の中にあるとされる桂（かつら）の花のこと。または、美人を言い表す言葉。 「天香」は天から香る、かぐわしい香り。
準1級,転生輪廻,てんしょうりんね,仏教の言葉で、人が新しい命に生まれ変わりながら生死を繰り返すこと。「輪廻」は車輪が回り続けるように、生と死を繰り返すこと。「転生」は死んだ後にまた生まれること。生まれ変わり。「転生輪廻」ともいう。
準1級,天神地祇,てんしんちぎ,全ての神のこと。 「天神」は天を司る神。「地祇」は地を司る神。 天と地の全ての神をいう。
準1級,天日之表,てんじつのひょう,天子となるべき容貌のこと。「天日」は太陽、また、天子のこと。 「表」は顔の形、容貌。ある書生が、唐の高祖李淵の次男である太宗を評した故事から。
準1級,天地四時,てんちしいじ,天地と四季のこと。「四時」は四つの時ということから、春、夏、秋、冬の四季のこと。
準1級,点滴穿石,てんてきせんせき,小さい力でも積み重なれば強大な力になることのたとえ。「点滴」は一滴の水、「穿石」は石に穴をあけること。水滴も同じ位置に落ち続ければ、いずれ石に穴をあけることができるという意味から。
準1級,天之美禄,てんのびろく,酒の別名。 「美禄」はよい俸禄ということ。天から授かった素晴らしいものという意味から。
準1級,天之暦数,てんのれきすう,運命のこと。または、天命によって帝王になる運命のこと。 「暦数」は運命のこと。古代中国の伝説上の聖天子の尭帝が、自身の息子ではなく、臣下の舜に帝位を譲ったときに言ったとされる言葉から。
準1級,天覆地載,てんぷうちさい,広く大きな人徳や慈愛の心のたとえ。「天覆」は天が上から広くこの世の全てのものを覆うこと。「地載」は地が下からこの世の全てのものを載せて支えること。天地が全てのものを包み込むという意味から、様々なことを受け入れる、人としての器量の大きさをいう。
準1級,天府之国,てんぷのくに,外敵からの攻撃を防ぎやすい地形をしていて、作物がよくできる肥えた土地のこと。「天府」は人の手が加えられていない、自然にできた倉庫という意味。
準1級,顛撲不破,てんぼくふは,どうやっても議論で相手を言い負かすことができないこと。「顛」はひっくり返すこと。 「撲」はたたくこと。ひっくり返したり、たたいたりしても破れないという意味で、学説などが批判や、反論など一切できないほどに正しいことをいう。
準1級,天保九如,てんぽうきゅうじょ,長生きすることを願う言葉。「天保」は『詩経』の「小雅」の中にある篇の名前で、天子の長寿と平安を祈る詩。「九如」は「天保」の中で「如」の文字が九つ使われているということ。
準1級,天網恢恢,てんもうかいかい,悪人や悪事を天は決して見逃さないということ。「天網」は天が張っている網ということから、天の道理が厳しくも正しいということのたとえ。天が張っている網は、非常に大きく、隙間があるように見えるが、何があっても悪は逃がさないということから。「天網恢恢疎にして漏らさず」を略した言葉。
準1級,天網之漏,てんもうのろう,天の下す罰から免れること。または、法の抜け穴をつくこと。「天網」は悪人を捕らえるために、天が張っている網ということから、国の法律をいう。
準1級,天佑神助,てんゆうしんじょ,天や神の助けのこと。または、予測していないような出来事に運良く助けられること。「天佑」は天の助けのこと。「神助」は神の助けのこと。どちらも、人の力の及ばないものからの加護という意味。似ている意味の言葉を重ねて強調した言葉。 「天祐神助」とも書く。
準1級,泥車瓦狗,でいしゃがこう,役に立たないもののこと。「泥車」は泥で作られた車。 「瓦狗」は瓦で作られた犬。泥で作られた車は何も運ぶことができず、瓦で作られた犬は番犬としての役目を果たすことができないことから役に立たないものという意味。
準1級,田園将蕪,でんえんしょうぶ,田畑の働き手がいなくなって、雑草が生い茂って荒れ果てようとしている様子。「蕪」は雑草が生い茂ること。「田園（でんえん）将（まさ）に蕪（あ）れなんとす」とも読む。
準1級,伝観播弄,でんかんはろう,たくさんの人が次々に手にとっていじくること。または、そうされること。 「伝観」は次々に伝えて見ること。「播」は広く行き渡らせる、「弄」は手にとっていじくること。
準1級,電光雷轟,でんこうらいごう,勢いが非常に激しいこと。「電光」は稲光が走ること。 「雷轟」は雷が鳴り響くこと。
準1級,東窺西望,とうきせいぼう,あちこちを見回して、落ち着きのない様子。「東窺」は東の方角をうかがうこと。 「西望」は西の方角を遠望すること。
準1級,倒懸之急,とうけんのきゅう,状態が非常に切迫していること。「倒懸」は逆さまに吊るすという意味で、逆さ吊りになって苦しい状態にたとえたもの。
準1級,党錮之禍,とうこのわざわい,党派や政党を結成したことが原因となって発生する災いのこと。「党錮」は党人を禁固刑にすること。腐敗した政治を行う宦官に党派を組んで批判したが、宦官はその者たちに党人という名前をつけ、弾圧して終身禁固刑に処したという故事から。
準1級,桃三李四,とうさんりし,物事を成し遂げるには、それ相応に時間が必要であるということ。桃が実をつけるには三年が必要で、李が実をつけるには四年の年月が必要であるということから。
準1級,冬日之温,とうじつのおん,君主から臣下への恩恵は、寒い冬の日の陽光のように優しく暖かいということ。「冬日」は冬の日の太陽の光。 「温」は暖かく心地よいこと。
準1級,投桃報李,とうとうほうり,仲の良い友人同士で、お互いに物を贈りあうこと。または、自分が徳を施せば、必ず徳で報いるということ。「李」は植物のスモモ。桃を贈られれば、お返しにスモモを贈るという意味から。「桃を投じて李（すもも）に報（むく）ゆ」とも読む。
準1級,豆剖瓜分,とうぼうかぶん,一つの国が小さく分裂すること。瓜や豆を割るように小さくわかれるという意味から。 「瓜剖豆分」ともいう。
準1級,稲麻竹葦,とうまちくい,物がたくさんあることのたとえ。人や物がたくさん集まっていて群がっている様子をいう。植物の稲・麻・竹・葦が同じ場所に群がって生えているという意味から。
準1級,桃李満門,とうりまんもん,すぐれた人材が数多く集まること。人材を桃やすももにたとえた言葉で、味のよい桃やすももが門に満ち溢れるという意味から。「桃李（とうり）門に満つ」とも読む。
準1級,兎角亀毛,とかくきもう,この世界に存在するはずのないもののたとえ。亀の甲羅に毛が生え、兎の頭に角が生えるという意味から。元は戦争が起こる前触れを言った言葉。 「兎角亀毛」ともいう。
準1級,兎葵燕麦,ときえんばく,名前と実体が伴っていないこと。「兎葵」は植物のいえにれ。 「燕麦」は植物のからすむぎ。名前に「葵」や「麦」があるが、実際には違うということから。
準1級,菟糸燕麦,としえんばく,名前と実体が一致していないこと。「菟糸」は「ねなしかずら」という植物のこと。「燕麦」は「からすむぎ」という植物のこと。名前に「糸」や「麦」という字を含んでいるが、「糸」に関連しない、または「麦」ではない植物であることから。「兎糸燕麦」とも書く。
準1級,兎死狗烹,としくほう,利用できるときだけは重用されるが、利用できなくなるとすぐに捨てられるということのたとえ。兎がいなくなれば、兎を捕まえるための猟犬は必要なくなって、猟犬は煮て食べられるという意味から。元は、戦乱の世が終わって平和になると、武勲をあげた武将は必要なくなって殺されるということをいった言葉。「兎（うさぎ）死して狗（いぬ）烹（に）らる」とも読む。
準1級,斗酒百篇,としゅひゃっぺん,たくさんの酒を飲みながら、たくさんの詩を作ること。「斗酒」の「斗」は容量の単位で、一斗の量の酒ということから、たくさんの酒のたとえ。「百篇」の「篇」は詩を数える単位で、百篇の詩ということから、たくさんの詩のたとえ。唐の詩人の杜甫が李白のことを評した言葉から。
準1級,兎走烏飛,とそううひ,あっという間に月日が過ぎていくこと。「兎」は月、「烏」は日（太陽）のたとえであることから、「兎」と「烏」で月日のことを表している。「飛」や「走」は経過が早いことを表している。月には兎、太陽には金烏が住むとされる中国の伝説からきた言葉。「烏飛兎走」ともいう。
準1級,斗粟尺布,とぞくしゃくふ,兄弟の仲が悪いこと。「斗粟」の「斗」は容量の単位。一斗の粟のことから、少しの食べ物のたとえ。「尺布」の「尺」は長さの単位。 一尺の布のことから、少しの衣服のたとえ。中国の漢の淮南王と文帝は腹違いの兄弟だったが、淮南王はおごり昂って法に背く行いを多くしたために、文帝に王位を奪われ流罪にされた。その道中で淮南王は悶え苦しみ、食を断って死んだ。人々はそのことについて「一尺の布でも一斗の粟でも、分け合えば互いの寒さと飢えをしのげるのに、何故仲良くできなかったのか」と歌ったという故事から。「尺布斗粟」ともいう。
準1級,図南鵬翼,となんのほうよく,大事業や海外進出などの大きな計画を立てること。大きな目標を立てて、その目標を達成しようとすることをいう言葉。「図南」は南の海へ行こうと計画すること。 「鵬」は伝説の大きな鳥。鵬が南の海を目指して飛び立つ説話から。
準1級,途方途轍,とほうとてつ,物事の方法や理屈、道筋のこと。「途方」はやり方や道筋という意味。「途轍」は通っていく道ということから、やり方や道筋という意味。同じ意味の言葉を重ねて強調したもの。
準1級,左見右見,とみこうみ,あっちを見たり、こっちを見たりすること。または、様々なことに注意を払うこと。右を見たり、左を見たりするという意味から。「と」はそのように、「こう」はこのようにという意味で、それに漢字を当てた言葉。
準1級,杜黙詩撰,ともくしさん,詩や文章にたくさんの間違いがあって、いい加減なこと。「杜黙」は人の名前。 「詩撰」は詩や文章を作ること。中国の詩人の杜黙の作る詩や文章は、定型詩の格式にほとんど当てはまっていなかったということから。「杜撰」という形で使うことが多い言葉。
準1級,豚蹄穣田,とんていじょうでん,少しの損失で大きな見返りを期待すること。「豚蹄」は豚のひづめ。 「穣田」は田が豊かに実ること。豚のひづめのような些細なものを供えて、豊作の神に豊作を祈るという意味から。
準1級,敦篤虚静,とんとくきょせい,人を思いやる心が厚く、心にわだかまりがなく、落ち着いていること。「敦」と「篤」は人情に厚い、他人を思いやる心が厚いこと。「虚静」は欲が無く、落ち着いている心のこと。
準1級,道之以徳,どうしいとく,道徳心を育てることで、人々は各々に考え、正しい生き方や考え方をするようになるということ。「之（これ）を道（みちび）くに徳を以（もっ）てす」とも読む。
準1級,動静云為,どうせいうんい,人の言葉と行動。「動静」は普段の生活の立ち居振る舞い。「云為」は普段の生活の発言と行動。
準1級,堂塔伽藍,どうとうがらん,寺院の中にある建物をまとめていう名称。「堂」は神仏を祭る建物、「塔」はもとは釈迦の遺骨や遺物を納めた場所のことから、供養をするための重層の建築物のこと。「伽藍」は僧侶が集まって仏道の修行をする場所のこと。
準1級,堂堂之陣,どうどうのじん,わずかな乱れもなく整然と隊列を組んでいる陣容のこと。「堂堂」はいかめしく立派な様子。
準1級,同病相憐,どうびょうそうれん,同じ境遇にあって、同じ苦しみを持つ者同士はお互いに同情する気持ちが強いということ。同じ病気になった者同士が互いに慰めあうという意味から。「同病相憐れむ」という形で用いることが多い言葉。
準1級,洞房花燭,どうぼうかしょく,結婚して初めての夜。新婚初夜。「洞房」は家の奥にある女性の部屋のこと。閨房。「花燭」は華やかなろうそくの灯りのことから、婚礼という意味。「花燭」は「華燭」とも書く。 「花燭洞房（華燭洞房）」ともいう。
準1級,道傍苦李,どうぼうのくり,誰からも関心を示されずに見捨てられたもののたとえ。「道傍」は道端のこと。 「苦李」は苦い味のすもも。道端にある誰の物でもないすももの木に実がなっていても、苦いすももは誰もとろうとしないという意味から。中国の三国時代の賢者の王戎が、多くの人が道端のすももをとり合っていたが、王戎はとろうとしなかったという故事から。
準1級,桐葉知秋,どうようちしゅう,わずかな前兆や現象から、物事の本質や衰退を察知すること。「知秋」は秋の到来を知ること。一枚の葉が落ちることから、秋の訪れを察知するということから。
準1級,土階茅茨,どかいぼうし,質素な建物のたとえ。 「土階」は土で出来た階段。「茅茨」は茅葺きの屋根。入り口の階段が土で出来ていて、茅葺きの屋根の宮殿という意味から。古代中国の伝説の聖天子の尭帝と舜帝の宮殿を言い表した言葉。
準1級,呑雲吐霧,どんうんとむ,仙人の術を使う人が、その術を使って雲を飲み込んで霧を吐き出すこと。または、仙人の術の修行をするときに、食べ物を食べずに気を養うこと。「雲を呑（の）み霧を吐く」とも読む。
準1級,呑花臥酒,どんかがしゅ,春の日を遊び楽しみ尽くすこと。春の素晴らしさや美しさを味わって、酒に酔って心地よくなって横になるということから。「花に呑（の）み酒に臥（ふ）す」とも読む。
準1級,呑牛之気,どんぎゅうのき,やる気に満ち溢れていること。牛を丸呑みするほどに大きな心意気という意味から。
準1級,呑舟之魚,どんしゅうのうお,人並み外れた才能がある人、大人物のたとえ。舟を丸呑みにするほどの大きな魚ということから。
準1級,呑炭漆身,どんたんしっしん,仇討ちや復讐をするために、非常に苦労すること。「漆身」は漆を身体に塗る、「呑炭」は炭を呑むこと。春秋時代、晋の予譲は主君の仇討ちをするために、漆を身体に塗って皮膚病の別人を装い、炭を呑（の）んで声が出ないようにして機会をうかがったという故事から。「呑炭漆身」ともいう。
準1級,呑吐不下,どんとふげ,質問の答えに困って、何もいえない様子。「呑吐」は呑むことと吐くこと。「不下」はその行動をする余裕がないということ。仏教の言葉で、呑むことも吐くこともできないということから。
準1級,呑波之魚,どんぱのうお,人並み外れた才能がある人、大人物のたとえ。舟を丸呑みにするほどの大きな魚ということから。
準1級,南山捷径,なんざんしょうけい,正規の試験などを受けることなく官職につくこと。または、終南山には仕官への近道があるということ。「南山」は中国の山、終南山のこと。 「捷径」は近道、最短距離の道のこと。終南山で隠者のふりをして生活することで名声が上がり官職を得ることができるという故事から、終南山は仕官への近道であるという意味。
準1級,南山之寿,なんざんのじゅ,事業が栄え続けること。または、長寿を祝う言葉。「南山」は中国にある終南山という山のことで、長寿や堅固の象徴とされていることから。
準1級,難中之難,なんちゅうのなん,難しいことの中でも、際立って難しいもの。
準1級,南都北嶺,なんとほくれい,奈良と比叡山のこと。または、奈良の興福寺と比叡山の延暦寺のこと。「南都」は京都からみて南の都である奈良、または奈良にある興福寺のこと。「北嶺」は比叡山、または比叡山にある延暦寺のこと。「北嶺南都」ともいう。
準1級,二姓之好,にせいのこう,結婚すること。または、婚約した両家の親しい交際のこと。昔の中国では同じ姓をもつ者同士は結婚できないという風習があったことから、「二姓」とは姓の異なる両家のこと。
準1級,日常坐臥,にちじょうざが,「いつでも」「常に」「日ごろ」などの意味。「坐」は座ること、「臥」は寝ることから、「坐臥」は起きているときも寝ているときもいつでもということ。
準1級,忍気呑声,にんきどんせい,怒りや悔しさを声に出さずに抑え込むこと。「忍気」は怒りをこらえること。 「呑声」は息を呑んで声にしないこと。「呑声忍気」ともいう。
準1級,燃犀之明,ねんさいのめい,物事の本質を鋭く見抜く力があることのたとえ。怪物がいるといわれる深い淵の中で、犀（さい）の角を燃やして探してみると、水の底に本当に怪物がいたという故事から。
準1級,燃眉之急,ねんびのきゅう,危険がすぐ近くまで迫っていて非常に緊迫した状況のたとえ。眉が燃えるほど近くに火が迫り、急を要する事態であることから。
準1級,嚢沙之計,のうしゃのけい,漢の将軍「韓信」が行った水攻めのこと。「嚢沙」は土嚢のことで、土嚢を使って川の上流で水をせき止めて、敵が川を渡るのを見計らい土嚢を外し、下流に一気に水を流して、多くの敵を倒したという策略。
準1級,嚢中之錐,のうちゅうのきり,すぐれた才能の持ち主は、大衆の中に交じっていても、自然と才能を発揮することから目立ってくることのたとえ。「嚢中」は袋の中という意味。「錐」は小さな穴をあけるための鋭い刃先の工具。袋の中に錐を入れておくと、錐の刃先が自ずと袋を突き破り、外に出てくることから。
準1級,能鷹隠爪,のうよういんそう,すぐれた人は人前で無闇に能力を誇示しないということ。「能鷹」は才能のある鷹のことで才能のある人のたとえ。「隠爪」は爪を隠すことでやたらと力量を誇示しない態度のこと。
準1級,吠影吠声,はいえいはいせい,一人が根拠のないうそのようなことでも言い始めると、周りが同調して本当のことのように広めること。
準1級,稗官野史,はいかんやし,民間に伝わる物語や言い伝え、うわさなどを歴史風に書いたもの。
準1級,敗軍之将,はいぐんのしょう,戦いに負けた大将のこと。また、失敗したものは言い訳する資格はないということ。
準1級,杯賢杓聖,はいけんしゃくせい,「杯」と「杓」を賢者と聖人にみたてて酒を飲むことを美化した言葉。
準1級,吠日之怪,はいじつのあやしみ,優れた言動を理解することができない見識の狭い者が、疑って非難すること。「吠日」は犬が太陽に向かって吠えるという意味。蜀の地方の高い山に囲まれ、曇りや雨が多く、太陽がほとんど出ない地方の犬は、たまに太陽が出ると驚いて太陽に向かって吠えるという故事から。
準1級,背水之陣,はいすいのじん,死を覚悟して全力で物事にあたること。または、引くことができない困難な状況のこと。川や海を背にして退路のない陣形で戦うという意味。漢の韓信が、戦いの際に川を背にして退却できない状況を意図的に作り兵に決死の覚悟をさせて、二十万以上の趙の兵に大勝したという故事から。
準1級,覇王之輔,はおうのほ,一番力のある者の補佐役のこと。「覇王」は覇者と王者。 「輔」は手助けするや、支えるという意味。周の文王が狩りの占いをすると、「覇王之輔」を得ると占われ、釣りをしている呂尚に出会ったという故事から。文王が「先君の太公が望みを求めておられた方である」と言ったことで、呂尚は太公望と呼ばれた。
準1級,伯夷叔斉,はくいしゅくせい,私欲がなく清らかな人格の人のたとえ。「伯夷」と「叔斉」はどちらも人の名前。伯夷と叔斉は自国を出て、周の文王に身を寄せた。文王の死後、息子の武王が後を継ぎ、自身の主君である殷の紂王を討とうとしたので、不忠だと諫（いさ）めたが聞き入れられなかった。その後、紂王を討ち取った武王が周王朝を建てたが、伯夷と叔斉は主君を討ち取った武王を非難し、周のものを食べることを恥として、周から離れて隠遁した後に餓死したという故事から。
準1級,白衣蒼狗,はくいそうく,時世の変化がはやいことのたとえ。「蒼狗」は青、または黒い犬のこと。白衣に見えたかと思えば、すぐに形が変わって犬のように見える、空に浮かぶ雲のように変化がはやいという意味から。「蒼狗白衣」ともいう。
準1級,白屋之士,はくおくのし,役人になることなく、貧しい生活をしている学者や知識人のこと。「白屋」は白い茅葺きの屋根の家ということから、普通の市民や貧しい家のことをいう。
準1級,白虹貫日,はくこうかんじつ,心が天に伝わること。または、戦乱になって君主に危険が迫ることのたとえ。白い虹が太陽を貫く現象をいい、この現象は願いが天に伝わったときや、戦乱によって危険な状況に陥る前兆として発生するとされている。「白虹（はくこう）日（ひ）を貫く」とも読む。
準1級,百代過客,はくたいのかかく,永久に止まらずに、歩き続ける旅人のこと。または、年月をたとえた言葉。「百代」は途絶えることなく、何代も続いていくこと。または、いつまでも続くことのたとえ。「過客」は旅人のこと。時間や年月をいつまでも歩き続け、帰ることのない旅人にたとえた言葉。
準1級,伯仲之間,はくちゅうのかん,能力が拮抗していて、優劣をつけるのが難しいこと。「伯」は長男、「仲」は次男のことで、「伯仲」はよく似ていて、力がほぼ同じであることのたとえ。
準1級,白兎赤烏,はくとせきう,時間のこと。「白兎」は月に住んでいるとされる白い兎。「赤烏」は太陽の中に住んでいるとされている三本足の烏。どちらも中国の伝説で、月と日のことをいい、そこから時間のたとえとして用いられる。
準1級,博聞彊識,はくぶんきょうしき,様々なことを聞き知っていて、その内容をしっかりと覚えていること。「博聞」は色々なことを聞き知っていること。「彊識」はしっかりと覚えていること。 「博聞強識」とも書く。
準1級,白竜魚服,はくりょうぎょふく,身分の高い人が気付かれないように出掛けて、不幸な出来事にあうこと。「白竜」は白い竜ということから、天帝の使者のこと。「魚服」は魚の服装をするという意味から、身分の高い人がみすぼらしい格好をすることのたとえ。天帝の使者である白い竜が魚の姿になって泳いでいると、漁師の予且に目を射抜かれて捉えられたという故事から。
準1級,白竜白雲,はくりょうはくうん,古代中国で使われていた、裁判官の別名。「白竜」と「白雲」はどちらも古代中国での裁判官の別名で、「白竜」は伏羲の時代、「白雲」は黄帝の時代。
準1級,破竹之勢,はちくのいきおい,止められないほどの激しい勢い。竹は最初の一節を割ると、あとは一気に割れていくことから。
準1級,白駒空谷,はっくくうこく,賢者が官職などに取り立てられず、公的な機関に属していないこと。「白駒」は賢者が乗るとされる白い毛の馬ということから、賢者のたとえ。「空谷」は人の気配が全くない谷。白馬が誰もいない谷にいるという意味から。
準1級,八紘一宇,はっこういちう,天の下では民族などに関係なく全ての人は平等であるため、世界を一つにまとめて一つの家のようにしようという考えのこと。「八紘」は天地の東西南北の四つの方向と、北東、南東、南西、北西の四つの隅を合わせたものということから、世界全体のこと。「一宇」は一軒の家のこと。第二次世界大戦で日本が国家の理念として打ち出し、大東亜共栄圏のための海外進出を正当化するために使われた言葉。
準1級,発縦指示,はっしょうしじ,戦闘の指揮をすること。または、そのような人のこと。猟犬を放って猟犬に獲物の場所を指示するという意味から。項羽を滅ぼした漢の劉邦は、指揮をとった蕭何を戦争の一番の功労者としたが、実際に戦ったわけではないといって、臣下たちが抗議したという故事から。
準1級,波濤万里,はとうばんり,遠く離れた外国のこと。または、遠く離れた外国へ行くための航路のこと。 「波濤」は大きな波。「里」は距離の単位の一つで、「万里」は一万里ということから、はるか遠く離れていることのたとえ。海の向こうにある外国という意味から。
準1級,破釜沈船,はふちんせん,命を捨てる覚悟で出陣すること。川を渡った後に、飯を炊くための釜を壊し、帰るための船を川に沈めて出陣するということから。古代中国の楚の項羽が、秦との戦いで行ったという故事から。「釜（かま）を破（やぶ）り船（ふね）を沈（しず）む」とも読む。また「棄糧沈船（きりょうちんせん）」ともいい、「糧（かて）を棄（す）て船（ふね）を沈（しず）む」とも読む。
準1級,斑衣之戯,はんいのたわむれ,親孝行することのたとえ。または、孝養を尽くすことのたとえ。「斑衣」は子どもが着るような派手な模様の服のこと。楚の老莱子は七十歳になっても、子供用の服を着て子どものように戯れ、親を喜ばせて年老いたことを忘れさせようとした故事から。
準1級,反逆縁坐,はんぎゃくえんざ,反乱を起こした罪の連座で処罰を受けること。「縁坐」は直接罪を犯したわけではないが、他人の犯罪に関わったために処罰を受けること、連座。「反逆縁座」とも書く。
準1級,班荊道故,はんけいどうこ,しばらく会っていない、昔の友人とたまたま出会って語り合うこと。「班荊」は草を敷くこと。 「道故」は話をすること。中国の春秋時代、伍挙が楚から亡命して晋に行く途中に、古い友人の公孫帰生とたまたま出会って語り合ったという故事から。「荊（けい）を班（し）きて故（こと）を道（い）う」とも読む。
準1級,繁劇紛擾,はんげきふんじょう,多忙を極めて、混乱すること。「繁劇」は多忙を極める。「紛擾」はまとまりがなく、わけがわからなくなること。
準1級,繁絃急管,はんげんきゅうかん,音楽の調子が激しく速いこと。「繁」と「急」は変化が激しいという意味から、演奏の調子が早くなること。「絃」は弦楽器、「管」は管楽器のこと。 「繁弦急管」とも書く。
準1級,反哺之羞,はんぽのしゅう,親の恩に子が報いること、親孝行することのたとえ。「反哺」は食べ物を返すこと。中国の伝説で、烏は六十日で成鳥になり、その後は六十日の間、親鳥に餌を与えるということから。
準1級,半面之識,はんめんのしき,少し顔を見たことがある程度の知り合いのこと。または、少し会っただけの人の顔を覚えていること。「半面」は顔の半分。顔の半分程度しかしらないの意。中国の後漢の応奉は、二十歳のときに戸から顔を半分出した車大工を見かけただけなのに、数十年後に道で見かけた時に、その顔を覚えていたので声を掛けたという故事から。「半面識」と略して使うこともある言葉。
準1級,梅妻鶴子,ばいさいかくし,俗世を離れた清らかで風流な隠遁生活のこと。妻のかわりに梅の木を、子のかわりに鶴を愛でて、一人で清らかに風雅に暮らしたという故事から。
準1級,馬牛襟裾,ばぎゅうきんきょ,見識も教養もない人のこと。または、礼儀にはずれた行いをする人のこと。「襟裾」はえりとすそということから、衣服のことで、牛や馬が服を着ただけのような人という意味から。
準1級,莫逆之交,ばくぎゃくのまじわり,互いに争うことがなく、気心の知れた関係。親友。「莫」は否定を意味する助字で、「莫逆」は逆らうことがないという意味。「莫逆」は「ばくげき」、「交」は「こう」とも読む。
準1級,麦秀黍離,ばくしゅうしょり,祖国が滅亡したことを嘆くこと。「麦秀」は植物の麦が伸びること。 「黍離」は植物の黍が生い茂ること。古代中国の殷の箕子が滅亡した殷の廃墟を見て嘆いた「麦秀之詩」と、東周の大夫が西周の宮殿に黍が生い茂っているのを見て嘆いた「黍離」という詩の題名を重ねた言葉。
準1級,麦秀之歌,ばくしゅうのうた,祖国が滅亡したことを嘆くこと。「麦秀」は植物の麦が伸びること。古代中国の殷の箕子が滅亡した殷の廃墟で、麦が生い茂っているのを見て嘆き作った歌ということから。
準1級,馬遅枚速,ばちばいそく,司馬相如は文章を書くことが遅く、枚皐は速かったという故事のこと。司馬相如と枚皐は、どちらも中国の文章の文体の一つの「賦」の巨匠。
準1級,伐性之斧,ばっせいのおの,人の心や体に害を与えるもののこと。「伐性」は人としての本質を害すること。女性や淫らな音楽に溺れたり、偶然起こる良い出来事に期待することをいう。人としての本質を破壊する斧という意味から。
準1級,伐氷之家,ばっぴょうのいえ,地位の高い身分の家柄。「伐氷」は氷を切り出すこと。古代中国では、卿大夫以上の高い身分の家柄のものだけが、葬式に氷を使うことが許されたということから。「伐冰之家」とも書く。
準1級,万頃瑠璃,ばんけいるり,青く、どこまでも広がっている様子。「万頃」は限りなく広いこと。「瑠璃」は紺青色のこと。または、紺青色の宝石のこと。空や海がどこまでも青く広がっている様子をいう。 「万頃琉璃」とも書く。
準1級,万杵千砧,ばんしょせんちん,きぬたを打つたくさんの女性。または、いろんなところから聞こえるきぬたの音。「万」と「千」は数が多いことのたとえ。 「杵」はきぬたを打つための棒。「砧」は布を叩いて柔らかくして、つやを出すための石や木の台。
準1級,盤石之固,ばんじゃくのかため,並外れて堅固なこと。安定していて、揺れ動くことがないこと。「盤石」は大きな岩のことで、並外れて固いことや、安定していることのたとえ。「磐石之固」とも書く。
準1級,万乗之君,ばんじょうのきみ,大国の君主のこと。「乗」は兵車を数える単位のこと。一万台の兵車を出すことができる国の君主という意味から。
準1級,万全之策,ばんぜんのさく,失敗する可能性が少しもない、完璧な策略。「万全」は一万に一つも失敗する可能性がないということから。
準1級,万物逆旅,ばんぶつのげきりょ,天地のこと。 「逆旅」は旅館や宿のこと。全てのものが、生まれてから消えるまで、一時的な間に宿る場所ということから。
準1級,万夫之望,ばんぷののぞみ,世界の多くの人々に尊敬して慕われること。または、そのような人のこと。 「万夫」は数多くの人、万人。「望」は仰ぎ見る、尊敬すること。
準1級,万里之望,ばんりののぞみ,高い官職や地位につきたいという望みのこと。「万里」は非常に遠い距離のたとえ。非常に遠くにある目的地に着きたいという意味から。
準1級,万里鵬程,ばんりほうてい,非常に遠い道のりのたとえ。また、海がどこまでも広く大きいことを言い表す言葉。「鵬」は中国の想像上の鳥。 「程」は道のり。「万里」の「里」は距離の単位で、「万里」は非常に遠いことのたとえ。鵬は北海から南海に向かって万里もの距離を飛ぶとされることから。「万里鵬程」ともいう。
準1級,万里鵬翼,ばんりほうよく,はるか遠くまで広がる大空や、遠い場所への旅路のたとえ。または、極めて大きな気概や勢いのたとえ。「万里」の「里」は距離の単位で、「万里」は非常に遠いことのたとえ。「鵬」は中国の想像上の非常に大きな鳥で、翼を広げた大きさは何千里もあるとされていて、空の雲のように見えるとされている。
準1級,悲喜交交,ひきこもごも,悲しみと喜びの感情が交ざり合うこと。または、それを交互に味わうこと。
準1級,匪石之心,ひせきのこころ,自分の信念を堅く守り、決して揺らぐことのない心のこと。石のように転がることがない心という意味から。
準1級,肥大蕃息,ひだいはんそく,肥え太って大きくなり活発に増えること。「肥大」は肥えて太ること。 「蕃息」は活発に増えること。
準1級,筆耕硯田,ひっこうけんでん,文章を書くことで収入を得て、生活する人のこと。そのような人にとっての硯（すずり）を、農夫にとっての田に見立てたもので、筆で田を耕す意味から。
準1級,匹夫之勇,ひっぷのゆう,思慮の足りない人が一時の感情に任せただけの勇気のこと。「匹夫」は身分の低い人や普通の人という意味から、軽率な人のたとえ。
準1級,飛兎竜文,ひとりょうぶん,素晴らしい才能を持っている若者や子どものこと。「飛兎」と「竜文」はどちらも走る速度の速い馬の名前で、賢くすぐれている子どものたとえ。「竜」は「りゅう」とも、「文」は「もん」とも読む。
準1級,皮膚之見,ひふのけん,物事の表面的な部分だけを見て、本質を捉えようとしない浅はかな考えのこと。「見」は考えという意味。
準1級,百縦千随,ひゃくしょうせんずい,相手にどんなわがままを言われても聞き入れること。または、自分の思い通りになること。「百」や「千」は数が多いことのたとえ。 「縦」はわがままのこと。「随」は逆らわずに従うこと。
準1級,百世之師,ひゃくせいのし,後世までずっと師として尊敬され続ける人のこと。「百世」は世代が百代もの長い期間という意味から、非常に長い年月、後世まで長く続くという意味。
準1級,百世之利,ひゃくせいのり,永遠に利益を得続けること。「百世」は世代が百代もの長い期間という意味から、非常に長い年月、後世まで長く続くという意味。
準1級,百尺竿頭,ひゃくせきかんとう,行き着くことの出来る最高の地点。長さが百尺ある長い竿の先の部分という意味から。最高の地点からさらに努力して、その先を目指す向上心をいう。「百尺竿頭一歩を進む」という形で用いることが多い言葉。
準1級,百年之業,ひゃくねんのぎょう,これから後の世に残る素晴らしい仕事のこと。または、昔から受け継がれてきた伝統的な仕事のこと。「業」は仕事という意味。
準1級,百年之柄,ひゃくねんのへい,将来のことを考えた政治を行い、権力を長く保とうとすること。「百年」は長い期間のたとえ。 「柄」は権力のこと。
準1級,百福荘厳,ひゃくふくしょうごん,数多く積んだ福で仏像を飾ること。または、仏の三十二相のこと。 「百福」は百の福徳を積むこと。「荘厳」は仏像や奉ってある建物を美しく飾ること。仏の三十二相は、仏にあるとされる三十二の特徴で、それぞれ百の福徳を積むことであらわれるとされる。
準1級,百味飲食,ひゃくみのおんじき,色々な珍しい味の食べ物や、おいしい食べ物のこと。「百味」は様々なおいしい食べ物。 「飲食」は飲み物と食べ物。
準1級,百薬之長,ひゃくやくのちょう,酒のこと。酒を賞賛したもので、様々な薬の中で酒が最も効果があるという意味の言葉。「百薬」は様々な種類の薬。 「長」は最も上に立つもの、かしら。前漢の王莽が言ったとされる言葉から。
準1級,百里之命,ひゃくりのめい,一つの国の政治、運命のこと。「百里」は四方が百里の範囲のことで、天子から委任された諸侯の国の領土のことをいう。「命」は制令のことで、一国の運命のこと。
準1級,百伶百利,ひゃくれいひゃくり,非常に賢く、理解力や判断力にすぐれていること。「百」は普通の程度を大いに超えている様子を言い表す言葉。「伶」と「利」はどちらも賢いという意味。 「百伶百俐」とも書く。
準1級,百挙百捷,ひゃっきょひゃくしょう,どんなことをしても全て上手くいくこと。「百挙」は行動や策略などの様々な行い。 「捷」は勝つという意味。
準1級,百歩穿楊,ひゃっぽせんよう,すぐれた射撃の能力があること。「穿」は穴を開けること。 「楊」は柳のこと。百歩離れた場所から、細い柳の葉を打ち抜くという意味から。「百歩（ひゃっぽ）楊（やなぎ）を穿（うが）つ」とも読む。
準1級,氷肌玉骨,ひょうきぎょっこつ,容姿の美しい女性のこと。または、梅の花の異称。「氷肌」は透明な氷のように清らかな肌。または、寒さが厳しい期間に咲く梅の花のたとえ。「玉骨」は高貴な人や美しい人の骨ということから、美しい容姿のこと。
準1級,氷壺秋月,ひょうこしゅうげつ,清く澄んだ心のこと。「氷壺」は白い玉で出来ていて、中に氷が入っている壺。 「秋月」は秋の月。どちらも清らかで澄んでいる様子を言い表す言葉。「氷」は「冰」とも、「壺」は「壷」とも書く。
準1級,豹死留皮,ひょうしりゅうひ,死後に名声を残すこと。生きている時に功績を上げて、死後に功績と名を残すことをいう。動物の豹は、死後に美しい毛皮を残すという意味から。「豹（ひょう）は死して皮を留（とど）む」とも読む。
準1級,漂蕩奔逸,ひょうとうほんいつ,特に目的もなくさまようこと。「漂蕩」は目的もなく歩き回ること。 「奔逸」は好きなように行動すること。
準1級,飛鷹走狗,ひようそうく,野生の鳥や獣をとること。「狗」は狩りに使うための犬、猟犬。狩猟のために鷹を飛ばして、猟犬を放つという意味から。
準1級,飛竜乗雲,ひりょうじょううん,時代の流れに乗って、英雄や賢者が才能を発揮することのたとえ。竜が雲に乗って空へ舞い上がるという意味から。「飛竜（ひりょう）雲に乗る」とも読む。
準1級,牝鶏牡鳴,ひんけいぼめい,女性が強い権力を持って、勢力を振るうこと。「牝鶏」は雌鶏。 「牡鳴」は雄鶏の鳴き声。雌鶏が雄鶏の鳴き声の真似をするという意味から。日の出の時間に鳴くのは本来は雄鶏であり、雌鶏が鳴くことは秩序が乱れた証とされ、王后や王妃が権力を握り、国家が滅びることの前触れとされていた。
準1級,貧富貴賤,ひんぷきせん,貧しい人と裕福な人、高貴な人と下賎な人のこと。「貴賤貧富」ともいう。
準1級,美酒佳肴,びしゅかこう,とても豪華な食事のこと。または、そのような酒食のこと。「美酒」はおいしい酒。 「佳肴」はおいしい料理。
準1級,美須豪眉,びしゅごうび,立派でたくましい男性の容姿を言い表す言葉。「美須」は美しいひげ。 「豪眉」は太くて強そうな眉。
準1級,尾生之信,びせいのしん,約束を守りぬくことのたとえ。または、正直すぎて機転のきかないことのたとえ。「尾生」は人の名前。 「信」は信義という意味。魯の国の尾生が橋の下で女性と会う約束をしたが、いつまでも女性はこないまま尾生は橋の下で待ち続けた。やがて、雨が降り始めて川が増水して、橋の橋脚に抱きついたまま溺れ死んだという故事から。
準1級,謬悠之説,びゅうゆうのせつ,何の根拠もない、でたらめな話。「謬」は間違っていること。 「悠」は極めて広いこと。
準1級,猫鼠同眠,びょうそどうみん,悪事を働く者と、それを取り締まる立場の者が、示し合わせて事を運ぶこと。また、上に立つ者と下の者がぐるになって悪事をはたらくこと。鼠は隠れて盗みをはたらくもの、猫はそれを捕らえる役目なのに、その二つが同じ所で眠っているという意味から。唐の時代、洛州で猫と鼠が一緒にいるのが見つかり、盗みを取り締まる側が役目を捨てて悪事を見逃す前ぶれだと受け取られた、という記録による。
準1級,廟堂之器,びょうどうのき,朝廷で政治を行うことができる、すぐれた才能のある人物のこと。「廟」は君主の祖先をまつった建物、宗廟。「堂」は君主と臣下が会議を行う場所、明堂。「廟堂」は宗廟と明堂ということから、政治を行う朝廷のこと。「器」は才能のこと。
準1級,布衣之極,ふいのきょく,庶民として最高の出世のこと。「布衣」は布で作った衣服のことで、一般庶民をあらわすことから、無位無官の人のこと。「極」は最高、最上という意味。
準1級,布衣之交,ふいのまじわり,身分や地位などを気にしない心からの交友。または、庶民の付き合い。「布衣」は布で作った衣服のことで一般庶民をあらわすことから無位無官の人のこと。
準1級,風魚之災,ふうぎょのわざわい,海上で受ける嵐などの災難のこと。または、外敵や海賊などによる災いのこと。「風」は嵐、「魚」は鰐魚などの災いをもたらす悪魚のこと。
準1級,風餐雨臥,ふうさんうが,旅や野外の仕事の苦痛のこと。または、野宿をすること。風に吹かれて食事をして、雨にうたれて寝るという意味から。
準1級,風餐露宿,ふうさんろしゅく,野宿をすること。または、困難な旅のたとえ。旅や野外での仕事の苦痛を表す言葉。風に吹かれて食事をして、露に濡れながら寝るという意味から。
準1級,風樹之歎,ふうじゅのたん,父母が亡くなり孝行しようとしてもできない嘆きのこと。「風樹」は風に揺れる木のこと。風で揺れている木は、木自身が制止したいと思っても風が止まなければ制止できず、思い通りにいかないということから。「風樹之嘆」とも書く。
準1級,風霜之任,ふうそうのにん,罪や責任を問いただすことは、厳しく激しい任務ということから、監察官や司法官のこと。「風霜」は勢いの激しい風と寒々しい霜の厳しさのこと。「任」は任務という意味。
準1級,風木之悲,ふうぼくのかなしみ,父母が亡くなり孝行しようとしてもできない悲しみのこと。「風木」は風に揺れる木のことで、風で揺れている木は、木自身が制止したいと思っても風が止まなければ制止できず、思い通りにいかないということから。
準1級,浮雲驚竜,ふうんきょうりょう,筆に勢いがあり、のびのびとしていること。「浮雲」は空に浮いている雲のことで、自由なことのたとえ。「驚竜」は竜が天に昇ることで、勢いがあることのたとえ。
準1級,浮雲之志,ふうんのこころざし,悪行で手に入れた地位や財産は、儚いものであるという考え。または、そのようなものは自身とは関係ないものだという考え。「浮雲」は空に浮いている雲のことで、雲はすぐに散ってなくなるということから、儚いもののたとえ。または、雲は手の届かないところにあるということから、自身に関係がないもののたとえ。
準1級,不壊金剛,ふえこんごう,並外れて固く、決して壊れないこと。または、非常に意志が固いこと。「金剛」は「堅固」という意味の梵語を、漢語に翻訳した言葉。「不壊金剛」ともいう。
準1級,浮瓜沈李,ふかちんり,上品で趣きや味わいのある夏の遊び。瓜を水に浮かべて、李を水に沈めること。「瓜を浮かべて李（すもも）を沈む」とも読む。
準1級,夫家之征,ふかのせい,定職についていない者に課せられた、中国の周の時代にあった罰金。「夫家」は夫婦、「征」は税を徴収すること。一組の農民の夫婦に田が与えられ、その夫婦に課せられる税と同じ額の罰金を課したということから。
準1級,浮花浪蕊,ふかろうずい,特に優れた点がなく、どこにでもあるような平凡なもののたとえ。「浮花」と「浪蕊」はどちらも花は咲くが実を結ばない無駄な花を意味することから。
準1級,不刊之書,ふかんのしょ,いつまでも伝わり続ける書物。 不朽の名作。「刊」は削るという意味。紙のない時代には、木や竹に文字を記し、必要の無い部分や誤った部分は削っていたということから。
準1級,覆車之戒,ふくしゃのいましめ,先人の失敗を学び、今の戒めにすること。「覆車」はひっくり返った車の残した車輪の跡のこと。先に通った車のひっくり返った車輪の跡を見て、同じようにならないように、その場所を通らないようにするという意味から。
準1級,腹誹之法,ふくひのほう,心の中で非難するだけで罰する法律のこと。「腹誹」は心の中で対象を非難すること。 「腹非之法」とも書く。
準1級,伏竜鳳雛,ふくりょうほうすう,能力を発揮する機会がないために人に知られていない英雄。または、将来的な活躍が期待されている若者のこと。「伏竜」は地面の中に潜って隠れている竜。「鳳雛」は中国の伝説上の鳥、鳳凰の雛。
準1級,不俱戴天,ふぐたいてん,同じ世界で一緒に生きていくことができないほどに深い恨みや憎しみのこと。「不俱」は共存することができないこと。 「戴天」は同じ世界にいること。「俱に天を戴かず」とも読み、もとは父親の仇敵を言う言葉で、同じ世界に生かしてはおかないという意味。
準1級,不倶戴天,ふぐたいてん,同じ世界で一緒に生きていくことができないほどに深い恨みや憎しみのこと。「不俱」は共存することができないこと。 「戴天」は同じ世界にいること。「俱に天を戴かず」とも読み、もとは父親の仇敵を言う言葉で、同じ世界に生かしてはおかないという意味。
準1級,不虞之誉,ふぐのほまれ,偶然手に入れた名誉のこと。「不虞」は予想外、思ってもいないこと。手に入れた名誉を謙遜していう言葉。
準1級,不繋之舟,ふけいのふね,心に不満や不信など何もない、無心のたとえ。または、なにものにも縛られずにただ漂っているだけのような人のこと。繋がれておらず、ただ波に漂う船という意味から。
準1級,不言之教,ふげんのおしえ,口に出すことなく相手に習得させることのできる教えのこと。老荘思想の「無為自然」の教えのことで、道を修めた者は、何もせず、何も言わずに人を教え導くことができるということ。
準1級,不失正鵠,ふしつせいこく,物事の一番大切な部分を正確にとらえること。「正鵠」は弓の的にある中心の黒い星のこと。矢を外すことなく、正確に正鵠を射抜くという意味から。
準1級,不惜身命,ふしゃくしんみょう,命や体を惜しむことなく、全力で事に当たること。「不惜」は使うことにためらわないこと。 「身命」は体と命。元は仏教語で、仏道を修めるために体も命もためらわずに捧げるという意味。
準1級,負薪汲水,ふしんきゅうすい,自然の中で質素な生活をすること。薪を採って谷川の水を汲むということから。
準1級,負薪之憂,ふしんのうれい,自分の病気を謙遜していう言葉。「負薪」は薪を背負うこと。 「憂」は病気。薪を背負ったせいで疲れてしまって病気になるということから。または、病気になってしまい、薪を背負う余力も無くなるということから。
準1級,負薪之病,ふしんのへい,自分の病気を謙遜していう言葉。「負薪」は薪を背負うこと。薪を背負ったせいで疲れてしまって病気になるということから。または、病気になってしまい、薪を背負う余力も無くなるということから。
準1級,附耳之言,ふじのげん,隠し事は漏れやすく、あっという間に広まるということ。「附耳」は口を耳に近づけて話をするという意味。耳の横で小さな声で話をしても、千里も離れている場所でも聞こえてしまうということから。「付耳之言」とも書く。
準1級,二股膏薬,ふたまたこうやく,その時にあわせて意見がころころと変わること。「二股」は両足の股の内側のこと。 「膏薬」は練り薬。内股に練り薬を塗って歩くたびに、右の足についたり、左の足についたりするということから。
準1級,釜底抽薪,ふていちゅうしん,根本にある原因を取り除かなければ、問題を解決することはできないということ。火にかけた釜が煮え立たないようにするには、釜の下にある薪を取り出すのがよいという意味から。兵法三十六計の第十九計。「釜底（ふてい）薪（たきぎ）を抽（ぬ）く」とも読む。
準1級,敷天之下,ふてんのもと,世界中。 「敷天」は空の隅々までということ。空を隅々まで覆うという意味から。「敷天」は「普天」とも、「薄天」とも書く。
準1級,不抜之志,ふばつのこころざし,何があっても諦めないこと。「不抜」はどうやっても抜くことができないという意味から、とても堅いことのたとえ。
準1級,不毛之地,ふもうのち,作物が育たない、ひどく痩せた土地。または、見るべきよい結果や、発見が何もないこと。「毛」は地面から生える草木や穀物のこと。
準1級,夫里之布,ふりのふ,夫布と里布という、古代中国の税のこと。「夫布」は無職の人に課される税のこと。「里布」は麻や桑を家の敷地内に植えない人に課される税のこと。「布」は布銭、金銭のこと。
準1級,焚琴煮鶴,ふんきんしゃかく,風流を理解する心を持っていないこと。または、趣も飾り気もない単調な景色のこと。琴に火をつけて燃やして、鶴を捕らえて煮るという意味から。「琴を焚（や）き鶴を煮る」とも読む。
準1級,粉粧玉琢,ふんしょうぎょくたく,女性の容姿が美しいことのたとえ。「粉粧」は化粧のこと。 「玉琢」は宝石を磨くこと。化粧をした女性が、宝石を磨いたように美しいという意味から。
準1級,焚書坑儒,ふんしょこうじゅ,宗教、言論、学問などを弾圧すること。「焚書」は書物を燃やすこと。 「坑儒」は儒者を土の中に埋めること。秦の始皇帝が政治的な批判を避けるために実用書を除いた書物を全て焼けという命令を出し、それに逆らう儒者を生き埋めにしたという故事から。
準1級,粉白黛墨,ふんぱくたいぼく,美しい人のたとえ。「粉白」は肌の色を整える化粧品の白粉のこと。「黛墨」は眉を整える化粧品の眉墨のこと。
準1級,墳墓之地,ふんぼのち,生まれ育った故郷。または、死ぬまで暮らそうと思っている地のこと。「墳墓」は墓のこと。 祖先から受け継いだ墓がある地という意味から。
準1級,舞馬之災,ぶばのわざわい,火事のこと。中国の晋の時代の黄平は、馬が踊り、それを見た人々が拍手する夢を見た。そのことを占いの名人の索紞に相談すると、「馬は火の象徴であり、それが踊るということは火が巻き起こること。馬に拍手するというのは、火を消そうとすることだ」といわれ、黄平が帰ると家が火事にあっていたという故事から。「馬舞之災」ともいう。
準1級,文質彬彬,ぶんしつひんぴん,見た目の美しさと中身の質の釣り合いがとれていること。「文」は容姿や、立ち居振る舞いのこと。 「質」は実質、本質のこと。「彬彬」は釣り合いのとれている様子。
準1級,蚊虻走牛,ぶんぼうそうぎゅう,力の小さいものが、力の大きなものを倒すことのたとえ。または、ちょっとしたことが大きな事件や災難を引き起こすということ。「蚊虻」は虫のかとあぶ。蚊や虻のように小さな虫でも、数が多ければ牛は走って逃げるという意味から。「蚊虻牛羊を走らす」を略した言葉。
準1級,蚊虻之労,ぶんぼうのろう,価値のない、つまらない技術のこと。「蚊虻」は虫のかとあぶ。 蚊や虻のような小さな労力という意味から。
準1級,分憂之寄,ぶんゆうのき,諸国の政務を行った地方官、国司のこと。「分憂」は憂いを分かち合うこと。 「寄」は任務のこと。人々と憂いを分かち合う任務という意味から。
準1級,並駕斉駆,へいがせいく,能力や実力、地位などに差がないこと。「駕」は馬車や乗り物のこと。 「斉駆」はそろって走らせること。一台の馬車を数頭の馬で引っ張り疾駆することで、ともに肩を並べて進み、力に差が無いことのたとえ。「斉駆並駕」「並駆斉駕」ともいう。
準1級,並駆斉駕,へいくせいが,能力や実力、地位などに差がないこと。「駕」は馬車や乗り物のこと。 「斉駆」はそろって走らせること。一台の馬車を数頭の馬で引っ張り疾駆することで、ともに肩を並べて進み、力に差が無いことのたとえ。「斉駆並駕」「並駆斉駕」ともいう。
準1級,平沙落雁,へいさらくがん,"干潟に降り立つ雁の群れのこと。中国の山水画の伝統的画材である瀟湘八景の中の一つ。琴曲の名前などにも用いられている言葉。「平沙」は平坦で広大な砂原のこと。 「沙」は""砂""と同じ意味。"
準1級,兵車之会,へいしゃのかい,武力を用いて開かれる諸侯の会合のこと。「兵車」は戦闘に使用する車（戦車）。
準1級,兵者凶器,へいはきょうき,武器というものは、人を殺傷する忌まわしい道具だということ。「兵」は武器や兵器、「者」は「というものは...」という意味で、強調して提示する語。「凶器」は人を殺傷することを目的とした道具のこと。
準1級,平伏膝行,へいふくしっこう,神仏や貴人の前での座礼作法のことで、恐縮しながらひれ伏して進み出る様子のこと。または、頭を地に付けるように低くして、目を伏せて膝頭で這って進むこと。
準1級,閉明塞聡,へいめいそくそう,目を閉じて耳を塞いで世間との接触をたつこと。または、現実から目を背けること。「閉明」は何も見ないために目をつむること。「塞聡」は何も聞かないように耳を塞ぐこと。「明（めい）を閉じ聡（そう）を塞（ふさ）ぐ」とも読む。
準1級,碧眼紅毛,へきがんこうもう,西洋人のこと。 「紅毛」は赤い髪の毛。「碧眼」はあおみどり色の目のこと。江戸時代にはスペイン人やポルトガル人のことを南蛮人と呼び、オランダ人を紅毛人と分けて呼んでいたが、のちに西洋人全般をさすようになった言葉。「碧眼紅毛」ともいう。
準1級,碧血丹心,へきけつたんしん,厚い忠誠心や誠意のこと。「碧」は青色のこと。 「丹心」は誠意や真心。敬王に仕えていた萇弘は、讒言（ざんげん：事実を曲げた偽りの告げ口）によって追放され、郷里の蜀（しょく）で自決した。蜀の人々がその様子を哀れに思い、その血を器に入れておいたところ、三年後にはその血が碧玉（青く美しい宝玉）になったという故事から。
準1級,碧落一洗,へきらくいっせん,雨が降ったあとに、空がきれいに晴れ渡ること。「碧落」は綺麗に晴れ渡った空。 「一洗」はすっきりと洗い流すこと。
準1級,辺地粟散,へんちぞくさん,辺境にある小さな国のこと。粟の粒が散らばっているかのように、世界の果てにある小さな国という意味から。中国やインドから見た日本のことをいう場合もある。 「辺地粟散」ともいう。
準1級,偏僻蔽固,へんぺきへいこ,道理に暗く、考えが偏っていて、考えや態度を変えないこと。「偏僻」は考えが偏っていて、心がねじけていること。「蔽固」は道理に暗く、考えや意見を変えないこと。「偏僻（へんぺき）にして固（こ）を蔽（おお）う」とも読む。
準1級,米泉之精,べいせんのせい,酒のこと。米を発酵・熟成させる手法が酒の主な造り方であることから。
準1級,鞭声粛粛,べんせいしゅくしゅく,相手に気付かれないように、静かに馬に鞭を打つ様子。「粛粛」はひっそりと行うこと。上杉謙信の軍勢が武田信玄の機先を制するために、夜のうちに妻女山を下って、千曲川を相手に気付かれないように渡ったという故事を頼山陽が詠んだもの。「鞭声粛々」とも書く。
準1級,鳳凰来儀,ほうおうらいぎ,世の中が平和であることのたとえ。「鳳凰」は聖天子が出現するときに現れるとされる想像上の鳥。「来儀」は鳳凰が飛来して、威厳のある姿を示すこと。
準1級,方正之士,ほうせいのし,きちんとした正しい行いをする人のこと。
準1級,蜂準長目,ほうせつちょうもく,賢く、抜け目無い人の容貌。または、思いやりがなく陰湿な人の容貌。「蜂準」は蜂のように高く鋭い鼻筋。蜂のように鋭く高い鼻筋と、細く長い目という意味から。
準1級,抱柱之信,ほうちゅうのしん,約束を守りぬくことのたとえ。または、正直すぎて機転がきかないことのたとえ。「抱柱」は橋の脚にしがみつくこと。 「信」は信義という意味。魯の国の尾生が橋の下で女性と会う約束をしたが、いつまでも女性はこないまま尾生は橋の下で待ち続けた。やがて、雨が降り始めて川が増水して、橋の橋脚に抱きついたまま溺れ死んだという故事から。
準1級,鵬程万里,ほうていばんり,非常に遠い道のりのたとえ。また、海がどこまでも広く大きいことを言い表す言葉。「鵬」は中国の想像上の鳥。 「程」は道のり。「万里」の「里」は距離の単位で、「万里」は非常に遠いことのたとえ。鵬は北海から南海に向かって万里もの距離を飛ぶとされることから。「万里鵬程」ともいう。
準1級,蓬頭垢面,ほうとうこうめん,容姿を整えることをせず、むさくるしいこと。「蓬頭」はよもぎの葉のようになっている、ぼさぼさの髪の毛。「垢面」は洗わずに垢でまみれている顔のこと。
準1級,放蕩三昧,ほうとうざんまい,思うまま好き勝手に振る舞うこと。「放蕩」は好き勝手にすることや、酒や女遊びに溺れること。「三昧」は一つのことに夢中になること。
準1級,朋党比周,ほうとうひしゅう,仲間を作って結託して、それ以外の人を排斥すること。「朋党」は考えや利害が同じ仲間のこと。「比周」は片方だけと仲良くすること。主に悪い意味で使われる言葉で、徒党を組んで悪事を働く場合などに使われる。
準1級,放蕩無頼,ほうとうぶらい,酒や女遊びに溺れて素行に問題があること。「放蕩」は好き勝手にすることや酒や女遊びに溺れること。「無頼」は社会的に認められた職に就かず、素行が悪いこと。
準1級,蓬頭乱髪,ほうとうらんぱつ,見た目に気を配らず、むさくるしいこと。植物の蓬のように乱れている髪の毛という意味から。
準1級,法爾自然,ほうにじねん,浄土真宗で如来の絶対的な他力に身を任せること。「自然」は外部からの影響ではなく、自ずからそうであること。「法爾」は法則のままやあるがままということ。全てのものは、自ずから如来の知恵のあらわれであり、真理にかなっているということ。「法爾自然」ともいう。
準1級,捧腹絶倒,ほうふくぜっとう,腹を抱えて笑いこけること。「捧腹」は腹を抱えること。 「絶倒」は倒れそうなほど大笑いすること。「抱腹絶倒」とも書く。
準1級,捧腹大笑,ほうふくたいしょう,腹を抱えて笑いこけること。「捧腹」は腹を抱えること。 「抱腹大笑」とも書く。
準1級,泡沫夢幻,ほうまつむげん,人の命が儚いことのたとえ。 「泡沫」は水の泡。水の泡、夢、幻のようにすぐ消えてなくなるという意味から。「夢幻泡沫」ともいう。
準1級,蓬萊弱水,ほうらいじゃくすい,はるか遠く離れていること。「蓬萊」は東にあって仙人が住んでいるとされる伝説の島。「弱水」は西にあるとされる伝説の川。「蓬萊」と「弱水」の距離は三十万里離れているとされていることから。
準1級,方領矩歩,ほうりょうくほ,儒学者の服装と態度のこと。「方領」は四角い服のえりのことで、儒学者の正装。「矩歩」は決まりに則った正しい歩き方。
準1級,輔車相依,ほしゃそうい,一つが駄目になると、もう一つも駄目になるような、非常に深い関係のこと。「輔車」は車の添え木と車の荷台。または、頬の骨と下顎の骨のこと。唇と歯や、頬の骨と下顎の骨のように、互いに助け合うことによって、互いに存続できるような関係をいう言葉。中国の晋が虢の国を攻めるときに、虞の国は晋に通過する許可を出したが、虞の国と互いに助け合う関係にあった虢の国が滅びると、虞の国も滅びたという故事から。
準1級,発菩提心,ほつぼだいしん,悟りを得るために仏門に入る気持ちを持つこと。「発」は物事を始めること。「菩提心」は煩悩を捨てて、悟りを得ようとする心のこと。「発心」と略して使うこともある。
準1級,蒲柳之質,ほりゅうのしつ,生まれた時から体が弱く、病気になりやすいこと。「蒲柳」は植物のかわやなぎ、ねこやなぎのことで、木が柔らかく、秋になると真っ先に葉が落ちるということから、病弱な体質のたとえ。
準1級,奔逸絶塵,ほんいつぜつじん,非常に速く走ること。「奔逸」は走って逃げること。「絶塵」は塵を一つも立てないほど速く走ること。 「奔佚絶塵」とも書く。
準1級,本領安堵,ほんりょうあんど,忠誠を誓った武士に対して、幕府や領主が領地の所有権を認めて保障したこと。「本領」は先祖から受け継いだ領地。 「安堵」は所有権を認めるという意味。
準1級,亡羊之嘆,ぼうようのたん,進路や方針が多すぎて何を選ぶべきかわからなくなること。または、学問の道が細かく分かれすぎていて、学問の根本を捉えにくいことのたとえ。「亡羊」は羊を見失うこと。羊が逃げ出し、大勢の人で追いかけたが分かれ道が多く、逃げられてしまったという話を聞いた楊朱は、学問も同じように様々なものに分かれすぎていて、それぞれ根本の部分は同じなのにそれを忘れ、理解できなくなっていると言ったという故事から。
準1級,亡羊補牢,ぼうようほろう,失敗した後に悪い部分を改善すること。または、失敗してもすぐに改めれば、過ちが大きくならずにすむということのたとえ。羊が囲いから抜けて、逃げられた後に囲いを修理するという意味から。「羊（ひつじ）を亡（うしな）いて牢を補う」とも読む。
準1級,撲朔迷離,ぼくさくめいり,性別が男女どちらとも見分けがつかないこと。転じて、物事が複雑に入り組み、真相や区別がつかめないさま。「撲朔」は雄の兎が足をばたつかせること、「迷離」は雌の兎が目を細めてぼんやりさせること。兎を捕らえたときは雌雄の別が分かるが、二匹が並んで地を駆けると見分けがつかない、という句にもとづき、区別のつかないさまを表すようになった言い回し。
準1級,撲朔謎離,ぼくさくめいり,性別が男女どちらとも見分けがつかないこと。転じて、物事が複雑に入り組み、真相や区別がつかめないさま。「撲朔」は雄の兎が足をばたつかせること、「迷離」は雌の兎が目を細めてぼんやりさせること。兎を捕らえたときは雌雄の別が分かるが、二匹が並んで地を駆けると見分けがつかない、という句にもとづき、区別のつかないさまを表すようになった言い回し。
準1級,暮色蒼然,ぼしょくそうぜん,夕方になって、少しずつ暗くなっていく様子。「暮色」は日が沈んで薄暗い夕方の景色。 「蒼然」は日が沈んで薄暗い様子。「蒼然暮色」ともいう。
準1級,凡聖一如,ぼんしょういちにょ,賢者も普通の人も本質的には同じであり、誰にでも仏になる可能性があるということ。「一如」は同じものであるということ。仏教の言葉で、煩悩を払った聖人と、煩悩に迷っている人は別のものではあるが、人としての本質は同じものであるという意味から。
準1級,煩悩菩提,ぼんのうぼだい,煩悩は悟りを得るための邪魔になるが、煩悩は悟りを得るために必要なものでもあるということ。「菩提」は悟りへと至る境地のこと。仏教の言葉で、煩悩も人間の本質であり、悟りと煩悩は同一のものであって、煩悩があるからこそ悟りがあるという意味から。「煩悩即菩提」を略した言葉。
準1級,磨穿鉄硯,ませんてっけん,強い意志を持ち続けて、達成するまで変えないこと。または、休まず学問に励むこと。「磨」はすり減らすこと、「穿」は穴をあけること。鉄の硯（すずり）に穴を空けるほど学問に励むという意味。「鉄硯磨穿」ともいう。
準1級,麻中之蓬,まちゅうのよもぎ,悪いものもよい環境の中では、よいほうに正されるということ。普通は曲がりくねって育つことの多い蓬も、まっすぐ育つ麻の中で育てるとまっすぐに育つという意味。
準1級,満腔春意,まんこうしゅんい,なごやかな気分が全身に満ちていること。人を祝う言葉。「満腔」は胸や全身に満ちていること。 「春意」は春のような気分。
準1級,万劫末代,まんごうまつだい,遠い先の世のこと。または、これから先ずっと、限りない時間などの意味。「劫」は仏教語で終わりがないほどの長い時間。「末代」は先の世や後世という意味。
準1級,未来永劫,みらいえいごう,これから先、未来の時間が永遠ということ。「劫」は仏教語でインドの時間単位の一番長いもので、時間が無限という意味。「永劫未来」ともいう。
準1級,無稽之談,むけいのだん,でたらめで根拠のない話のこと。「無稽」は考えるべき根拠がまるでないこと。
準1級,夢幻泡影,むげんほうよう,人生のはかなさのたとえ。「夢」「幻」「泡」「影」は、どれもすぐに消えてしまうはかないものであることから。全てのものは実体がなく空であるという仏教語。
準1級,無告之民,むこくのたみ,貧しい人や老人、孤児などの弱者のこと。苦しみを訴える相手や手段が存在しない人たちのことから。「無告」は苦しみを訴える相手が誰もいないこと。
準1級,矛盾撞着,むじゅんどうちゃく,前と後でつじつまが合わないこと。理屈に合わないこと。「矛盾」と「撞着」はどちらも理屈が食い違っていること。矛と盾を売ろうとした商人が「この矛はどんな盾も貫き、この盾はどんな矛も防ぐ」と言った。それを聞いた人が「その矛でその盾を突くとどうなるか」と問うと、商人は返答できなかったという故事から。「撞着矛盾」ともいう。
準1級,無知蒙昧,むちもうまい,知恵や学問がないために物事の道理を理解することが出来ず、愚かなこと。「無知」は知恵や学問がなく、愚かなこと。「蒙昧」は物事の道理を理解できないこと。 「無智蒙昧」とも書く。
準1級,無妄之福,むぼうのふく,考えてもいなかった幸運が突然訪れること。「無妄」は予期していなかったことが突然起こること。「無」は「无」、「毋」とも書く。
準1級,無明長夜,むみょうじょうや,煩悩を振り払うことが出来ず、悟りを得ることが出来ない様子。仏教の言葉で、「無明」は夜が明けないという意味から、仏の真理を理解できず、悟りを得ることが出来ないことのたとえ。多くの人々が悟りを得ることが出来ないことを、夜が長く続いて明けないことにたとえた言葉。
準1級,無用之用,むようのよう,一目見た時は役に立たないと思っていたものが、重要な働きをすること。『老子』や『荘子』でよく使われる逆接的な理論。車軸や容器の内側には何もないことが重要であり、役に立つ働きをするということから。
準1級,明月之珠,めいげつのたま,暗闇でも自ら光を放って照らす明月のような宝玉のこと。
準1級,名声赫赫,めいせいかくかく,世間での評判が勢いよく上がっていくこと。「名声」は世間でのよい評判のこと。 「赫赫」は勢いがよいこと。
準1級,命世之才,めいせいのさい,世に有名な才能のこと。または、そのような才能を持っている人のこと。「命世」は世に名前が知れ渡っているという意味。
準1級,鳴蝉潔飢,めいせんけっき,気高く清らかな心を持つ者は、いかなる状況でも信念を曲げないことのたとえ。蝉（せみ）は気高い心を持ち、たとえ飢えても露（つゆ）以外のものを口にしないという伝説に由来する。
準1級,明明赫赫,めいめいかくかく,はっきりと明るく、光り輝く様子。「明明」ははっきりとしている様子のこと。「赫赫」は非常に明るく輝く様子のこと。「赫赫明明（赫々明々）」ともいう。
準1級,冥冥之志,めいめいのこころざし,人に知られないように努力すること。または、人に知られないように心の底で決意すること。「冥冥」は暗い様子という意味から、人に知られない様子のこと。
準1級,名誉挽回,めいよばんかい,失敗して失った信用や名声を、後の行いによってとり返すこと。「挽回」は失ったものをとり返すという意味から。
準1級,麪市塩車,めんしえんしゃ,雪が降って積もっている景色を言い表す言葉。「麪市」は白い小麦粉の市場ということから、市場に雪が積もっていることのたとえ。「塩車」は白い塩を載せている車ということから、車に雪が積もっていることのたとえ。市街も車も雪が積もっているように見えるという意味から。「麺市塩車」とも書く。
準1級,妄想之縄,もうぞうのなわ,自分の身を苦しめる心の迷いのこと。仏教語で、みだらな考えや心の迷いを身体を縛るための縄にたとえたもの。
準1級,孟仲叔季,もうちゅうしゅくき,兄弟姉妹の長幼の順序を表す言葉。長子を「孟」、次子を「仲」、三子を「叔」、四子を「季」という。兄弟が三人の場合は「孟仲季」という。
準1級,孟母三遷,もうぼさんせん,子どもは周りの影響を受けやすいので、子どもの教育には環境を整えることが大事であるということ。「孟母」は孟子の母親。 「三遷」は三度転居すること。孟子の母親は、孟子への悪い影響を避けるため墓地の近くから市場の近くに引っ越し、さらに学校の近くに引っ越した。その結果、孟子は勉学に励み偉大な儒者になったという故事から。
準1級,孟母断機,もうぼだんき,物事を途中でやめてしまったり、諦めてしまってはいけないという戒めの言葉。おもに学問のことを指す。「孟母」は孟子の母親のこと。「断機」は織りかけている機の糸を途中で切ること。孟子が学問を投げ出そうとしたときに、孟子の母親は織り途中の機の糸を切断して「学問を途中でやめることは、この織物と同じようなものだ」と言って戒めたという故事から。
準1級,百舌勘定,もずかんじょう,支払いをするときに口先でうまくごまかして、他人にお金を払わせて自分は支払わないこと。または自分が得するようにすること。百舌と鳩（はと）と鴫（しぎ）が十五文の買い物をしたとき、百舌は鳩と鴫をうまくごまかして、鳩に八文、鴫に七文を支払わせて自分は一文も支払わなくていいようにしたという昔話から。
準1級,両刃之剣,もろはのつるぎ,役に立つものでも、使い方を間違えると危険をもたらすことのたとえ。または、大きな利益を得る可能性もあるが、大きな被害を受ける可能性もあること。「両刃」は背と腹の両方に刃がついている剣のことで、使い方を間違えると使用者自身にも危険が及ぶことから。「諸刃之剣」とも書く。
準1級,門前雀羅,もんぜんじゃくら,訪ねてくる人が全くいないさびしい様子のこと。「雀羅」は鳥のすずめを捕まえるときに使う網のこと。人の気配がないため、門の前にたくさんのすずめが集まっており、網を設置すれば捕まえられるほどであるという意味から。「門前雀羅設くべし」を略したもので、主に「門前雀羅を張る」という形で使う言葉。
準1級,問鼎軽重,もんていけいちょう,人の権力や地位を軽くみて、取って代わろうとすることのたとえ。または、人の権力や能力を疑って軽くみること。「鼎」は古代中国で、ものを煮るのに用いた青銅器。ここでは帝位の象徴とされた宝器。古代中国の楚の荘王が、周の帝位の象徴である鼎の大きさや重さを尋ねた。鼎は象徴であり、大小や軽重を問うべきではないにもかかわらず、それを問うたのは周の王室の権威をないがしろにし、暗に王権を狙ったものであったという故事から。一般的に「鼎の軽重を問う」という形で使うことが多い言葉。
準1級,山雀利根,やまがらりこん,新しいことを知ろうとせずに、今の知識にこだわること。「山雀（やまがら）」はシジュウカラ科の鳥、「利根」は生まれたときから賢いこと。山雀は一つの芸を覚えることは出来るが、それを応用することができないという意味から。
準1級,維摩一黙,ゆいまいちもく,多くのことを喋るより沈黙がまさっているということ。「維摩」は釈迦の弟子の一人で、仏教の教理について、釈迦の弟子たちが議論していた時に、文殊菩薩は文字や言葉では言い表せないといい、その後に意見を求められた維摩は、何も語ろうとせずに教えを態度で示したという故事から。
準1級,邑犬群吠,ゆうけんぐんばい,小者たちが集まり、うわさや悪口などを話して騒ぎ立てること。「邑」は村里のことで、群がり吠え立てる村里の犬にたとえた言葉。
準1級,宥坐之器,ゆうざのき,自らの戒めとするために身近に置いてある道具のこと。「宥坐」は身近や身の回りという意味。桓公の墓にあった器は「水が入っていない空の時は傾き、水を適度に入れるとまっすぐに立ち、水が満ちるとひっくり返り全てこぼれる」という。これを見た孔子は「知を持つものは愚を自覚し、功績を持つものは謙譲の心をもち、力を持つものは恐れを忘れず、富があるものは謙遜を忘れずに正しい姿勢を保て。」と説いた故事から。
準1級,有終之美,ゆうしゅうのび,物事をやり遂げ、最後に立派な結果を残して終わること。
準1級,有職故実,ゆうそくこじつ,朝廷や武家の昔から伝わる儀式や制度、風俗や習慣のこと。または、それらを研究する学問のこと。「有職」は朝廷や武家に昔から伝わる慣例に詳しいこと。「故実」は伝統的な儀式や制度の慣例のこと。
準1級,優孟衣冠,ゆうもういかん,他人の真似をする人。 または、演技をすること。姿は似ているが、実態が違うもののたとえ。 「優孟」は人名。「衣冠」は衣服と冠のこと。中国の春秋時代の楚の国の宰相の叔敖は清廉な人だったが、叔敖の死後にその子孫は貧しく生活に苦しんでいた。叔敖に恩があった俳優の優孟は、叔敖の衣服と冠を身に付けて叔敖になりすまし、叔敖の功績と子孫の不遇を訴えると、荘王は反省して子孫に領地を与えたという故事から。
準1級,勇猛果敢,ゆうもうかかん,危険や困難を恐れずに、力強く思い切りのよい決断をして行動すること。「勇猛」は勇気があって力強いこと。 「果敢」は決断力があること。
準1級,遊戯三昧,ゆげざんまい,何ものにもとらわれず、思いのままにふるまうこと。また、気の進まないことでも、それをすること自体を楽しむこと。「遊戯」は仏教の言葉で、仏や菩薩、悟りを開いた者が自在にふるまうさまをいう。「三昧」は一つのことに心を集中させること。
準1級,用管窺天,ようかんきてん,細い管に目を当てて天を窺い見るということから、視野が狭くて見識が足りないという意味。
準1級,鷹犬之才,ようけんのさい,猟で使われる鷹（たか）や犬は主の意思に従って働くことから、手先として使うことで役に立つ才能やその才能の持ち主のこと。「才」は才能、または才能の持ち主。
準1級,傭書自資,ようしょじし,人に雇われて文書を書くことを仕事にして、生計を立てること。「傭書」は雇われて文書を書き写すこと。「自資」は自身の生計の糧にすること。
準1級,鷹視狼歩,ようしろうほ,残忍で荒々しく、貪欲な人のたとえ。または、隙のない勇猛な英雄のたとえ。「鷹視」は鷹のような鋭い目つきのこと。「狼歩」は狼が獲物を探すような歩き方のこと。
準1級,庸中佼佼,ようちゅうのこうこう,普通の人たちの中で少しすぐれている才能をもっている人のこと。「庸」は平凡、「佼佼」はすぐれているという意味。
準1級,羊頭狗肉,ようとうくにく,外見は立派だが中身が釣り合っていないこと。「羊頭を懸げて狗肉を売る」の略語で、羊の頭を看板に掲げていながら実際には犬の肉を売るという意味から。
準1級,蠅頭細書,ようとうさいしょ,非常に細かい文字のこと。「蠅頭」は蠅の頭のことから、小さいもののたとえ。「細書」は細かく書くことや細かい文字。
準1級,耀武揚威,ようぶようい,武力や勢いがある様子を自慢して見せること。「耀」は輝かすこと。転じて誇らしげに見せること。「武を耀（かがや）かし威（い）を揚（あ）ぐ」とも読む。「揚威耀武」ともいう。
準1級,容貌魁偉,ようぼうかいい,顔つきや体格が大きくて逞しく、堂々としている様子。「魁偉」は立派で大きい体格のこと。
準1級,輿馬風馳,よばふうち,速度が並外れて速いことのたとえ。「輿馬」は乗り物と馬のこと。 「風馳」は風のように速く走ること。
準1級,雷轟電撃,らいごうでんげき,「雷轟」は雷が鳴り響くこと、「電撃」は稲光が走るという意味から、勢いが非常に激しいこと。
準1級,雷轟電転,らいごうでんてん,雷が鳴り響き、稲妻が走るという意味から、町の中が非常に騒がしいことのたとえ。
準1級,落月屋梁,らくげつおくりょう,友人を思う切ない心情のこと。「落月」は沈んでいく月のこと。「屋梁」は屋根を支えるはり、または屋根のこと。中国の詩人杜甫が江南に流された友人の李白を思い、「家の屋根に落ちかかる月に君の面影を見た」と詩を詠じたことから。「屋梁落月」ともいう。
準1級,落筆点蠅,らくひつてんよう,失敗をうまく取り繕うこと。「点蠅」は蠅（はえ）の絵を描くことで、筆を落とした際の汚れをうまく蠅の絵にするという意味。三国時代、呉の曹不興が孫権の命で絵を描いていたときに、誤って筆を落とした際の汚れを蠅に書き換えてうまく処理した故事から。
準1級,洛陽紙価,らくようのしか,著書の人気が出て、よく売れること。「洛陽」は地名、「紙価」は紙の価格のこと。左思の著した「三都賦」が大評判になって、人々が争うように書き写したために、紙が不足して高騰したという故事から。
準1級,嵐影湖光,らんえいここう,山水の美しい景色の形容。山の新鮮な精気と湖面の輝きのこと。「嵐影」は山に立ち込める精気、「湖光」は湖に日の光りが当たって輝くこと。
準1級,蘭桂騰芳,らんけいとうほう,子孫が繁栄することのたとえ。植物の「蘭」と「桂」が立派に成長して香り立つという意味から。
準1級,蘭亭殉葬,らんていじゅんそう,書画などの骨董品を強く愛好し、執着すること。「蘭亭」は『蘭亭集序』という書作品の名前。「殉葬」は死者と共に葬ること。中国の唐の太宗は「蘭亭集序」を偏愛し、自身の死後、原本を棺に一緒に入れるように命令を残したという故事から。
準1級,李下瓜田,りかかでん,人から疑われるようなことはしないほうが良いというたとえ。「瓜田」は瓜（うり）の畑のこと。 「李下」は李（すもも）の木の下のこと。瓜の畑で靴を履きなおそうとしたり、李の木の下で冠を直そうと手を上げたりすると、それを盗むのではないかと疑われてしまうという意味から。「李下瓜田」ともいう。
準1級,六言六蔽,りくげんのりくへい,人が持つ六言という六つの徳は、学問や人格修養を怠れば六蔽という六つの弊害を生むということ。
準1級,六合同風,りくごうどうふう,天下が統一され、世の中が平和に治まっていて、教化や風俗を同じくすること。「六合」は天と地と四方で天下のこと。 「同風」は同じ風俗ということ。
準1級,六菖十菊,りくしょうじゅうぎく,菖蒲は五月五日の端午の節句に飾り、菊は九月九日の重陽の節句に飾るが、五月六日の菖蒲と九月十日の菊という意味から、時期が過ぎてしまって、役に立たないもののこと。
準1級,六尺之孤,りくせきのこ,未成年の孤児のこと。または、まだ幼い時に父王と死別して即位した君主のこと。「六尺」は一・四メートルで十四、五歳の身長のこと。また、一尺を二歳半と考えて、十五歳とする説もある。 「孤」は孤児のこと。
準1級,履霜之戒,りそうのいましめ,大きな災難に遭わないように、少しでも災いの予兆があれば準備する、もしくは避けるべきという戒め。「履霜」は霜を踏むこと。霜を踏むようになると寒さが今まで以上に厳しくなるので準備をするべきであるという意味。
準1級,立錐之地,りっすいのち,とても狭い土地や空間のこと。錐（きり）を立てるのが精一杯なほど狭い土地という意味。一般的には「立錐の余地もない」と用いる。
準1級,柳巷花街,りゅうこうかがい,色町のこと。「柳巷」は柳の木が多くある街路、「花街」は花が咲いている町のこと。遊郭には柳の木が多く植えられていたこと、また花の美しさを女性にたとえたことから。「花街柳巷」ともいう。
準1級,柳眉倒豎,りゅうびとうじゅ,容姿の美しい女性が怒る様子。「柳眉」は柳の葉のように細い眉のことで、女性の美しい眉のたとえ。「倒豎」は横や下を向いているものを上に向ける、逆立てること。「柳眉を逆立てる」と用いることが多い言葉。
準1級,凌雲之志,りょううんのこころざし,世俗を超越しようとする気高い志。または、高い地位に出世することを願う大きな志。「凌雲」は雲よりも高い所という意味から、世間を超越するという意味。「陵雲之志」とも書く。
準1級,良禽択木,りょうきんたくぼく,賢者は君主をしっかりと選んで仕えるということ。「良禽」は賢い鳥のこと。賢い鳥は、敵に襲われにくく、食べ物を手に入れやすい場所の木を選んで巣を作るという意味から。「良禽（りょうきん）は木（き）を択（えら）ぶ」とも読む。
準1級,竜駒鳳雛,りょうくほうすう,すぐれた才能を持っている賢い少年のこと。「竜駒」は名馬、「鳳雛」は伝説上の鳥の鳳凰のひな。中国の晋の詩人の陸雲は幼い頃から天才と呼ばれていて、呉の大臣の閔鴻が陸雲を評したという言葉から。
準1級,竜興致雲,りょうこうちうん,聖徳のある天子が立つと、賢明な臣下が現れることのたとえ。竜が興ると雲がわき起こることになぞらえた語。
準1級,竜章鳳姿,りょうしょうほうし,立派で威厳のある容姿のこと。竜のように勇ましく、鳳凰のように気品がある立派な姿ということから。「竜」と「鳳」は竜と鳳凰のことで、どちらも伝説上の生物のこと。「章」は模様という意味。
準1級,梁上君子,りょうじょうのくんし,人の物を盗む、泥棒や盗賊のこと。または、ねずみの異名。「君子」は立派な人物のことで、ここでは下らない人をからかっていう言葉。中国の後漢の陳寔は、とある夜に家の梁の上に泥棒が隠れているのに気づき、子どもを起こして、「人は努力し続けながら生きていかなければならない。悪人も生まれつき悪人ではなく、悪い習慣が身について悪事を働くようになった。梁の上にいる君子もそうだ。」と言い聞かせると、泥棒が梁の上から降りてきて謝罪し、改心したという故事から。
準1級,竜跳虎臥,りょうちょうこが,筆に勢いがあり、自由でのびのびしている様子のたとえ。筆の勢いを、竜が天に伸び上がったり、虎が地に伏したりする様子にたとえた言葉。元は、中国の南北朝時代の梁の武帝が、晋の王羲之の書を褒め称えた言葉。
準1級,竜騰虎闘,りょうとうことう,同じくらいの実力のもの同士が全力で戦うこと。実力の拮抗している竜と虎が激しい戦いをするという意味から。
準1級,竜頭蛇尾,りょうとうだび,始めは盛んな勢いがあるが、終わりに近づくにつれて勢いが落ちてしまうこと。頭は立派な竜だが、尾は弱々しい蛇という意味から。
準1級,竜瞳鳳頸,りょうどうほうけい,非常に身分が高く、気品のある人の容貌のこと。竜のような瞳と鳳凰のような頸のように神々しいという意味から。中国の唐の時代の唯一の女性の帝王が、幼い頃に男と偽って人相を見てもらうと、仮に女性であっても天子になるだろうと評されたという故事から。
準1級,両鳳連飛,りょうほうれんぴ,兄弟がそろって高い地位を得ること。鳳凰が二羽並んで飛び立つという意味から。中国の南北朝時代、北斉の崔悛と仲文の兄弟が共に出世して、共に大臣に任命されたことを評して言った言葉から。「両鳳（りょうほう）連（つらな）り飛ぶ」とも読む。
準1級,綾羅錦繍,りょうらきんしゅう,美しくて気品がある織物や着物のこと。または、美しい身なりをすること。または、鮮やかで美しいことを言い表す言葉。「綾羅」は綾絹と薄絹のことで、美しく気品のある布のたとえ。「錦繍」は錦と刺繍の入った織物。 「錦繍綾羅」ともいう。
準1級,臨淵羨魚,りんえんせんぎょ,願いを叶えるためには、ただ望むだけでなく、具体的な手段や行動が必要だということ。魚が欲しいなら水辺でただ望むのではなく、家に帰って網を編むべきであるという意味から。
準1級,麟子鳳雛,りんしほうすう,将来に期待が持てる、すぐれた資質のある子どものたとえ。「麟子」は伝説上の霊獣の麒麟の子ども。「鳳雛」は伝説上の霊獣の鳳凰の雛。
準1級,鱗次櫛比,りんじしっぴ,きっちりと整って並ぶこと。魚の鱗や、髪をとかす櫛の歯のように整然と並んでいる様子から。
準1級,輪廻転生,りんねてんしょう,仏教の言葉で、人が新しい命に生まれ変わりながら生死を繰り返すこと。「輪廻」は車輪が回り続けるように、生と死を繰り返すこと。「転生」は死んだ後にまた生まれること。生まれ変わり。「転生輪廻」ともいう。
準1級,麟鳳亀竜,りんぽうきりょう,世の中が平和に治まっているときに現われるとされる、麒麟、鳳凰、亀、竜の四種類の伝説の霊獣。または、賢者や賢人のたとえ。
準1級,礪山帯河,れいざんたいが,永久に変わらない固い誓いのたとえ。または、国が栄え続けることのたとえ。「礪」は砥石（といし）のこと。「山」は泰山のこと。「帯」はおびのこと。「河」は黄河のこと。高い泰山がすりへって砥石のように平たくなるようなことがあったとしても、広い黄河が帯のように細くなるようなことがあったとしても、永久に変わることはないという意味から。
準1級,蓮華往生,れんげおうじょう,人が死んだ後に極楽に行くこと。「蓮華」は極楽浄土のたとえで、仏や菩薩の座を表している。「往生」は現世を離れて極楽に行くこと。
準1級,憐香惜玉,れんこうせきぎょく,女性をとても大切に愛でること。「憐」と「惜」は大切にするという意味。 「香」や「玉」は女性のたとえ。「惜玉憐香」ともいう。
準1級,狼子野心,ろうしやしん,凶暴な人のたとえ。または、凶暴な人は教化するのは非常に困難ということのたとえ。「狼子」は狼（おおかみ）の子、「野心」は野生の心という意味で、狼の子は人に飼われても、生まれついての野生の凶暴さを失わないという意味。
準1級,狼貪虎視,ろうどんこし,野心が旺盛なことのたとえ。または、無道で欲が深いこと。 「狼貪」は狼のように欲が深いこと。「虎視」は虎が獲物を狙うように見ること。
準1級,老馬之智,ろうばのち,長い経験によって培われたすぐれた知識や経験のこと。斉の管仲が戦いの帰りに道に迷い、一度通った道は覚えているという老馬の知恵を頼って放り、その後をついていくと無事に帰ることができたという故事から。
準1級,老莱斑衣,ろうらいはんい,親孝行することのたとえ。または、孝養を尽くすことのたとえ。 「老莱」は人の名前。「斑衣」は子どもが着るような派手な模様の服のこと。楚の老莱子は七十歳になっても、子供用の服を着て子どものように戯れ、親を喜ばせて年老いたことを忘れさせようとした故事から。
準1級,魯魚章草,ろぎょしょうそう,文字を書き誤ること。「魯」と「魚」、「章」と「草」はそれぞれ字の形が似ていて間違えやすいことから。
準1級,魯魚之謬,ろぎょのあやまり,「魯」と「魚」の字の形が似ていることから、文字を書き誤ること。
準1級,六道輪廻,ろくどうりんね,仏教語で、この世で生きている全てのものが六道の世界で生と死を繰り返すこと。「六道」は死んだ後に行く世界のことで、生きている時の行いの善悪によってどの世界に生まれ変わるか決まり、地獄、餓鬼、畜生、修羅、人間、天上の六つがある。
準1級,魯般雲梯,ろはんうんてい,中国の春秋時代の魯の国にいたすぐれた大工の魯般が作った、雲に届くほどの高いはしごのこと。「魯般」は人の名前。「雲梯」は雲に届くような高さのあるはしごのことで、主に城を攻めるときに使っていた。魯般は春秋時代の工匠で、機械を作るのを得意として、木を刻んで作った鳥は空を飛んだとされている。後の世では工匠の祭神として祭られている。
準1級,和光同塵,わこうどうじん,俗世で目立たないように、才能や徳を隠して暮らすこと。仏教では、仏や菩薩が衆生を救うために、本来の姿を隠して、煩悩の塵をまとって、俗世に現れること。「和光」は、才能の光を和らげ目立たないように隠すこと、「同塵」は、俗世間に合わせるという意味。
1級,哀鳴啾啾,あいめいしゅうしゅう,鳥や虫の悲しそうに鳴く鳴き声のこと。「哀鳴」は鳥や獣が悲しそうに鳴いている様子。「啾啾」は鳥や虫が低い声で鳴いている様子。
1級,鴉雀無声,あじゃくむせい,周囲に動くものもなく、静まりかえった様子のこと。鴉（からす）や雀（すずめ）の鳴き声すらしないという意味から。
1級,鴉巣生鳳,あそうせいほう,無能の親から頭の良い子どもが生まれること。または、貧しい家から聡明な人がでること。鴉（からす）の巣に伝説の瑞鳥である鳳凰が生まれるという意味から。
1級,遏悪揚善,あつあくようぜん,悪い行いには罰則を与えて禁止し、善い行いには褒賞を与えて奨励すること。「遏悪」は悪い行いを禁止したりとどめたりすること。「揚善」は善い行いを奨励したり誉めたりすること。「悪を遏（とど）め善を揚（あ）ぐ」とも読む。
1級,蛙鳴蝉噪,あめいせんそう,うるさいだけで役に立たない議論や、余計な表現が多い稚拙な文章のこと。蛙（かえる）や蝉（せみ）の鳴き声は騒がしいだけで役に立たないという意味から。「蝉噪蛙鳴」ともいう。
1級,阿爺下頷,あやあがん,物事を見分けることができない愚かな人のたとえ。または、間違いのこと。 「阿爺」は父親のこと。 「下頷」は下あごのこと。愚かな人が、戦死した父親の遺骨を探しに戦地に行き、馬の鞍（くら）の破片を父親の下あごの骨と思い込んで大切に持ち帰ったという故事から。
1級,阿諛傾奪,あゆけいだつ,権力者に媚びて他人を失脚させ、地位などを奪うこと。「阿諛」は相手の気に入るように振る舞うこと。「傾奪」は他人を陥れて地位などを奪うこと。
1級,阿諛追従,あゆついしょう,相手に気に入られるために、お世辞を言ったり相手の言うことに従ったりして機嫌を取ること。「阿諛」は気に入られるために機嫌を取ること。「追従」は逆らわず言うとおりに従うこと。
1級,阿諛便佞,あゆべんねい,相手の気に入るように口先だけのうまいことを言って、調子を合わせること。「阿諛」は相手の気に入るように振る舞うこと。「便佞」は口ではうまいことを言いながら、誠意がまったくないこと。そのような人のこと。
1級,阿轆轆地,あろくろくじ,物事がつまづいたり、止まったりせずに進んでいくこと。または、詰まることなく、次から次へと言葉を発すること。「轆轆」は車が回転するときに出る、ゴロゴロという音のこと。「阿」と「地」は漢文の組み立てを助ける語のこと。助字。車がくるくると回るように停滞することがない様子から。「阿漉漉地」とも書く。
1級,晏嬰狐裘,あんえいこきゅう,高い身分にありながらも倹約に努め、職務に励むこと。人の上に立つ者の心得を説いた言葉。 「晏嬰」は人の名前。「狐裘」は狐（きつね）のわきの下に生えている白い毛皮で作られた高級な衣のこと。中国の春秋時代の宰相「晏嬰」は、一つの高級な狐の衣を三十年間着続けて、国を治めることに尽力したという故事から。
1級,安閑恬静,あんかんてんせい,問題や心配事などがなく、ゆったりとした静かな様子のこと。「安閑」と「恬静」はどちらも心が落ち着いた静かな様子のこと。
1級,晏子高節,あんしのこうせつ,脅しや暴力に屈しない気高い志のこと。「晏子」は斉の宰相、晏嬰のこと。 「高節」は志や節度が高いこと。中国の春秋時代の斉の崔杼は、君主である荘公を殺し、自身に従わない者を粛清したが、晏嬰はそれに従わず脅しに屈しなかったという故事から。
1級,按図索驥,あんずさくき,実際には役に立たない意見ややり方のたとえ。名馬を絵や書物の知識だけで見つけようとする意から。「図を按（あん）じて驥（き）を索（もと）む」とも読む。
1級,帷幄上奏,いあくじょうそう,明治憲法のもとで、陸海軍大臣や参謀総長・軍令部総長らが、軍の指揮や作戦に関することがらを、内閣を通さずに直接天皇へ申し上げたこと。「帷」は垂れ幕、「幄」は引き幕。あわせて「帷幄」は幕を張りめぐらした陣営のことで、転じて作戦を立てる場所や軍の中枢をさす。「上奏」は君主に申し上げること。軍の統帥には内閣の手が及ばないとする統帥権独立の考えにもとづく。内閣と考えの合わない軍部大臣が、これを使って反対意見を独自に天皇へ届けることもでき、たびたび紛糾のもとになった。
1級,伊尹負鼎,いいんふてい,大きな望みのために、卑しい身分に身を落とすこと。「伊尹」は人の名前で、中国、殷の代の宰相。「鼎」は足が三本のものを煮る調理器具。君主に仕えるという大きな望みのために、まずは料理人として雇われ、のちに宰相になった伊尹の故事から。
1級,意気消沈,いきしょうちん,元気をなくして気分がしょんぼりすること。「意気」は気力や気概。「銷沈」は衰えて沈むという意味。「意気銷沈」とも書く。
1級,意気沮喪,いきそそう,意気込みがくじけて、やる気や元気がなくなること。「意気」は気力や気概。「沮喪」は勢いを失い元気や勢いがなくなること。「意気阻喪」とも書く。
1級,衣錦尚絅,いきんしょうけい,才能や徳を見せ付けないように隠すこと。「錦」は金や銀などの糸で織り込んだ美しい絹織物、「尚」は上に重ねること、「絅」は薄いうちかけのこと。錦を見せ付けないように上から重ね着するという意味で、才能や徳などを誇示することへの戒め。
1級,韋弦之佩,いげんのはい,自分の短所の改善に努めること。または、自分の性格を改めて人格を高めるために戒めの物を身につけること。「佩」は身につけるという意味。 「韋」はなめし皮のこと。「弦」は弓のつるのこと。中国の戦国時代、西門豹は短気な性格を直そうと「ゆったりとしたなめし皮」を身に着け、春秋時代の董安于は厳格な性格に改めるために「かたい弓のつる」を身につけたという故事から。「韋弦之佩」ともいう。
1級,為虎傅翼,いこふよく,もとから強い力を持っているものが、さらに力をつけること。「傅翼」は翼をつけることで、もとから強い虎に翼をつけて飛べるようにするという意味。
1級,意識朦朧,いしきもうろう,意識がぼんやりとはっきりしない様子のこと。意識がなくなる手前の状態のこと。「朦朧」はおぼろげではっきりとしない様子。
1級,意匠惨澹,いしょうさんたん,物事に工夫を凝らすために、いろいろな苦労をすること。「意匠」は工夫すること。 「惨澹」は苦労すること。 「意匠惨憺」とも書く。
1級,渭樹江雲,いじゅこううん,遠くにいる友人を気遣うこと。「渭樹」は長安郊外を流れる川、渭水のほとりの樹木。「江雲」は長江の空に浮かぶ雲。渭水の北の地にいる杜甫が、長江にいる李白を思って詩を作ったということから。
1級,韋駄天走,いだてんばしり,極めて足の速い人。 また、速く走る様子。「韋駄天」は僧や寺院の守護神で、足が速いことのたとえ。
1級,一詠一觴,いちえいいっしょう,酒を飲みながら詩をよむ、風流な楽しみのこと。「詠」は詩をよむこと。 「觴」は杯のこと。一杯の酒を飲みながら、一つの詩をよむことから。 「一詠一觴」ともいう。
1級,一字褒貶,いちじほうへん,"文章を書く際の一字の使い分けで、人を褒めたりけなしたりすること。「褒」は褒めること。 「貶」はけなすこと。歴史書\""春秋\""の表現様式のことをいう。"
1級,一望無垠,いちぼうむぎん,一目ではるかかなたまで広々と見渡せること。広々と見晴らしの良い景色をいう。 「垠」は地の果てのこと。「一望垠（はて）は無し」とも読む。
1級,一縷千鈞,いちるせんきん,極めて危険なこと。 「縷」は糸のこと。「鈞」は重さの単位。 一本の糸で千鈞もの重い物を吊るすということから。
1級,一攫千金,いっかくせんきん,苦労することなく、一度の機会で大金を手に入れること。「一攫」は一度つかむこと。 「千金」は大金のこと。現在では「一獲千金」とも書くが、本来は誤用。
1級,一家眷族,いっかけんぞく,家族や親族、血縁者のこと。または、その家臣や部下のこと。 「一家眷属」とも書く。
1級,一家団欒,いっかだんらん,家族が集まって仲良く談笑したりしながら楽しい時間を過ごすこと。「団欒」は人が集まって輪になって座ること。または、親しい人たちが集まって楽しく過ごすこと。
1級,一気呵成,いっきかせい,途中で休むことなく、一気に文章を書き上げること。または、休まず一気に物事を仕上げること。「呵」は息を吹きかけることで、「呵成」は一息で完成するという意味。
1級,一饋十起,いっきじっき,意見を聞くために、熱心に客を迎えること。または、よい人材、賢者を熱心に探し求めること。「饋」は食事のこと。 一度の食事の間に十回も席をたつことから。「一饋に十起す」、または、「一饋に十たび起つ」と読む。
1級,一簣之功,いっきのこう,仕事を完遂する間際の、最後のひと踏ん張りのこと。または、仕事を完成させるために積み重ねる一つ一つの努力と、その大切さのこと。「簣」は、土を入れて運ぶ道具。もっこ。「一簣」は、もっこ一杯の土のこと。「九仞（きゅうじん）の功を一簣（いっき）に虧（か）く」による。九仞の高さの山を作るにも、最後のもっこ一杯の土を盛らずに止めてしまえば山は完成しないとの意から。
1級,一丘一壑,いっきゅういちがく,"俗世から離れ、自然の中に身をおき、風流をたのしむこと。「一」は、""あるときは""という意味。 「丘」はおかのこと。「壑」は谷のこと。"
1級,一裘一葛,いっきゅういっかつ,この上なく貧しい暮らしのたとえ。「裘」は冬に着る毛皮の服。 「葛」は夏に着る薄い布の服。それぞれを一枚ずつしか持たず、ほかの着替えを持たないということから。
1級,一丘之貉,いっきゅうのかく,同じ仲間、似たようなもののたとえ。または、同類の悪者のたとえ。 同じ丘に住む貉ということから。
1級,一薫一蕕,いっくんいちゆう,悪が善を駆逐すること。善は消えやすく、悪を取り除くのは難しくはびこりやすいことのたとえ。「薫」は香りのよい草のこと。 「蕕」は臭い草のこと。二つを同じところにおけば、よい香りが消されてしまうことから。
1級,一蹶不振,いっけつふしん,一度の失敗で挫折してしまい、二度と立ち上がれなくなること。「蹶」はつまずくこと。 「不振」は勢いがなくなること。「一蹶（いっけつ）して振るわず」とも読む。
1級,一闔一闢,いっこういちびゃく,"陰の気と陽の気が衰えたり盛んになったりする様子。「一」は\""あるときは\""の意味。 「闔」は閉じること。 「闢」は開くこと。"
1級,一狐之腋,いっこのえき,貴重なもの、大変価値のあるもののたとえ。「腋」は脇のこと。狐の脇の下からとれる毛皮は、白くて美しいがわずかにしかとれないため、大変珍重されたことから。
1級,一糸一毫,いっしいちごう,きわめてわずかであるたとえ。「一糸」は一本の糸のこと。 「一毫」は一本の細い毛のこと。どちらもわずかなことのたとえ。
1級,一士諤諤,いっしがくがく,他のものがおもねる中で、ただ一人だけ怖れためらうことなく、自分の考えをはっきりと言うこと。「諤諤」は正論をありのままにいうさま。
1級,一瀉千里,いっしゃせんり,文章や言葉が、止まることなくすらすらと出てくることのたとえ。または、物事が順調にどんどん進むこと。「瀉」は斜めになっている場所を水が勢いよく流れること。「里」は距離の単位。「千里」はとても長い距離のたとえ。水が勢いよく流れ始めると、あっという間に千里も流れていくという意味から。
1級,一觴一詠,いっしょういちえい,酒を飲みながら詩をよむ、風流な楽しみのこと。「詠」は詩をよむこと。 「觴」は杯のこと。一杯の酒を飲みながら、一つの詩をよむことから。 「一詠一觴」ともいう。
1級,一倡三歎,いっしょうさんたん,優れた詩文を褒め称えていう言葉。「倡」は詩文を読むこと。 「三」は何度もの意。「歎」は感心して褒め称える、感嘆という意味。一度読み上げる間に何度も感歎することから。「一倡」は「一唱」、「三歎」は「三嘆」とも書く。
1級,一世風靡,いっせいふうび,ある時代で、大いに流行ること。「風靡」は草木が風でなびくこと。草木が風で同じ方向になびくことを、その時代のたくさんの人がなびくことにたとえた言葉。「一世を風靡する」と用いることが多い言葉。
1級,一箭双雕,いっせんそうちょう,一つの行動で二つの利益を得ること。「箭」は矢、「雕」は鷲。一本の矢を一回放って、二羽の鷲を射るという意味から。
1級,一朝之忿,いっちょうのいかり,少しの間、怒ること。「一朝」はひと朝ということから、わずかな時間のたとえ。「忿」は怒りのこと。
1級,一擲千金,いってきせんきん,惜しむことなく豪快に大金を使うこと。または、思い切りよく行動すること。 「一擲」は一度投げること。「千金」は大金のこと。 賭け事の一度の勝負に大金を賭けることから。「千金一擲」ともいう。
1級,一髪千鈞,いっぱつせんきん,極めて危険なことのたとえ。「鈞」は中国の昔の重さの単位で、「一鈞」は周の時代では約八キログラム、唐の時代では約二十キログラム。髪の毛一本で千鈞の重さがあるものを吊り下げることから。「一髪、千鈞を引く」を略した言葉。 「千鈞一髪」ともいう。
1級,一嚬一笑,いっぴんいっしょう,顔に表れるちょっとした表情。または、少しの表情の変化。「一」は少しという意味。 「嚬」は機嫌を損ねて顔をしかめること。「嚬」は「顰」とも書く。 「一笑一嚬（一笑一顰）」ともいう。
1級,鷸蚌之争,いつぼうのあらそい,両者が争っている間に、全く関係のないものが苦労せずに利益を奪っていくこと。「鷸」は水鳥のしぎ。 「蚌」は貝のどぶ貝。しぎとどぶ貝が争っている間に、漁師が両方とも捕まえるという説話から。
1級,猗頓之富,いとんのとみ,膨大な財産のこと。 または、大富豪のこと。「猗頓」は中国の春秋時代の大金持ちの名前。巨万の富を得た范蠡に、資産家の教えを受けた猗頓は、牛や羊を飼い、塩を作って富を築き、金持ちといえば猗頓と人々に言われるまでになったという故事から。
1級,倚馬七紙,いばしちし,素晴らしい文章をあっという間に書き上げる才能。「倚馬」は馬の近くにたったままでいること。「七紙」は紙七枚におよぶ長い文章。中国の晋の時代、袁虎は主君の桓温に布告の文を書くように言われ、馬の前にたったまま、あっという間に紙七枚にわたる名文を書き上げたという故事から。
1級,夷蛮戎狄,いばんじゅうてき,中国の周辺にいた異民族のこと。漢民族が異民族を蔑んで呼んでいた名称。「東夷、南蛮、西戎、北狄」という四方の異民族の呼称をまとめた言葉。
1級,渭浜漁父,いひんのぎょほ,古代中国で太公望と呼ばれ、活躍した呂尚のこと。または、優れた能力をもつ人物のたとえ。 「渭浜」は中国の川、渭水のこと。「漁父」は漁師のこと。渭水で釣りをしていた呂尚は、周の文王に見出されて、後に大きな功績を残したという故事から。
1級,萎靡沈滞,いびちんたい,次第に勢いが弱くなっていくこと。「萎靡」は草木がしなびること。「沈滞」は一つの場所で滞って動かなくなること。どちらも勢いがなくなることのたとえ。 「萎靡」は「委靡」とも書く。「沈滞萎靡（沈滞委靡）」ともいう。
1級,異聞奇譚,いぶんきたん,非常に珍しい話。「異聞」と「奇譚」はどちらも普通ではない不思議な話という意味。
1級,韋編三絶,いへんさんぜつ,同じ書物を何度も読むこと。または、学問に励むことのたとえ。「韋編」は紙が出来る前の、木や竹の札をひもで綴った書籍のこと。「三絶」は何度もひもが切れること。「韋編（いへん）三（み）たび絶（た）つ」とも読む。孔子が何度もひもが切れるほど易経を読んだという故事から。
1級,倚門之望,いもんのぼう,母親が子の身を案じ、その帰りを待ちわびる深い愛情のたとえ。「倚」は寄りかかる意で、母が門に寄りかかって子の帰りを待ち望むさまをいう。斉の閔王に仕えた王孫賈が朝出て夜に帰らぬことが続いたため、母は「おまえが朝出て遅く帰る日は、私は家の門に寄りかかって待ち、日暮れに出て戻らぬ日は、村里の入り口の門まで出て、そこに寄りかかって待つ」と語ったという故事から生まれた言い回し。
1級,異類無礙,いるいむげ,異なっているもの同士が、何ものにも邪魔されることなく互いに通じ合うこと。「異類」は違う種類という意味。「無礙」は障害になるものがないということ。仏教の言葉で、性質の異なる火と水が、何の妨げもなく通じ合うことをいう。「異類無碍」とも書く。
1級,殷鑑不遠,いんかんふえん,失敗の戒めになるものは、身近なことにあるということ。「殷」は古代中国の国の名前。 「鑑」は鏡のことで、手本や見本のたとえ。殷は、昔の出来事を手本にするよりも、圧政で滅びた前代の夏の国を手本とするべきであるという戒めから。「殷鑑遠からず」という形で使うことが多い言葉。
1級,因果覿面,いんがてきめん,悪いことをした報いがすぐにあらわれること。「覿面」は目の前で見るという意味から、すぐに結果が出ること。
1級,婬虐暴戻,いんぎゃくぼうれい,ふしだらで荒々しく、無慈悲な様子。「婬虐」は淫らで残酷な様子。「暴戻」は人としての道から外れていて乱暴なこと。 「淫虐暴戻」とも書く。
1級,慇懃無礼,いんぎんぶれい,態度や言葉遣いなどが必要以上に丁寧過ぎると、嫌味に聞こえてしまい、かえって失礼にあたるということ。または、一見とても礼儀正しくみえるが、実は心の中で相手を見下していること。「慇懃」はとても礼儀正しいこと。 「無礼」は失礼なこと。
1級,因循苟且,いんじゅんこうしょ,昔からある習慣や方法に必要以上にこだわって改めることをせずに、その場その場でやり過ごすこと。または、なかなか決断することができない曖昧な態度のこと。「因循」は昔から続くやり方を変えずにこだわり続けること。「苟且」は原因を解決せずに、その場だけ取り繕うこと。
1級,飲鴆止渇,いんちんしかつ,後のことは何も考えずに目先の利益を得ること。または、一時逃れをして、後から大きな災いに遭うこと。「鴆」は羽に猛毒をもつ鳥の名前で、その鳥の羽が入っている酒を喉の渇きを癒すために飲むことから。「止渇飲鴆」ともいう。
1級,陰謀詭計,いんぼうきけい,人知れず立てた、人を裏切る悪巧みのこと。「陰謀」はひそかに悪い計画を立てること。「詭計」は人を裏切って貶める策略のこと。
1級,烏焉魯魚,うえんろぎょ,文字を書き間違えること。「烏」と「焉」、「魯」と「魚」の字の形が似ていることから。
1級,于公高門,うこうこうもん,人知れず善行を積んだ家の子孫は繁栄することのたとえ。「于公」は人物名で、漢代に丞相になった于定国の父のこと。于公は裁判官として公平に裁判を処理して、ひそかに善行を積んでいた。彼の住む村の門を修理するときに、人知れず善行を積む家の子孫は出世して繁栄するだろうと、門を広大に作った故事から。
1級,禹行舜趨,うこうしゅんすう,見た目を真似しているだけで中身が伴っていないこと。または、聖人の動きを真似しているだけで聖人のような徳はないこと。「禹」と「舜」はどちらも古代中国の聖人の名前。「行」は歩くこと。「趨」は走ること。禹の歩き方や舜の走り方などは表面上の動作であり、真似をしても何の意味もないことから。
1級,右顧左眄,うこさべん,右を見たり左を見たりして周りの様子をうかがうだけで、すぐに結論を出せないこと。または周りが気になって、決断力が鈍ってしまうこと。「顧」と「眄」はどちらも周りをうかがうこと。「左眄右顧」「左顧右眄」ともいう。
1級,迂疎空闊,うそくうかつ,回りくどくて実際には役に立たないこと。または、世間の事柄についての知識や理解が不十分で役に立たないこと。「迂疎」は間接的で役に立たないことや世情に疎いこと。「空闊」は広々としている様子やおおざっぱなこと。
1級,鬱肉漏脯,うつにくろうほ,腐って臭い肉のこと。または、先のことは考えずにその場をやり過ごすこと。空腹を満たすために腐った肉を食べるという意味から。「鬱」は痛んで腐ること。 「漏」は腐って臭うこと。「脯」は薄く切った干し肉、ほしじしのこと。
1級,禹湯文武,うとうぶんぶ,夏、殷、周の三代の王朝の始祖とされる人物の名前。「禹」は夏王朝の禹王。 「湯」は殷王朝の湯王。「文」と「武」は周王朝の文王と武王のこと。どの人物も古代中国の聖天子とされている。
1級,烏兎匆匆,うとそうそう,歳月が慌しく過ぎていくことのたとえ。太陽には烏が、月には兎が住んでいるという古代中国の伝説から、「烏兎」は月日のことで、「匆匆」は慌しい様子や忙しいこと。「烏兎怱怱」とも書く。
1級,嫗伏孕鬻,うふうよういく,鳥や獣が子を産んで育てること。「嫗伏」は鳥が翼で卵を覆って温めること。「孕鬻」は獣が子を産んで育てること。
1級,禹歩舜趨,うほしゅんすう,見た目を真似しているだけで中身が伴っていないこと。または、聖人の動きを真似しているだけで聖人のような徳はないこと。「禹」と「舜」はどちらも古代中国の聖人の名前。「歩」は歩くこと。「趨」は走ること。禹の歩き方や舜の走り方などは表面上の動作であり、真似をしても何の意味もないことから。
1級,紆余委蛇,うよいだ,山や林などがうねうねと曲がり、どこまでも連なっている様子。「紆余」は曲がりくねっていて長く続いている様子。「委蛇」は曲がりくねっている様子。
1級,紆余曲折,うよきょくせつ,道や川などが何度も折れ曲がっている様子。または、複雑にからみ合っている面倒な事情や状況の解決に苦労すること。「紆余」は道などが曲がりくねっている様子。 「曲折」は折れ曲がること。「紆余」は「迂余」とも書く。
1級,盂蘭盆会,うらぼんえ,陰暦の七月十五日に祖先の霊をまつる行事。盆や精霊会ともいう。現在は八月十五日に行うことが多い。
1級,雨霖鈴曲,うりんれいきょく,中国の唐の玄宗が楊貴妃の死を悼み悲しんで作った楽曲の名前。「霖」は雨のこと。 「鈴」は馬につけている鈴の音のこと。雨と鈴の音が調和しているのを聞いて作ったという故事から。
1級,雲雨巫山,うんうふざん,男女の交わり、情交のたとえ。「雲雨」は雲と雨のこと。「巫山」は中国の四川省と湖北省の間にある、女神が住んでいたとされる山のこと。中国の戦国時代の楚の懐王が昼寝をした際、夢の中で巫山の女神と情交を結んだ。別れ際に女神が「朝には雲となって、夕方には雨となってここに参ります」と言ったという故事から。「巫山雲雨」ともいう。
1級,雲烟過眼,うんえんかがん,雲や煙が留まることなく目の前を過ぎ去っていくように、物事に過剰に執着することがないこと。または、物事にとらわれすぎずさっぱりしていること。「雲烟」は雲と煙、または雲と霞（かすみ）のこと。「過眼」は目の前を通過すること。 「雲煙過眼」とも書く。
1級,雲烟万里,うんえんばんり,非常に距離が離れていることのたとえ。または、非常に遠くまで薄く長く伸びている雲や霞のこと。「雲烟」は雲と霞。「万里」の「里」は距離の単位で、一万里ということから、非常に距離があることのたとえ。雲や霞が一万里もの距離に渡って続くという意味から。「雲煙万里」とも書く。
1級,雲烟飛動,うんえんひどう,筆の勢いが生き生きとしていて力強いこと。「雲烟」は雲と霞。または、雲と煙。雲や霞、煙などとどまることなく、常に飛ぶように動いているという意味から。「雲煙飛動」とも書く。
1級,雲烟縹渺,うんえんひょうびょう,非常に遠くまで薄く長く伸びている雲や霞の様子。「雲烟」は雲と霞。 「縹渺」は遠い場所でかすかに見えること。「雲烟」は「雲煙」とも、「縹渺」は「縹緲」、「縹眇」とも書く。
1級,雲遊萍寄,うんゆうへいき,物事に執着せずに、自然にまかせて行動すること。または、修行しながら様々な国を巡る僧侶のこと。 「萍」は浮き草のこと。雲のように留まることなく、浮き草のように水の流れに身を任せるという意味から。
1級,雲容烟態,うんようえんたい,雲や霞などの空の様子が様々に変化する様子。「烟」は煙や霧、かすみなどのこと。「雲烟の容態」という意味で、「雲烟」と「容態」を一字ずつ並べ替えて表現した言葉。「雲容煙態」とも書く。
1級,栄諧伉儷,えいかいこうれい,栄えて仲のよい円満な夫婦のこと。「栄諧」は栄えて仲のよいこと。 「伉儷」は夫婦のこと。妻を娶る人への祝いの言葉として使われる。
1級,影駭響震,えいがいきょうしん,ちょっとしたことで驚き、ひどく恐れて震え上がること。「影駭」は影を見るだけで驚くこと。「響震」は物音が聞こえただけで震え上がること。
1級,英姿颯爽,えいしさっそう,堂々とした立派な容姿で勇ましくきびきびとした様子。「英姿」は容姿が立派なこと。「颯爽」はきちんとした態度や動作が清々しい様子。
1級,郢書燕説,えいしょえんせつ,関連のない物事を無理に関連付けて説明すること。「郢」は楚の国の都の名前。 「燕」は国の名前。郢の人が燕の大臣に手紙を書いたときに、周りが暗かったので「燭を挙げよ」と言うと、その言葉を書記がそのまま手紙に書いてしまった。これを読んだ燕の大臣が「賢人を登用せよ」という意味だと無理矢理解釈して王に進言して実行すると国がよく治まったという故事から。
1級,盈満之咎,えいまんのとがめ,「満ちれば欠ける」という道理のことをいい、物事が最高点に到達するとかえって災いを招くという戒めのこと。「盈満」は十分に満ちること。
1級,英明闊達,えいめいかったつ,すぐれた才能と知恵を備え持ち、小さなことにこだわらない大らかな性格の人のこと。「英明」は才能と知恵に長けていること。 「闊達」は心が広いこと。
1級,慧可断臂,えかだんぴ,とても固い決意を示すこと。「慧可」は高僧の名前、「断臂」は腕を切り落とすこと。慧可は河南省嵩山の少林寺にいた達磨に教えを請うために、左腕を切り落として決意を示したという故事から。
1級,依怙贔屓,えこひいき,自分の気に入った者だけに肩入れすること。「依怙」は不公平という意味。本来は頼るという意味の言葉。「贔屓」は特に目をかけるという意味。
1級,越俎代庖,えっそだいほう,自分の出過ぎた行いによって、他人の権限を侵す罪のこと。「俎」はまな板のこと。 「庖」は料理、または、料理人のこと。古代中国で尭帝が許由に天下を譲ろうとしたとき、許由は「人は分を守ることが大切で、たとえ料理人が神に供える料理をうまく作らなかったとしても、神主が料理人に代わって料理を作るべきではない」と言って断った故事から。
1級,越俎之罪,えっそのつみ,自分の出過ぎた行いによって、他人の権限を侵す罪のこと。「俎」はまな板のこと。古代中国で尭帝が許由に天下を譲ろうとしたとき、許由は「人は分を守ることが大切で、たとえ料理人が神に供える料理をうまく作らなかったとしても、神主が料理人に代わって料理を作るべきではない」と言って断った故事から。
1級,越鳧楚乙,えつふそいつ,場所や人が違えば、同じものでも呼び名が違うことのたとえ。「越」と「楚」は古代中国の国の名前。「鳧」は鴨（かも）のこと。「乙」は燕（つばめ）のこと。空高く飛んでいる鴻（おおとり）を見て、越の国の人は鴨であると言い、楚の国の人は燕であると言ったという故事から。
1級,宴安酖毒,えんあんちんどく,遊んで楽しむだけの生活を送ることへの戒め。「宴安」はひたすら遊んで楽しむこと。「酖毒」は鴆（ちん）という鳥の羽にある猛毒のこと。ただ遊んで楽しむだけの生活を送ることは酖毒を飲むようなもので、最後には身を滅ぼしてしまうという意味から。「宴安鴆毒」とも書く。
1級,烟雲過眼,えんうんかがん,必要以上に物事に執着しないこと。または、欲がなく、物事にこだわらないことのたとえ。「烟雲」は煙と雲。または、霞（かすみ）と雲のこと。「過眼」は目の前を通過すること。煙、霞、雲などは目の前で留まることがなく、通り過ぎていくという意味から。「煙雲過眼」とも書く。
1級,蜿蜿長蛇,えんえんちょうだ,行列などが長くうねるように続いていること。「蜿蜿」は蛇や竜などが体をうねらせながら進む様子。「長蛇」は長い蛇のことから、長い列のたとえ。「蜿蜿」は「蜿蜒」、「蜒蜒」とも書く。
1級,円滑洒脱,えんかつしゃだつ,角を立てることなく、物事を順調に処理すること。「円滑」は、物事が滞りなく進むこと。「洒脱」は、さっぱりとしていること。
1級,烟霞痼疾,えんかのこしつ,自然を愛する気持ちが非常に強いこと。または、隠居して自然と親しみながら生活すること。「烟霞」はもやと霞のこと。転じて自然の景色。「痼疾」は治ることなく長い期間患っている病。持病。自然の風景を愛好する習性を病にたとえた言葉。 「煙霞痼疾」とも書く。
1級,燕頷虎頸,えんがんこけい,武勇に秀でた、勇ましい武者の容姿のたとえ。または、遠い国の諸侯となる人の容姿のたとえ。燕のような顎と、虎のように太い首のことで、武勇に秀でた人物の骨相をいう。中国の後漢の班超は筆書の仕事をしていたが、武功を上げたいと占い師に聞くと、遠い地域で諸侯になる人相だと言われ、万里の長城の外で武功を上げ、定遠侯に封じられたという故事から。
1級,燕頷虎頭,えんがんことう,武勇に秀でた、勇ましい武者の容姿のたとえ。または、遠い国の諸侯となる人の容姿のたとえ。燕のような顎と、虎のような頭のことで、武勇に秀でた人物の骨相をいう。中国の後漢の班超は筆書の仕事をしていたが、武功を上げたいと占い師に聞くと、遠い地域で諸侯になる人相だと言われ、万里の長城の外で武功を上げ、定遠侯に封じられたという故事から。
1級,燕頷投筆,えんがんとうひつ,思い切った決意をして志を立てること。または、文章を書く仕事をやめて、武の道に進むこと。「燕頷」は燕のような顎という意味で、強く勇ましい人の人相。「投筆」は筆を捨てること。中国の後漢の班超は、筆書の仕事をしていたが、武功を上げたいと思い、筆書の仕事を止めて武将になったという故事から。「燕頷（えんがん）筆を投ず」とも読む。
1級,婉曲迂遠,えんきょくうえん,直接的に言わないために回りくどいこと。「婉曲」は遠まわしに言うこと。「迂遠」は遠まわしで煩わしい、回りくどいこと。
1級,延頸挙踵,えんけいきょしょう,強く待ち焦がれること。または、すぐれた才能を持つ人物が現れるのを心待ちにすること。「延頸」は首を伸ばすこと。 「挙踵」はかかとを上げて爪先立ちすること。爪先立ちをしながら、首を長く伸ばして待ち望むということから。「頸（くび）を延（の）べ踵（かかと）を挙（あ）ぐ」とも読む。
1級,猿猴取月,えんこうしゅげつ,自身の地位や能力を過信して、欲を出しすぎて身を滅ぼすこと。「猿猴」は動物の猿のこと。猿たちが木の枝から次々と尾をつかんでぶら下がって、井戸の中の水に映った月を取ろうとすると、枝が折れてしまい、猿たちは溺れ死んだという昔話から。「猿猴（えんこう）月（つき）を取る」とも読む。
1級,怨女曠夫,えんじょこうふ,結婚するのにふさわしい年齢や能力はあるが、結婚していない人のこと。または、死別や離別をして伴侶のいない人のこと。「怨女」は夫のいない女性。 「曠夫」は妻のいない男性。
1級,烟波縹渺,えんぱひょうびょう,水面がもやなどでぼやけていて、空と水面の境界がよくわからない風景のこと。「縹渺」はぼやけていて、はっきりと区別できない様子。「烟波」は「煙波」、「縹渺」は「縹緲」「縹眇」とも書く。
1級,猿臂之勢,えんぴのいきおい,進退や攻守を自在に変化させることのできる軍隊の体制のこと。または、遠い場所に陣を張ること。 「猿臂」は猿のような長いひじのこと。弓を扱うには長いひじのほうが有利ということから、弓の扱いに長けた人のことをいう。また、長いひじを自在に操るということから、進退や攻守を自在に変えることができることをいう。
1級,偃武修文,えんぶしゅうぶん,世が平和で穏やかなこと。「偃武」は戦を止めて武具を片付けること。 「修文」は学問を修めること。争いがなく学問に努めることができるという意味から。「武を偃（ふ）せて文を修（おさ）む」とも読む。
1級,閻浮檀金,えんぶだごん,質の良い金のこと。「閻浮」は仏教で須弥山のまわりにある四大陸の一つで、南にある大陸の閻浮提のこと。「檀」は川。閻浮提の大木の下にある金塊のことや、その近くにある川の砂金ということから。
1級,厭聞飫聴,えんぶんよちょう,何度も聞きすぎて飽きること。「厭」と「飫」はどちらも飽きるという意味。「聞」と「聴」はどちらも聞くという意味。
1級,婉娩聴従,えんべんちょうじゅう,上品で落ち着いていて、人に優しく、人に素直で逆らわずに従うこと。「婉娩」は上品で素直なこと。 「聴従」は言われたことに素直に従うこと。女性への教えの一つとされた言葉。「婉娩（えんべん）として聴（き）き従う」とも読む。
1級,衍曼流爛,えんまんりゅうらん,悪人が多く世の中全体に蔓延ること。「衍曼」はどこまでも広がる様子。 「流爛」は離れ離れになること。「衍漫流爛」とも書く。
1級,轅門二竜,えんもんにりょう,中国の唐の烏承玭と烏承恩の二人のこと。二人が戦場ですぐれた功績をあげたことを評した言葉。「轅門」は軍営の門のこと。二台の戦車の轅（ながえ）を向かい合わせにして門にしたことから。
1級,厭離穢土,えんりえど,この世は穢（けが）れたものであるとして、嫌い離れること。「厭離」は嫌い離れること。 「穢土」は穢れた土地のこと。仏教の言葉。おもに「厭離穢土、欣求浄土」という形で用いられ、穢れたこの世から離れて極楽往生を願うことをいう言葉。
1級,円顱方趾,えんろほうし,人間のこと。 「円頭」は丸い頭。「方足」は四角い足。古代中国では、頭は天を、足は大地をかたどっており、人と天地は似ている存在と考えられていたことから。「円首方足」「円顱方趾（円顱方址）」「方趾円顱（方址円顱）」ともいう。
1級,嘔啞嘲哳,おうあちょうたつ,乱れていて品がなく、聞き苦しい音。または、幼い子どもの騒々しい声のこと。「嘔啞」は子どもの声のこと。または、騒々しい音のこと。「嘲哳」は調子の外れた聞き苦しい音。
1級,桜花爛漫,おうからんまん,桜の花が開き、鮮やかに咲き乱れている様子。
1級,枉駕来臨,おうがらいりん,"訪問を歓迎する敬語表現。「枉駕」は進路を変えてわざわざ立ち寄ること。「来臨」は来客があることの敬語表現。""わざわざお越しいただきまして""という意味。"
1級,横行闊歩,おうこうかっぽ,威張って自分勝手に歩き回ること。または、自分勝手に振舞うこと。 主に悪人の振舞いのことを言う。「横行」は身勝手に振舞うこと。 「闊歩」は堂々と偉そうに歩き回ること。
1級,横行跋扈,おうこうばっこ,"我が物顔で歩き回り、横暴に振舞うこと。「横行」は身勝手に振舞うこと。 「跋」は飛び越えること。「扈」は水中で魚をとるための""竹がき""のこと。「跋扈」は""魚が竹がきを飛び越える""という意味から、他を無視して横暴な態度を取ること。主に悪人の振舞いのことを言う。"
1級,往事渺茫,おうじびょうぼう,過ぎていった昔のことは、遠くかすんではっきりとしないということ。「往事」は過ぎ去った過去のこと。「渺茫」ははるか遠い様子や広くて果てしない様子のこと。
1級,往事茫茫,おうじぼうぼう,過去の事柄を思い出そうとしても、記憶が薄れていてはっきりとしない様子。「往事」は過ぎ去った過去のこと。「茫茫」はぼんやりとしていてはっきりしない様子。
1級,枉尺直尋,おうせきちょくじん,大きな利益を得るためには、多少の犠牲は仕方ないということのたとえ。または、小さな犠牲で大きな利益を得ることのたとえ。 「枉」は曲げること。「尺」と「尋」はどちらも長さの単位で、八尺＝一尋。一尺分を折り曲げることで、八尺（一尋）を真っ直ぐにできればよいという意味から。
1級,枉法徇私,おうほうじゅんし,自分の利益のために法を変えること。または、法を悪用して利益を得ること。「枉」は曲げること。「徇」は従うこと。「法を枉（ま）げて私（し）に従う」とも読む。
1級,甕牖縄枢,おうゆうじょうすう,貧しく質の悪い家のたとえ。甕（かめ）の口のような小さな窓と、扉の軸となる枢（とぼそ）の代わりとして縄を用いている家ということから。「甕」はかめ、「牖」は窓のこと。また、「甕牖」は割れたかめの口の部分を壁にはめ込んで窓にしたものをいうこともある。「枢」は扉の軸の部分のこと。
1級,王楊盧駱,おうようろらく,唐代初期に活躍した四人のすぐれた詩人のこと。近体詩の確立に貢献した詩の巨匠。「王勃」「楊炯」「盧照鄰」「駱賓王」の四人。
1級,甕裡醯鶏,おうりけいけい,見識が狭く世間の事情がわからない人のたとえ。「甕裡」は甕（かめ）の中のこと。「醯鶏」は酢や酒にわく小さな羽虫のこと。孔子が老子に面会した後に弟子に向かって「私は甕にわく羽虫のようなものだ。老子が甕の蓋を開いて外に出してくれたおかげで、天地の大全を知ることができた。」といった故事から。
1級,恩讎分明,おんしゅうぶんめい,恩とあだをはっきりと区別し、それぞれに必ず報いること。「恩讎」は恩と讎（あだ）。 「分明」ははっきりと区別すること。「恩讐分明」とも書く。
1級,温凊定省,おんせいていせい,親に誠意をもって尽くし、大切にすること。親孝行すること。冬には温かく、夏には涼しくして快適に暮らせるようにし、夜には寝具を整えて朝にはご機嫌をうかがうという意味で、子が親に尽くすべき心がけを説いたもの。「凊」は涼しいという意味。「定」は寝具を整えてよく眠れるようにすること。「省」は省みるという意味から、ご機嫌をうかがうこと。「定省温凊」ともいう。
1級,誨淫誨盗,かいいんかいとう,人を悪事に誘い入れること。「誨」は教えること。「盗」は盗みのこと。「淫」はみだらなこと。盗みや淫らなことを教えるという意味から。もとは「戸締りを怠ることは盗みをけしかけるようなものであり、女性の色気のある仕草は人をみだらな気持ちにさせるようなものである」という戒めの言葉。「誨淫誨盗」ともいう。
1級,海闊天空,かいかつてんくう,性格が大らかでさっぱりしていること。「海闊」は広大な海のこと。 「天空」はすっきりと晴れ渡る広い空のこと。「天空海闊」ともいう。
1級,海市蜃楼,かいししんろう,気象現象の蜃気楼のこと。または、非現実的な考えや根拠のない理論のたとえ。「海市」と「蜃楼」はどちらも蜃気楼（光の異常屈折が原因で遠くのものが浮かんで見えたり逆さに見えたりする現象）のこと。「蜃楼海市」ともいう。
1級,膾炙人口,かいしゃじんこう,多くの人たちの話題となり、人気を集めること。「膾」は生肉を細かく刻んだ食べ物、「炙」は炙り肉のことで、どちらも多くの人がご馳走として好んで食べることから。「人口（じんこう）に膾炙（かいしゃ）する」とも読む。「膾炙人口」ともいう。
1級,喙長三尺,かいちょうさんじゃく,口が達者なことのたとえ。「喙長」はくちばしの長さ。 「三尺」は長いことのたとえ。喙（くちばし）の長さが三尺もあるという意味から。
1級,海底撈月,かいていろうげつ,実現不可能なことに労力を費やして無駄に終わることのたとえ。海面に映っている月をすくい上げようとするという意味から。「撈月」は水中から月をすくい上げること。「海底に月を撈（すく）う」とも読む。
1級,開天闢地,かいてんへきち,天地の始まり。または、過去に一度として起こっていない出来事。 「闢」は開くという意味。中国の伝説の創世神である盤古が、天地を開いたことによって人類の歴史が始まったという伝説から。「天を開き地を闢（ひら）く」とも読む。 「開天辟地」とも書く。「闢地」は「びゃくち」とも読む。
1級,誨盗誨淫,かいとうかいいん,人を悪事に誘い入れること。「誨」は教えること。「盗」は盗みのこと。「淫」はみだらなこと。盗みや淫らなことを教えるという意味から。もとは「戸締りを怠ることは盗みをけしかけるようなものであり、女性の色気のある仕草は人をみだらな気持ちにさせるようなものである」という戒めの言葉。「誨淫誨盗」ともいう。
1級,槐門棘路,かいもんきょくろ,政界の最高幹部のこと。「槐門」は中国の三公の別称。 「棘路」は中国の九卿の別称。中国の周の時代に、君主が朝廷の庭の三公の位置を示す場所に槐の木を植え、九卿の位置を示す場所に棘の木を植えていたということから。
1級,傀儡政権,かいらいせいけん,実権を持たず、他国からの言い分をそのまま受けるだけの政府のこと。「傀儡」は操り人形のことで、相手に動かされるままに動くという意味から。
1級,偕老同穴,かいろうどうけつ,夫婦の仲がいつまでも良好であること。「偕老」は夫婦が一緒に年老いていくこと。 「同穴」は同じ墓に入ること。
1級,薤露蒿里,かいろこうり,人の一生は儚いということのたとえ。または、死者を葬り、見送るための歌。「薤露」は韮に降りた朝露との意味から、すぐに消えてしまうことのたとえ。「蒿里」は中国にある死者の魂が集まるとされる山の名前のことから、墓地のたとえ。中国の斉の田横という人物が、漢の劉邦に仕えることを恥じて自害した。門人がそれを悼んで作った歌を、後に李延年が「薤露曲」と「蒿里曲」の二曲に分けて作曲した。「薤露曲」は王族や貴族、「蒿里曲」は士大夫という身分の人や庶民を葬送するときに用いたといわれている。
1級,柯会之盟,かかいのめい,約束したことを成し遂げ、信義を守り抜いて信頼を得ること。「柯」は中国の地名。中国の春秋時代、斉の桓公は魯の荘公と柯で会合して、侵略して得た土地を返すという約束をして、信義を守って約束を果たして信頼を得たという故事から。「柯盟」と略して使うこともある。
1級,蝸角之争,かかくのあらそい,取るに足らない小さな争いのたとえ。「蝸角」はかたつむりの角のこと。かたつむりの角のように小さく、左右にある国同士が小さな領土を奪い合う争いをしたという故事から。「蝸牛角上の争い」を略した言葉。
1級,呵呵大笑,かかたいしょう,大きな声で思い切り笑うこと。「呵呵」と「大笑」はどちらも大笑いすること。
1級,夏癸殷辛,かきいんしん,暴君のたとえ。古代中国の夏王朝の桀王と殷王朝の紂王のことから。 「癸」は桀王の名前。「辛」は紂王の名前。 桀王と紂王はどちらも暴君として有名。
1級,蝸牛角上,かぎゅうかくじょう,取るに足らない小さな争いのたとえ。「角」はかたつむりの角のこと。かたつむりの角のように小さく、左右にある国同士が小さな領土を奪い合う争いをしたという故事から。「蝸牛角上の争い」を略した言葉。
1級,鶴立企佇,かくりつきちょ,心の底から待ち望むこと。「企」は足のかかとを上げて、つま先で立つこと。 「佇」は待ち望むこと。鶴が首を伸ばしてつま先で立つ姿を、人や物を待ち望んでいる様子にたとえたもの。「鶴企」と略して使うこともある言葉。
1級,家鶏野雉,かけいやち,古いものを嫌って新しいものを好むこと。家で飼っている鶏を嫌って、野生のきじを好むという意味から。中国の晋の時代の書家の庾翼は、世間の評判が書家の王羲之に集まることに嘆いたという故事から。「家鶏を厭い、野雉を愛す」を略した言葉。 「家鷄野雉」とも書く。
1級,歌功頌徳,かこうしょうとく,他人の功績や徳を褒め称えた歌を歌うこと。「歌功」は功績を褒め称えて歌うこと。「頌徳」は徳の高さを褒め称えること。 「功を歌い徳を頌う」とも読む。
1級,華胥之夢,かしょのゆめ,良い夢のこと。 または、昼寝のこと。「華胥」は夢の中にある理想郷。中国の伝説の聖天子の黄帝は、昼寝をしていると華胥という国に行く夢を見た。華胥では、人民に不満などが何も無く、理想的な政治が行われていた。夢から覚めた黄帝は、その国を見習った政治をすると、自国をうまく治めることができたという故事から。
1級,軻親断機,かしんだんき,物事を途中で諦めたり放棄したりしてはいけないという戒めの言葉。特に学問に対して用いられる。「軻親」は孟子（孟軻）の母親。「断機」は織りかけの機（はた）の糸を途中で切ること。孟子が学問を投げ出そうとした際、母親が機の糸を切り、「学問を途中でやめるのは、この織物と同じで未完成のまま無価値になる」と諭したという故事に基づく。
1級,花鳥諷詠,かちょうふうえい,四季の移り変わりなどの自然の世界の事象と、それに影響される人間の世界の事象を、客観的にそのまま詠むべきであるとする俳句の理念の一つ。「花鳥」は『花鳥風月』を略したもので、自然のたとえ。「諷詠」は詩歌を詠ったり作ったりすること。高浜虚子が提唱し、ホトトギス派の基本的な理念となったもの。
1級,隔靴搔痒,かっかそうよう,望みどおりにならないことに苛立（いらだ）ちを覚えること。または、物事の重要な部分に触れることができずに、もどかしいこと。靴の上から、足のかゆい所をかくことから。「靴（くつ）を隔（へだ）てて痒（かゆ）きを搔（か）く」とも読む。「隔靴搔癢」とも書く。
1級,隔靴掻痒,かっかそうよう,望みどおりにならないことに苛立（いらだ）ちを覚えること。または、物事の重要な部分に触れることができずに、もどかしいこと。靴の上から、足のかゆい所をかくことから。「靴（くつ）を隔（へだ）てて痒（かゆ）きを搔（か）く」とも読む。「隔靴搔癢」とも書く。
1級,渇驥奔泉,かっきほんせん,勢いが非常に激しいことのたとえ。または、書の筆遣いに力強さと勢いがあって素晴らしいこと。「驥」は一日で千里の距離を走ることができるとされるすぐれた馬、駿馬のこと。「奔」は非常に速く走ること。のどが渇いて水が飲みたい駿馬が全力で泉に向かって走るという意味から。中国の唐の時代の徐浩の書を言い表した言葉から。「渇驥（かっき）泉（いずみ）に奔（はし）る」とも読む。
1級,恪勤精励,かっきんせいれい,全力を尽くして仕事や勉学に励むこと。「精励」は全力で物事を行うこと。 「恪勤」は真剣に物事を行うこと。「恪勤精励」ともいう。
1級,闊達自在,かったつじざい,心が広く、小さなことにこだわらないこと。「闊達」は心が広いこと。「自在」は何ものにも縛られず、心のままであること。「豁達自在」とも書く。
1級,豁達大度,かったつたいど,心が広く、小さなことにこだわらないこと。または、隠し事などなく、ありのままの性格で、包容力があること。「豁達」と「大度」はどちらも心が広いということ。
1級,豁然大悟,かつぜんたいご,迷いや疑いがなくなって真理を悟ること。「豁然」はからっと開けるということから、迷いや疑いなどがすっきりと晴れるということ。「大悟」は悟りを得ること。
1級,刮目相待,かつもくそうたい,人の著しい進歩や成長を待ち望むこと。または、今までとは違う見方をして、相手のことを見直すこと。「刮目」は目をこすった後に、しっかりと見開いて見ること。中国の三国時代、呉の孫権に忠告された呂蒙は勉学に勤しみ、その進歩の速さに魯粛は驚き、それに対して呂蒙は、「男子たるもの別れて三日たてば刮目して見なければならない」と言ったという故事から。「刮目（かつもく）して相待（あいま）つ」とも読む。
1級,華亭鶴唳,かていかくれい,栄華を極めた昔のことを懐かしみ、衰退した現状を嘆くこと。「華亭」は地名。 「鶴唳」は鳥の鶴の鳴き声。中国の西晋の時代の陸機は、讒言によって処刑される寸前に、故郷である華亭で鶴の鳴き声を聞く楽しみを思い出して嘆いたという故事から。
1級,禍福倚伏,かふくいふく,災いと幸せは交互にやってくるということ。「禍福」は災いと幸せ。 「倚伏」は交互に起こるということ。災いには幸せが寄り添っていて、幸せには災いが潜んでいるという意味から。
1級,苛斂誅求,かれんちゅうきゅう,税金や年貢を手加減せずに、厳しく取り立てること。「苛斂」と「誅求」はどちらも厳しく責めて取り立てるという意味。同じ意味の言葉を重ねて強調した言葉。
1級,夏鑪冬扇,かろとうせん,時期が合わず、役に立たないものや、無用な意見や才能のこと。または、今は不要でも適切な時期が来れば役に立つようになること。君主からの愛情や信用を失ったものや、恋人に捨てられた女性などを指す場合もある。「夏鑪」は夏の火鉢や囲炉裏、「冬扇」は冬の扇のことで、どちらも季節外れであることから。「夏鑪」は「夏炉」とも書く。 「冬扇夏鑪（夏炉）」ともいう。
1級,檻猿籠鳥,かんえんろうちょう,自由を奪われて自分の好きなように生きることが出来ない境遇のたとえ。籠の中の鳥と檻の中の猿という意味から。 「檻猿籠鳥」ともいう。
1級,干戈倥偬,かんかこうそう,いつも戦争をしていて休む暇がないこと。「干戈」は盾と矛のことで、戦争のたとえ。 「倥偬」は忙しい様子。
1級,鰥寡孤独,かんかこどく,親族が誰もいなくさびしいこと。「鰥」は年をとって妻がいなくなった夫。「寡」は年をとって夫がいなくなった妻。 「孤」は親がいない子ども。「独」は子どもがいない老人。 全て身寄りのないさびしい人を言い表す言葉。「矜寡孤独」とも書く。
1級,轗軻不遇,かんかふぐう,すぐれた才能を持ちながら、世に受け入れられないこと。または、物事が思い通りにいかず、地位や境遇に恵まれないこと。「轗軻」は道が悪く車がうまく進めないことから転じて、物事が思い通りにいかないことのたとえ。
1級,侃侃諤諤,かんかんがくがく,相手に遠慮することなく、激しく議論を戦わせる様子。または、遠慮することなく、自分が思っていることをはっきりと言うこと。「侃侃」は心が強く、信念を曲げることがないこと。「諤諤」は思っていることをはっきりと言うこと。「侃々諤々」とも書き、「侃諤」と略すこともある。
1級,関関雎鳩,かんかんしょきゅう,夫婦の仲がよいこと。「関関」は鳥がむつまじく鳴く声のたとえ。 「雎鳩」は水鳥のみさごの別名。みさごのつがいが、仲良く和らいで鳴き交わしているということから。
1級,歓喜抃舞,かんきべんぶ,思いっきり喜ぶこと。「抃舞」は手を打ち鳴らして踊ること。
1級,管窺蠡測,かんきれいそく,見識が非常に狭いこと。または、狭い見識で物事の全体を判断すること。「管窺」は管を通して空を見ること。「蠡測」はほら貝の貝殻で海の水の量を量ること。「管蠡」と略して使うこともある言葉。「管（かん）もて窺（うかが）い蠡（れい）もて測る」とも読む。
1級,関雎之化,かんしょのか,夫婦の仲がよく、家庭が穏やかなこと。「関雎」は『詩経』の中にある篇の名前。周の文王と后妃の睦まじい夫婦の徳を詠じたもので、その徳に影響を受けて、どの家庭も穏やかになるという意味から。
1級,韓信匍匐,かんしんほふく,将来的な目的を果たすために、恥辱や苦労を耐えることのたとえ。「韓信」は人の名前。韓信は背が高く、大きな剣を持っていたために、「立派な剣を持っているが臆病者だ。やれるものなら剣で突いてみろ。出来なければ股の下をくぐれ。」と挑発され、恥に耐えて股の下をくぐった。後に漢の劉邦に仕え、王朝を建国するときに大きな功績を上げ、名将として三傑と称されるまでになったという故事から。
1級,甘井先竭,かんせいせんけつ,才能がある人ほど、衰退するのが早いということのたとえ。「甘井」はうまい水の出る井戸。うまい水が出る井戸は、人がより多く集まるために、先に水がなくなるということから。「甘井（かんせい）、先（ま）ず竭（つ）く」とも読む。
1級,干戚羽旄,かんせきうぼう,武の舞と文の舞のこと。「干戚」は盾と斧などの武器を持って舞う、武の舞のこと。「羽旄」は鳥の雉の羽と、牛の旄牛の尾を飾った旗を持って舞う、文の舞のこと。
1級,邯鄲之歩,かんたんのほ,他人の真似をしたがうまくいかず、自分自身の本来のものを忘れ、どちらもうまくいかなくなること。「邯鄲」は中国の地名。中国の戦国時代、燕の田舎に住む青年が趙の都の邯鄲に行って、都会の人たちの歩き方を真似しようとしたが、それに失敗して今までの自分の歩き方を忘れて這って帰ったという故事から。
1級,邯鄲之夢,かんたんのゆめ,人の世界での繁栄は儚いということのたとえ。または、人の人生が儚いことのたとえ。 「邯鄲」は中国の町の名前。唐の盧生という人が、旅の途中の邯鄲の町で、道士から出世が叶うという枕を借りて寝ると、出世して財力や権力を手に入れる夢を見た。目が覚めると、宿の主人に頼んでいた、粟のかゆが出来上がっていないほどのわずかな時間しか過ぎていなかったという故事から。
1級,寒煖饑飽,かんだんきほう,普段の生活で感じる苦楽のこと。寒さや暖かさ、空腹や満腹ということから。 「饑飽」は空腹と満腹のこと。「寒暖饑飽」とも書く。
1級,奸知術数,かんちじゅっすう,悪い知恵や策略。悪だくみ。「奸知」は邪悪な知恵。 「術数」は策略のこと。 「姦知術数」とも書く。
1級,旱天慈雨,かんてんじう,辛い状況の時に助けや援助を受けること。または、待ち望んだものが手に入ったり、実現したりすること。「旱天」は日照りが続いて旱魃になること。旱魃で困っているときの恵みの雨ということから。 「干天慈雨」とも書く。
1級,撼天動地,かんてんどうち,目を見張るほど活動が立派なこと。または、音や声、勢いなどが大きいことのたとえ。または、世の人々を驚かせる大きな出来事のたとえ。「撼」は動かすという意味。 天地を揺り動かすという意味から。
1級,甘棠之愛,かんとうのあい,すぐれた為政者を人々が慕う気持ちが深いこと。「甘棠」はからなし、りんごの木のこと。中国の周の召公は、善政を行った立派な為政者として人々に慕われ、召公が木蔭で休んだりんごの木を大切にして、いつまでも召公を忘れなかったという故事から。
1級,環堵蕭然,かんとしょうぜん,狭く質素でみすぼらしい家の様子。「環堵」は家を囲む垣根のこと。または小さく狭い家のこと。「堵」は長さの単位で、一説に約二・二メートルとされるが諸説ある。「蕭然」は寂しい様子。
1級,艱難辛苦,かんなんしんく,困難な状況に苦しみ悩むこと。「艱」と「難」はどちらも苦しむことや悩むこと。「辛苦」は苦しみ悩みのこと。 似た意味の言葉を重ねて強調したもの。「辛苦艱難」ともいう。
1級,奸佞邪智,かんねいじゃち,性格がひねくれていて、悪知恵がはたらくこと。「奸佞」は心がひねくれていて悪賢く、人にこびへつらうこと。「邪智」は悪いことにだけよく働く知恵。「奸佞」は「姦佞」とも、「邪智」は「邪知」とも書く。「邪智奸佞」ともいう。
1級,銜尾相随,かんびそうずい,一列に連なって、切れ目なく進む様子。「銜尾」は後ろの馬が前の馬の尾を口にくわえること。「相随」は前のものについていくこと。狭く険しい山道などで、まるで前の馬の尾を後ろの馬が口にくわえるように、一列に連なって進むという意味から。「銜尾（かんび）相随（あいしたが）う」とも読む。
1級,勧百諷一,かんぴゃくふういつ,役に立ったり利益になることがあまりなく、悪影響を与えたり損害になったりすることのほうが多いこと。言葉や文章についていう言葉。元は百の贅沢を勧めて、一の節約をするということを遠回しに諫（いさ）めた言葉。「百（ひゃく）を勧（すす）めて一（いつ）を諷（ふう）す」とも読む。
1級,管鮑之交,かんぽうのまじわり,お互いのことを理解しあっていて、利害を超えた親密な友情のこと。「管」は管仲、「鮑」は鮑叔牙、どちらも古代中国の人の名前。中国の春秋時代、斉の鮑叔牙と管仲は幼い頃からの親友で、二人は違う王子に仕え、王子の後継者争いで鮑叔牙が仕える桓公が勝った。桓公は敵対した管仲を殺そうとしたが、鮑叔牙は臣下に迎えるように桓公を説得し、後に宰相となった管仲と、その補佐になった鮑叔牙の力によって斉は大きな国になった。鮑叔牙の死後、管仲は墓前で、「私を生んだのは両親だが、私を理解しているのは鮑叔だった」と言い、互いに互いの厚意を感謝し、二人の関係はいつまでも変わらなかったという故事から。
1級,蓋瓦級甎,がいがきゅうせん,屋根を覆っている屋根瓦と階段に敷かれている敷き瓦のこと。「蓋瓦」は屋根を覆っている屋根瓦。蓋は覆うという意味。「級甎」は階段に敷かれている敷き瓦。級は階段、甎は敷き瓦。
1級,睚眥之怨,がいさいのうらみ,ほんの少しの怨みのこと。「睚」と「眥」はどちらもにらむという意味で、にらまれたときに抱くわずかな怨みのことから。
1級,亥豕之譌,がいしのか,文字を書き間違えること。「亥」と「豕」は文字の形が似ていて書き間違えやすいことから。「譌」は誤りという意味。
1級,磑風舂雨,がいふうしょうう,物事の起こる前触れ。「磑風」は石臼を回すように、羽虫などの虫が回るように飛び回れば風が吹くという言い伝えのこと。「舂雨」はきねでつくように、羽虫などの虫が上下に飛び回ると雨がふるという言い伝えのこと。
1級,諤諤之臣,がくがくのしん,相手に対して控えることなく、正しいと思うことをはっきりと言う人のこと。「諤諤」は遠慮せずに思ったことをはっきり言うこと。
1級,画脂鏤氷,がしろうひょう,苦労したわりに大した成果を得られないこと。または、意味のないことに力を使うことのたとえ。あぶらに絵を描いて、氷に彫刻をするということで、どちらも残らずに消えてしまうという意味から。「脂（あぶら）に画（えが）き氷に鏤（ちりば）む」とも読む。「画脂鏤冰」とも書く。
1級,画竜点睛,がりょうてんせい,物事の一番重要な部分のこと。または、最後の仕上げに手を加える重要な部分のこと。「画竜」は絵の竜。「点睛」は目を描くこと。「画竜点睛を欠く」と用いれば、他の部分は良い出来だが最後の部分が物足りないという意味となる。南朝梁の画家の張僧繇が、安楽寺の壁に竜の絵を描いたが、目を描くと絵から出て飛び去ってしまうといって目を描かなかった。その話を信用しなかった人たちが、無理やり目を描かせたところ本当に竜が飛び去ってしまったという故事から。「竜（りょう）を画（えが）いて睛（ひとみ）を点（てん）ず」とも読む。
1級,銜哀致誠,がんあいちせい,悲しみと誠意を持って死者を弔うこと。哀悼の気持ちを持って、真心を捧げるという意味から。「哀を銜（ふく）み誠を致す」とも読む。
1級,含英咀華,がんえいしょか,文章のよい部分をしっかりと味わって、それを理解して身に付けること。「含」は口に含むこと。 「英」と「華」はどちらも花のこと。「咀」はよく味わうこと。すぐれた文章を花にたとえた言葉で、花を口に含んで味わうという意味から。「英（えい）を含み華（か）を咀（くら）う」とも読む。
1級,頷下之珠,がんかのしゅ,手に入れるのが難しく、非常に貴重なもののたとえ。「頷下」は顎の下。 「珠」は宝石。黒い竜の顎の下にあるとされている宝石のことで、命をかけなければ取ることができない宝石ということから。
1級,眼光炯炯,がんこうけいけい,目が鋭く光る様子。「眼光」は目の光。または、物事の本質を見抜く能力のこと。「炯炯」は鋭く輝くこと。物事の真実を見抜いているような、人を圧倒する目をいう。
1級,顔厚忸怩,がんこうじくじ,恥ずかしいと深く感じること。「顔厚」は厚かましいこと。「忸怩」は自分の行いを恥ずかしいと感じること。どれだけ厚かましい人でも恥ずかしいと感じるという意味から。「顔厚にして忸怩たる有り」を略した言葉。
1級,翫歳愒日,がんさいかいじつ,無為に日々を過ごすこと。「翫」と「愒」はどちらも貪（むさぼ）るという意味。人々を治める者が行ってはならないことを述べたもの。「歳を翫（むさぼ）り日を愒（むさぼ）る」とも訓読する。
1級,頑廉懦立,がんれんだりつ,立派な人物からよい影響を受けて、悪い人もよくなっていくということ。「頑」は強欲なこと。 「廉」は心に汚れが無く清らかなこと。「懦」は物事を遣り通す気構えがないこと。 「立」は目標を持つこと。立派な人物からよい影響を受けて、欲深い人も清く正しい心になり、意気地のない人も奮起して目標を持つということから。「伯夷の風（ふう）を聞く者は、頑夫も廉に、懦夫（だふ）も志を立つる有り」から。伯夷は、周の時代の隠者で、清い心を持った立派な人物とされる。
1級,既往不咎,きおうふきゅう,過去のことはもう咎（とが）めないということ。「既往」はすんでしまったこと、「不咎」は咎めないという意味。
1級,鬼瞰之禍,きかんのわざわい,良い出来事には邪魔が入りやすいことのたとえ。または、富み栄えているときに付け上がっていると、周りから妬まれて災いを受けることのたとえ。「瞰」は隙を狙う、もしくは窺うという意味。富裕な家に災いを下そうとして、邪鬼が隙を狙っているという意味から。
1級,騏驥過隙,ききかげき,一瞬の出来事のこと。または、時の経過が非常に速いことのたとえ。「騏驥」は一日で千里を走りきるといわれる駿馬。「過隙」は戸の隙間の向こう側をすっと走り抜けること。戸の隙間の向こう側を走り抜ける駿馬の姿を見ることができるわずかな時間という意味から。元は人の命のはかなさや短さを嘆いた言葉。
1級,熙熙壌壌,ききじょうじょう,人が多くて活気のある様子。または、多くの人々がにぎやかに行き交う様子。 「熙熙」は喜び楽しむこと。「壌壌」はたくさんの人が入り乱れる様子。 「熙熙攘攘」とも書く。
1級,崎嶇坎軻,きくかんか,才能がありながら機会に恵まれず、目指していた地位や役職に就くことができないこと。「崎嶇」は山道の傾斜が厳しい様子のことで、人生の難儀な様子のたとえ。「坎坷」は機会に恵まれず、志を得ることができない様子。「坎坷」は「坎軻」や「轗軻」とも書く。
1級,崎嶇轗軻,きくかんか,才能がありながら機会に恵まれず、目指していた地位や役職に就くことができないこと。「崎嶇」は山道の傾斜が厳しい様子のことで、人生の難儀な様子のたとえ。「坎坷」は機会に恵まれず、志を得ることができない様子。「坎坷」は「坎軻」や「轗軻」とも書く。
1級,危言覈論,きげんかくろん,正しいと思う主張について激しく議論を戦わせること。「危言」は自身の身が危険な状況になることを気にかけずに、自分の考えをはっきりと言うこと。「覈論」は激しく論じること。
1級,跂行喙息,きこうかいそく,主に虫や鳥の類のことで、生き物のそのもののこと。「跂行」は虫などがはうことや足で歩くこと。「喙息」は口で息をするものということから。
1級,鬼哭啾啾,きこくしゅうしゅう,恐ろしく不気味な気配のこと。「鬼哭」は亡霊が声を上げて泣き悲しむこと。「啾啾」は弱弱しく鳴く様子のこと。亡霊の恨めしげな鳴き声が響くという意味から。
1級,旗幟鮮明,きしせんめい,自分の主義や持論、立場がはっきりとしていること。「旗幟」は旗とのぼりという意味から、主義や持論などのたとえ。「鮮明」ははっきりと区別できること。
1級,杞人天憂,きじんてんゆう,必要のない心配をすること。「杞人」は古代中国の周の時代にあった杞という国の人。「天憂」は天のことを心配すること。杞の国の人が天が崩れて落ちてきたらと考え、心配していたという故事から。「杞憂」という言葉は、この言葉を略したもの。「杞人（きひと）、天を憂う」とも読む。
1級,羈紲之僕,きせつのぼく,主君の旅の供をする人のこと。従者や随行者のことを謙っていう言葉。「羈」は馬の顔に付けるおもがい、「紲」は馬の手綱のことで、主人の馬車を操る従者という意味から。「羈絏之僕」とも書く。
1級,鞠躬尽瘁,きっきゅうじんすい,国のために命を懸けて尽くすこと。「鞠躬」は身を低くしてかしこまること。「尽瘁」は自分のことをかえりみずに、全力をつくすこと。
1級,驥服塩車,きふくえんしゃ,すぐれた能力を持った人が、能力に見合わない低い地位にいたり、誰でも出来るような仕事をさせられること。「驥服」は一日で千里走るとされるすぐれた馬に車を引かせること。塩を運ぶための車を名馬に引かせるということから。「驥（き）、塩車（えんしゃ）に服（ふく）す」とも読む。
1級,九棘三槐,きゅうきょくさんかい,政界の最高幹部のこと。「三槐」は中国の三公の別称。 「九棘」は中国の九卿の別称。中国の周の時代に、君主が朝廷の庭の三公の位置を示すところに槐の木を植え、九卿の位置を示すところに棘の木を植えていたことから。「九棘三槐」ともいう。
1級,鳩居鵲巣,きゅうきょじゃくそう,他人の地位や成功を横取りすること。または、嫁いできた女性が夫の家をわが家とすることのたとえ。巣作りが得意な鵲（かささぎ）の巣に鳩（はと）が住み着くことから。「鵲巣鳩居」ともいう。
1級,躬行実践,きゅうこうじっせん,理論などを自らの力で実際に実行してみること。「実践」は実際にやってみること。 「躬行」は自分の力で行うこと。口だけではなく実際にやってみることの大切さをいう言葉。「躬行実践」ともいう。
1級,泣斬馬謖,きゅうざんばしょく,法や規律を私情で曲げるべきではないということのたとえ。または、大きな目的を果たすために私情を捨てること。最も信頼している部下でも、法や規律を犯せば処罰するという意味から。「馬謖」は中国の三国時代の人の名前。中国の三国時代の蜀の諸葛亮が信頼を置いていた馬謖は、命令違反をして敗退したために、私情を捨て、涙をのんで軍規に従い処刑したという故事から。「泣いて馬謖を斬る」とも読み、この形で使うことが多い言葉。
1級,宮車晏駕,きゅうしゃあんが,天子が死ぬこと。 「宮車」は天子の車。「晏駕」は夜になって霊柩車が墓に向かって出発すること。天子が朝廷に来ないことを、夜になれば来るだろうと願う臣下の心情を表したという説もある。
1級,窮途之哭,きゅうとのこく,貧しくて生活に苦しみ、悲しむこと。「窮途」は行き止まりの道という意味から、苦しい状況のこと。「哭」は悲しんで声を上げて泣くこと。中国の晋の阮籍が行き止まりで進めずに嘆き悲しんだという故事から。
1級,朽木糞牆,きゅうぼくふんしょう,やる気がなく、だらしない人を教育することはできないということのたとえ。または、役に立たないもののたとえ。腐ってぼろぼろになった木と土壁ということで、腐った木材に彫刻することはできず、腐った土壁に上塗りをすることはできないという意味。「朽木は雕（ほ）るべからず、糞土の牆は杇（ぬ）るべからず」から。
1級,矯枉過直,きょうおうかちょく,物事を正そうとして、やりすぎてしまえば、新しい偏向や損害を招くということ。曲がっているものをまっすぐにしようとして、力を入れすぎて、逆の方向に曲がってしまうという意味から。「枉（まが）れるを矯（た）めて直（なお）きに過（す）ぐ」とも読む。
1級,跫音空谷,きょうおんくうこく,人のいない場所での寂しい生活の中で予想外の訪問や便りのたとえ。または、孤立した状態での自分の意見に賛同する人を得た時に用いる言葉。「空谷」は人気のない寂しい谷のこと。 「跫音」は足音のこと。「跫音空谷」ともいう。
1級,兢兢業業,きょうきょうぎょうぎょう,恐れ慎んで物事を行う様子。「兢兢」は恐怖や不安などで小刻みに震える様子。「業業」は失敗しないかと心配すること。物事を行うときには、用心深く行うべきであるという教えをいう。
1級,恐懼感激,きょうくかんげき,嬉しさのあまりに、恐れかしこまりながらも喜ぶこと。「恐懼」は恐れ慎むこと。 恐れ敬う相手から厚意を受けた時などに使う言葉。
1級,薑桂之性,きょうけいのせい,年老いて、さらに剛直になることのたとえ。または、人の性格は簡単には変わらないということ。 「薑」は生姜のこと。「桂」は肉桂のこと。生姜も肉桂も、古いものほど辛くなっていくということから。
1級,狂言綺語,きょうげんきご,事実のように作り上げていたり、文章を飾るだけで内容の無い文章や小説を卑しめていう言葉。「狂言」は道理に外れた言葉。 「綺語」はうまく飾った言葉。
1級,恐惶謹言,きょうこうきんげん,恐れ慎んで、申し上げること。「恐惶」は恐れかしこまった態度をとること。「謹言」は慎んで言うということ。文章や手紙の終わりに書いて、相手に敬意を示す言葉。
1級,匡衡壁鑿,きょうこうへきさく,貧しい生活をしながら勉学に励むこと。苦学のたとえ。「匡衡」は中国前漢の学者の名前。 「壁鑿」は壁に穴を開けること。匡衡は幼い頃家庭が貧しく灯火の油を買うことができなかったため、壁に穴を開け隣家の明かりで勉学に励んだという故事から。
1級,驕奢淫逸,きょうしゃいんいつ,偉そうに振る舞って贅沢な暮らしをして、女性に溺れること。または、その様子。 「驕奢」は調子に乗って贅沢をすること。「淫逸」は性的に乱れた暮らしをすること。 「驕奢淫佚」とも書く。
1級,拱手傍観,きょうしゅぼうかん,何もせずにただ近くで見ること。「拱手」は古代中国の敬礼のことで、手を胸の前で合わせて重ねる動作ということから、腕を組んで何もしないことをいう。「傍観」は近くで何もせずに見ること。「手を拱（こまね）いて傍（かたわ）らで観る」とも読む。「拱手旁観」とも書く。
1級,驚心動魄,きょうしんどうはく,人を心の底から深く感動させること。人の心を動かして、魂を振るわせるという意味から。「心を驚（おどろ）かし魄（たましい）を動かす」とも読む。
1級,協心戮力,きょうしんりくりょく,力を合わせて一致協力して物事に取り組むこと。「戮」と「協」はどちらも合わせるという意味で、似た意味の言葉を重ねて強調した言葉。「協心戮力」ともいう。
1級,驕兵必敗,きょうへいひっぱい,敵を侮って、うぬぼれた軍隊は確実に敗北するということ。「驕兵」は国力や数が多いことに慢心している軍隊。「驕兵（きょうへい）は必ず敗（やぶ）る」とも読む。
1級,嚮壁虚造,きょうへききょぞう,実在しないものを存在するかのように捏造すること。壁と向き合って、頭の中で思い浮かべて存在しないものを作るという意味から。中国の漢の時代、孔子が以前に住んでいた壁からでた古文の経書について、当時の人々が偽物だと評した言葉から。「壁に嚮（むか）って虚造（きょぞう）す」とも読む。
1級,狂瀾怒濤,きょうらんどとう,ひどく乱れている様子。「狂瀾」と「怒濤」はどちらも荒れ狂った大きな波のこと。主に世の中や時代の情勢を言い表す言葉。
1級,曲水流觴,きょくすいりゅうしょう,曲がりくねった小さな川の上流に、酒の入った杯を浮かべ、自分の前を流れていってしまう前に詩を作って、杯の酒を飲むという風流な遊びのこと。「觴」は杯のこと。 「曲水」は曲がりくねっている小川のこと。中国では陰暦の三月三日に行われた風習で、晋の王羲之が会稽の蘭亭で行ったものが有名。日本では奈良時代や平安時代に行われ、曲水の宴と呼ばれた。「曲水流觴」ともいう。
1級,曲突徙薪,きょくとつししん,未然に災難を防ぐこと。 「突」は煙突のこと。「徙」は移すこと。場所を変えること。かまどの煙突の近くに薪（まき）を積んでいては火事になるので、煙突を安全な方向に曲げ、薪をかまどから離れた場所に移動して火事を防ぐことから。「徙薪曲突」ともいう。
1級,虚静恬淡,きょせいてんたん,私心や私欲が全くなく、心が落ち着いていること。「虚静」は心の中に不信や疑念などがなく、落ち着いていること。「恬淡」は私欲がなく、あっさりとしていること。「虚静恬澹」とも、「虚静恬憺」とも書く。
1級,虚無縹渺,きょむひょうびょう,何もなく、どこまでも広がっている風景を言い表す言葉。「虚無」は何もないこと。 「縹渺」は遠くはっきりと見えないこと。「虚無縹緲」とも、「虚無縹眇」とも書く。
1級,毀誉褒貶,きよほうへん,ほめることとけなすこと。または、ほめる人もいればけなす人もいるという意味から、世間の評判のこと。「毀」と「貶」はどちらも欠点を悪く言う、非難するという意味。「誉」と「褒」はどちらもほめるという意味。同じような意味の言葉を重ねて強調した言葉。
1級,騎驢覓驢,きろべきろ,すでに自分が持っているものを、わざわざ他のところで手に入れようとする愚かさのこと。「驢」はろばのこと。 「覓」は手に入れるために探すこと。仏教の言葉で、ろばに乗ってろばを探すという意味から。「驢（ろ）に騎（き）して驢（ろ）を覓（もと）む」とも読む。
1級,金甌無欠,きんおうむけつ,何一つ欠けていることがない、完璧なこと。または、一度も侵略されたことがない国のたとえ。「金甌」は黄金で出来た瓶のことで、国や天子のたとえ。全く欠けていない黄金の瓶ということから。「金甌（きんおう）欠（か）くる無し」とも読む。
1級,金塊珠礫,きんかいしゅれき,贅沢を極めること。「塊」は土のかたまりのこと。 「礫」は小石のこと。金を土のように扱い、宝石を小石のように扱うということから。「金をば塊（かい）のごとく珠（たま）をば礫（こいし）のごとくす」とも読む。
1級,槿花一朝,きんかいっちょう,人の栄華は儚いということのたとえ。「槿花」は植物のむくげの花のこと。むくげの花は朝に咲いて、夕方には散ってしまうということから。「槿花一朝の夢」という形で使うことが多い言葉。
1級,巾幗之贈,きんかくのぞう,意気地なしで臆病なことをはずかしめる言葉。「巾幗」は女性用の髪飾り。中国の三国時代、蜀の諸葛亮は魏へ攻めたが、魏の司馬懿は城に立てこもって戦おうとしなかった。諸葛亮は女性用の髪飾りを司馬懿に贈って、臆病で女々しいことをはずかしめたという故事から。
1級,緊褌一番,きんこんいちばん,気持ちを引き締めて、油断せずに物事に向かうこと。「緊褌」はふんどしを引き締めること。 「一番」は重要な場面のこと。難しいことや大勝負の前の心構えをいう言葉。
1級,琴瑟相和,きんしつそうわ,夫婦の仲がよいこと。 「瑟」は大型の琴。琴と瑟は合奏するとよく調和することから、夫婦仲のよさを琴と瑟の調和にたとえた言葉。夫婦以外にも、兄弟や友人との仲が良いこともいう。「琴瑟（きんしつ）相（あい）和（わ）す」とも読む。
1級,擒縦自在,きんしょうじざい,自分の好きなように人を処遇すること。「擒」は捕まえること。 「縦」は逃がすこと。捕まえるのも逃がすのも思いのままという意味から。
1級,禽獣夷狄,きんじゅういてき,中国からみた異民族の蔑称。「禽獣」は鳥と獣のこと。 「夷狄」は野蛮な人のこと。
1級,疑雲猜霧,ぎうんさいむ,周囲の人々の疑惑や嫉妬が、雲や霧がかかっているかのように晴れないこと。「疑」は疑うこと。「猜」は嫉妬すること。疑ったり妬んだりする周囲の人々の気持ちを雲や霧がかかってすっきりとしない様子に例えた言葉。
1級,巍然屹立,ぎぜんきつりつ,人並みはずれてすぐれている人のこと。または、山や建物が一際高く立っていること。「巍然」は山がとても大きく高い様子。 「屹立」は一際高く立っていること。「巍然（ぎぜん）として屹立（きつりつ）す」とも読む。
1級,牛驥同皁,ぎゅうきどうそう,すぐれている人と愚かな人が同じ待遇を受けること。「驥」は一日で千里の距離を走ることができるすぐれた馬。「皁」は牛や馬の餌を入れる飼い葉桶のこと。牛とすぐれた馬が同じ飼い葉桶で餌を食べるということから。「牛驥皁を同じうする」とも訓読する。
1級,牛溲馬勃,ぎゅうしゅうばぼつ,役に立たないもののこと。「溲」は尿、小便。 「勃」は糞、大便。 牛の尿と馬の糞という意味から。また一説には、「牛溲」は利尿作用があるとされる薬草のおおばこのこと。「馬勃」は簡単に入手できるきのこの一種のほこりたけのこと。どちらも貴重ではなく、大して役に立たないものという意味から。「牛溲馬渤」とも書く。
1級,仰観俯察,ぎょうかんふさつ,目に入るさまざまな物や現象を観察すること。上を見上げては空に起こる現象を観察し、下を見ては土地の様子を観察するという意味から。「俯察仰観」ともいう。
1級,澆季溷濁,ぎょうきこんだく,思いやりなどの人らしい感情が薄くなり、善悪や正邪の基準がおかしくなって、世の中が乱れること。「澆季」はこの世の終わりのような、道徳や人情が乱れた世の中のこと。「溷濁」は濁るや、汚れるということ。 「澆季混濁」とも書く。
1級,澆季末世,ぎょうきまっせ,人々の心が荒れ果てた末の世。「澆季」と「末世」は、この世の終わりのような、道徳や人情が乱れた世の中のこと。
1級,仰天不愧,ぎょうてんふき,天に恥じるようなやましいことが何もないということ。「天（てん）を仰（あお）ぎて愧（は）じず」とも読む。
1級,玉石混淆,ぎょくせきこんこう,良いものと悪いもの、または価値の高いものと低いものが混在していることのたとえ。「玉石」は宝石と石のことから、優れている人と劣った人、または、良いものと悪いもののたとえ。「混淆」は様々なものが入り混じること。宝石とただの石が入り混じっているという意味から。 「玉石混交」とも書く。
1級,玉石同匱,ぎょくせきどうき,すぐれているものも、劣っているものも同じように扱われること。「匱」は大きな木箱のこと。大きな木箱に宝石と石を一緒に入れるということから。「玉石（ぎょくせき）匱（き）を同じくす」とも読む。
1級,玉蟾金兎,ぎょくせんきんと,月の別名。「玉蟾」は月に住むといわれるひきがえる。「金兎」は月に住むといわれる兎。 どちらも月の別名。
1級,玉兎銀蟾,ぎょくとぎんせん,月の別名。「玉兎」は月にいるとされている兎。「銀蟾」は月にいるとされているひきがえる。 どちらも月の別名。
1級,魚爛土崩,ぎょらんどほう,国家や物事が内側から壊れてなくなること。「魚爛」は魚が内臓から腐ること。 「土崩」は積み上げた土が崩れること。「土崩魚爛」ともいう。
1級,空谷跫音,くうこくのきょうおん,人のいない場所での寂しい生活の中で予想外の訪問や便りのたとえ。または、孤立した状態での自分の意見に賛同する人を得た時に用いる言葉。「空谷」は人気のない寂しい谷のこと。 「跫音」は足音のこと。「跫音空谷」ともいう。
1級,苦心惨憺,くしんさんたん,心を砕きながら、さまざまな苦労や努力を重ねること。「苦心」は苦労して考えること。 「惨憺」は心を砕き、悩むこと。「苦心惨澹」とも書く。
1級,狗吠緇衣,くはいしい,いつもと違う服を着ていれば、怪しまれることは当たり前のことだということ。「狗吠」は犬が吠えることやその鳴き声。 「緇衣」は黒い色の服のこと。楊布が白い服で出かけたが雨に降られたので、黒い服に着替えて帰ると、飼っている犬に吠えられたという故事から。
1級,狗尾続貂,くびぞくちょう,つまらない者が、権力で次々と高官になることを罵る言葉。または、劣った者がすぐれた者のあとに続くこと。「狗尾」は犬の尾、「貂」は動物のてんのことで、昔は高官の冠にてんの尾を飾っていた。晋の趙王倫が力を得て、一族をみな高官にして、てんの尾で飾った冠をつけたために、てんの尾が足りなくなって、犬の尾で飾らないといけなくなると人々が罵った故事から。
1級,区聞陬見,くぶんすうけん,学問や知識の幅が狭くて偏っていること。「区」は細かい、小さいという意味。 「陬」は偏っていること。自分の知識を謙遜する場合に使うこともある。
1級,君恩海壑,くんおんかいがく,君主から受けた恩は、海や谷のように深いこと。「君恩」は君主からの恩。 「海壑」は海と谷。海や谷のように深い恩ということから。
1級,葷酒山門,くんしゅさんもん,匂いの強い食べ物や酒を寺院に持ち込んだり、そのような物を飲食した者は、寺院に入ってはいけないという戒め。「葷」はにらやねぎ、にんにくなどの強い匂いを発する野菜のこと。「酒」は酒のことで、どちらも修行の邪魔になり、不浄のものとされている。「山門」は寺院の門や、寺院そのもののこと。主に禅寺の門の脇に設置されている石碑に、「不葷酒入山門」と刻まれていて、その言葉を略した言葉。
1級,群蟻附羶,ぐんぎふせん,利益が発生するところに、人々が群がることを卑しむ言葉。「羶」は生臭いことで、生臭い肉に蟻が集まるということから。「群蟻羶に附く」とも訓読する。 「群蟻付羶」とも書く。
1級,閨英闈秀,けいえいいしゅう,非凡な女性。才能豊かな女性。「閨」は女性の寝室、「闈」は後宮、または奥座敷のことで、どちらも女性のいる場所であることから、女性のたとえ。「英」と「秀」は秀でた才能を持つ人のこと。
1級,経営惨憺,けいえいさんたん,いろいろなことに苦心して、心を悩ませながら計画して営むこと。「経営」は目的のために考えて準備して行動すること。「惨憺」は心を砕いて悩むこと。 「惨憺」は「惨澹」とも書く。「惨憺経営」ともいう。
1級,軽裘肥馬,けいきゅうひば,身分が高く財産がある人の服装。または、常にとても富貴な様子。「軽裘」は軽くて高級で丈夫な皮ごろも。 「肥馬」は肥え太った立派な馬。「肥馬軽裘」ともいう。
1級,荊棘叢裏,けいきょくそうり,乱臣や逆臣が住んでいる家のたとえ。「荊棘」は荊のことで荊に棘があることから、障害になるもののたとえ。「叢裏」は草むらの中のこと。草むら中にひっそりと潜んでいる荊という意味から。
1級,荊棘銅駝,けいきょくどうだ,国が滅ぼされることを嘆くことのたとえ。「銅駝」は銅製のラクダの像のこと。「荊棘」は荊（いばら）、または荒れ果てること。中国、晋の索靖は国が乱れることを予知し、「宮門に飾ったラクダの像も、やがて荒れ果てたいばらの中に埋もれるだろう」と嘆いたという故事から。「銅駝の荊棘中に在るを歎く」を略した言葉。 「荊棘銅駝」ともいう。
1級,桂玉之艱,けいぎょくのかん,他の土地からやってきて、物価の高さで生活に苦労すること。「桂」は香木、「玉」は宝玉、「艱」は悩むや苦しむこと。戦国時代の遊説家の蘇秦が、楚の威王を訪れたところ、面会までに三か月も待たされてしまい、その間、宝玉より高い食べ物や香木より高い薪の値段に悩まされ、生活に苦労した故事から。
1級,荊釵布裙,けいさいふくん,慎ましく質素な女性の服装のたとえ。「荊釵」は荊のかんざし、「布裙」は布のもすそのこと。梁鴻の妻の孟光は、節約のために荊のかんざしと布のもすそをいつも身につけていた故事から。
1級,鶏尸牛従,けいしぎゅうしょう,大きな組織で上役の言いなりになるよりも、小さな組織で上に立つほうがよいということ。戦国時代、蘇秦が韓王に、「秦の属国になるより、たとえ小国だとしても一国の王のほうがよい」といい説得した故事から。
1級,瓊枝玉葉,けいしぎょくよう,天子の一族のこと。または、身分の高い家の子弟のこと。「瓊」と「玉」は身分が高いこと、高貴であることのたとえ。「枝」と「葉」は子孫という意味。
1級,瓊枝栴檀,けいしせんだん,徳のある人のこと。または、すばらしい詩文のたとえ。「瓊枝」は玉を生み出すという木。「栴檀」は白檀という名前の香木の別名のこと。
1級,勁草之節,けいそうのせつ,勁草のように強い節操や意志があること。「勁草」は強い風でも倒れない強い草ということから。
1級,傾側偃仰,けいそくえんぎょう,世の中の流れに逆らわずに、流れのままに生きること。「傾側」は世の流れに従って逆らわないこと。「偃仰」は寝たり起きたりすることや、うつむいたり見上げたりするという意味から、世の中の流れのままに浮いたり沈んだりするということ。
1級,軽佻浮薄,けいちょうふはく,言動に思慮が足りず、気持ちが浮ついている様子。または、信念がなく、言動が軽率で周りに流されやすいこと。「軽佻」はよく考えずに発言したり行動したりすること。「浮薄」は気持ちに落ち着きがないこと。 「軽窕浮薄」とも書く。
1級,軽妙洒脱,けいみょうしゃだつ,会話や文章が軽快で洗練されていること。「軽妙」は軽やかで洗練されていること。「洒脱」は垢抜けていて爽やかなこと。
1級,形容枯槁,けいようここう,容姿がやつれていて、生気がないこと。「形容」は容姿のこと、「枯槁」は植物が枯れるという意味から、人がやつれることのたとえ。
1級,厥角稽首,けっかくけいしゅ,最も礼儀正しく、心のこもった敬礼をすること。「厥角」と「稽首」はどちらも地面に頭を着けてする礼のこと。
1級,結跏趺坐,けっかふざ,仏教で修行の時に行われる座り方。「跏」は足の裏、「趺」は足の甲。主に禅宗の座禅を行う時の座法で、左の股の付け根に右の足の甲を、右の股の付け根に左の足の甲を付けて、足の裏が上に向くように組む座法。
1級,譎詭変幻,けっきへんげん,様々な不思議で奇妙な様子に変化すること。「譎詭」は色々なものに変化すること。「変幻」はまぼろしのように現れたり、変化したり、消えたりすること。
1級,狷介孤高,けんかいここう,意志を曲げずに、他人と協力しないこと。「狷介」は自分の意志を固く守り、決して妥協しないこと。「孤高」は自分一人の狭い視野だけを信じること。 「孤高狷介」ともいう。
1級,狷介固陋,けんかいころう,意志をかたく守り、頑固で他人の意見を受け入れないこと。「狷介」は自分の意志を固く守り、決して妥協しないこと。「固陋」は視野が狭く、頑固なこと。
1級,狷介不羈,けんかいふき,意志を固く保って、なにものにも縛られないこと。「狷介」は自分の意志を固く守り、決して妥協しないこと。「不羈」は決して縛られないこと。
1級,懸崖勒馬,けんがいろくば,あと少しのところで危険なことに気がついて引き返すこと。「懸崖」は険しい崖。 「勒馬」は馬の手綱を強く引くこと。崖から落ちる直前に気がついて、手綱を引いて何とか助かるという意味から。主に情欲に溺れかけ、そのことを後悔して悟ることをいう言葉。「懸崖（けんがい）に馬（うま）を勒（おさ）う」とも読む。
1級,喧喧囂囂,けんけんごうごう,たくさんの人たちが各々好き勝手に喋ってやかましい様子。または、たくさんの人たちが激しく騒ぎ立てて、事態を収めることが出来ないこと。「喧喧」と「囂囂」はどちらもやかましいや騒がしいという意味で、同じ意味の言葉を重ねて強調したもの。「喧々囂々」とも書く。
1級,蹇蹇匪躬,けんけんひきゅう,自身のことはあとまわしにして、主君に尽くすこと。「蹇蹇」は辛い状況でも主君に忠義を尽くすこと。「匪躬」は自身が富や名声を得るためではないということ。
1級,拳拳服膺,けんけんふくよう,人から教わったことや言葉などを決して忘れることなく、常に心に留めて大切にすること。「拳拳」は丁寧に両手で捧げるように持つこと。「服膺」は胸に付けるということから、心に留めるという意味。
1級,乾坤一擲,けんこんいってき,自身の運命を賭けて、運まかせの大博打をすること。「乾坤」は天と地のこと。 「一擲」は賽子（サイコロ）を一回振ること。天地の命運を賭けて、賽子を一回振るという意味から。「一擲乾坤」ともいう。
1級,妍姿艶質,けんしえんしつ,華やかで美しい姿や、色っぽい身体のこと。「妍」と「艶」はどちらも色っぽいこと。「質」は生まれた時からもっていること。または、肉体のこと。
1級,乾端坤倪,けんたんこんげい,天地の一番端のこと。「乾端」は天の端、「坤倪」は地の果て。
1級,犬吠驢鳴,けんばいろめい,くだらない文章や、聞くだけ無駄な話のたとえ。「驢鳴」は動物のろばの鳴き声。ろばや犬の鳴き声のように無駄な話という意味から。「驢鳴き犬吠ゆ」とも訓読する。 「犬吠驢鳴」ともいう。
1級,剣抜弩張,けんばつどちょう,戦闘が始まる直前のような緊張した状況のこと。または、書道で筆勢に激しい気迫がこもっていることのたとえ。剣を鞘（さや）から抜いて、石弓に矢をつがえて弦を引くことから。「弩」は矢や石を飛ばすことのできる機械、石弓。「張」は弦を引いて張ること。 「弩張剣抜」ともいう。
1級,肩摩轂撃,けんまこくげき,人や馬車などの行き来が多くて込み合っている様子。都会の雑踏の様子をいう。 「肩摩」は肩と肩がこすれること。「轂撃」は車のこしき同士がぶつかること。人の肩が擦れあい、車のこしきがぶつかりあうほどに密集している様子から。「轂撃肩摩」ともいう。
1級,絢爛豪華,けんらんごうか,目がくらむほど美しく、贅沢で煌びやかな様子。「豪華」は華やかで贅沢なこと。 「絢爛」は目がくらむほど美しいこと。「絢爛豪華」ともいう。
1級,牽攣乖隔,けんれんかいかく,心はお互いに惹かれあっていても、遠くに離れていること。「牽攣」はお互いに心が惹かれあうこと。 「乖隔」は遠く離れていること。中国の唐の詩人の白居易が友人へ贈ったとされる手紙から。
1級,黔驢之技,けんろのぎ,自身の力量を自覚せずに、人に見せて力量の拙さから恥をかくこと。または、見た目がよいだけで中身のない技量のこと。「黔」は中国の黔州という地名。 「驢」は動物のろばのこと。ろばがいなかった黔州にろばを放すと、虎は自分よりも体の大きなろばを初めて見て恐れたが、ろばは虎を蹴るだけで、それ以外何もできないとわかると、虎はろばを食い殺したという故事から。
1級,霓裳羽衣,げいしょううい,薄い絹などで作った軽やかで美しい女性の衣装のこと。または、楊貴妃が得意とした舞曲の名前。「霓裳」は虹のように美しいもすそ、「羽衣」は鳥の羽で作った薄くて軽い衣のことで、天人が着て空を飛ぶとされるもの。
1級,月下推敲,げっかすいこう,詩文の字句や表現を深く考えて、何度も修正して仕上げること。月の光に照らされた門を開ける動作を「推す」と表現するか、「敲く」と表現するか、考えをめぐらせるという意味から。中国の唐の詩人の賈島が、科挙の試験を受けるために驢馬に乗って移動している時、詩の表現を「推す」と「敲く」のどちらにすべきか悩みながら進むと、政府の高官である韓愈の行列にぶつかってしまった。賈島は韓愈に非礼をわびて事情を話すと、韓愈は「敲のほうがよい」と答えた。それから二人は詩を論じ合ったという故事から。
1級,月中蟾蜍,げっちゅうのせんじょ,月に住んでいるといわれる伝説上のひきがえるのこと。古代中国の英雄が不老不死の薬を得たが、それを英雄の妻が盗み、月に逃げてひきがえるになったという伝説から。
1級,阮簡曠達,げんかんこうたつ,小さなことにこだわらない、心の広いおおらかな人柄のたとえ。「阮簡」は人の名前。 「曠達」は心が広く、小さなことにこだわらないこと。古代中国の晋の時代にいたとされる竹林七賢の一人の阮咸の甥である阮簡は、心が広くおおらかな人格だったということから。
1級,言行齟齬,げんこうそご,言葉にして言ったことと、実際の行動が一致しないこと。「言行」は言葉と行動。 「齟齬」は食い違うこと。
1級,厳塞要徼,げんさいようきょう,守りが非常に固い要塞のこと。「厳塞」は守りの固い要塞。 「要徼」は地形が険しく、攻めにくい国境。
1級,阮籍青眼,げんせきせいがん,来客を心から歓迎すること。中国の晋の賢者の阮籍は、気に入らない客には白い目をしてそっけなく扱い、気に入った客には青い目をして喜んで迎えたという故事から。
1級,縞衣綦巾,こういききん,身分の低い女性が身に着ける粗末な衣服のこと。または、自分の妻のことをへりくだっていう言葉。「縞衣」は染色をしていない薄絹の衣服。「綦巾」は女性が身に着ける薄い緑色の布。頭を覆ったり、手を拭ったりするためのもの。様々な説があり、「縞衣」は男性の衣服、「綦巾」は女性の衣服をいうこともある。「縞衣綦巾」は未婚の女性の粗末な衣服をいうこともある。
1級,黄衣廩食,こういりんしょく,宮中に仕える役人の宦官のこと。「黄衣」は宦官が着るための服。 「廩食」は官から支給される俸禄のこと。
1級,後悔噬臍,こうかいぜいせい,後悔したとしてもどうにもならないこと。「噬臍」はへそを噛むという意味で、どうやっても自分の口は、自分のへそには届かないということから、不可能という意味。
1級,篝火狐鳴,こうかこめい,不思議めいたことを仕組んで、人々の心を惑わすこと。謀反をくわだてることにもいう。「篝火」はかがり火、「狐鳴」は狐の鳴き声をまねること。秦の末、陳勝と呉広は兵を挙げるにあたって、人々を味方につけようとした。呉広は夜、社のかたわらでかがり火をたき、狐の声をまねて「大楚が興り、陳勝が王となる」と叫んだという故事から。
1級,効果覿面,こうかてきめん,結果や効果がすぐに現れること。「覿面」は目の前で即座にはっきりとわかるという意味。
1級,広厦万間,こうかばんげん,とても広く大きな家のこと。または、貧しい人を庇って守ること。「厦」は大きな家、「万間」は柱と柱の間が一万もあること。唐の時代、杜甫の家の屋根が風に吹き飛ばされ、「大きな家を手に入れて貧しい人を住まわせたい」と歌った故事から。
1級,慷慨憤激,こうがいふんげき,政治や社会の腐敗や自身の悲劇などに、激しく怒り嘆くこと。「慷慨」と「憤激」はどちらも怒ったり嘆いたりすること。
1級,高牙大纛,こうがだいとう,高い地位のしるしや、軍の本陣のしるしのこと。「高牙」は象牙の飾りのついた旗で、主に本陣に立てる旗。「大纛」は牛の尾などの飾りをさおにつるした大きな旗で、地位の高い人の車につけたり、軍の本陣に立てる旗。
1級,香気芬芬,こうきふんぷん,辺り一面によい香りが漂うこと。「香気」はよい香り。 「芬芬」は香りが辺りに広がること。
1級,敲金撃石,こうきんげきせき,詩文の響きや韻律が美しいことのたとえ。「敲金」は鐘などの金属の打楽器を敲くこと。「撃石」は磬などの石の打楽器を打つこと。もとは張籍の詩を金石のような美しい音色だと韓愈が評した言葉。「金（かね）を敲（たた）き石（いし）を撃（う）つ」とも読む。
1級,皓月千里,こうげつせんり,遠くの場所まで月の光が照らしている様子。「皓月」は明るく白い月。 「千里」は非常に長い距離のこと。「皎月千里」とも書く。
1級,槁項黄馘,こうこうこうかく,ひどくやつれて、やせ細っている様子。「槁項」はやつれて細くなった首筋、「黄馘」は疲労で黄色くなった顔で、非常にやつれた顔という意味から。「槀項黄馘」とも書く。
1級,恍恍惚惚,こうこうこつこつ,心が強く引き付けられて、うっとりとする様子。心を奪われてうっとりするという意味の「恍惚」という言葉を重ねて強調した言葉。「恍恍忽忽」とも書く。
1級,膏肓之疾,こうこうのしつ,決して治ることのない病や、治すのが難しい病のこと。または、物事に夢中になりすぎて、やめられないこと。「膏」は心臓の下の部分、「肓」は横隔膜の上の部分、「疾」は病気のこと。心臓の下の部分や横隔膜の上の部分は、体の中の奥にあって、薬も鍼も届かないという意味から。古代中国の晋の景公が病に伏しているときに、「膏の上と肓の下に病が入ってしまえば、名医でも手が出せない」と童子が話し合っている夢を見たという故事から。「病、膏肓（こうこう）に入（い）る」とも読む。
1級,行尸走肉,こうしそうにく,知識や才能がなく、存在していても全く役に立たない人のこと。「尸」は死体のこと。歩く死体と走る肉という意味で、どちらも魂のない肉体だけの存在という意味から。「行屍走肉」とも書く。
1級,高車駟馬,こうしゃしば,身分が高く、気品のある人の乗り物のこと。または、高貴な人のこと。 「高車」は高さの高い立派な車。「駟馬」は四頭の馬に引かせる馬車。
1級,鉤章棘句,こうしょうきょくく,ひどく読みにくい文章のこと。または、奇怪で難しい文章のこと。「鉤章」の「鉤」は釣り針のことで、釣り針のように引っかかりの多い文章のこと。「棘句」はいばらのようにとげのある句のこと。 「鈎章棘句」とも書く。
1級,苟且偸安,こうしょとうあん,将来のことを考えず、一時の楽に逃げること。「苟」と「且」はどちらもいい加減に物事を扱うこと。「偸安」は目の前にある楽なことだけを楽しむこと。 「苟偸」と略す言葉。
1級,嚆矢濫觴,こうしらんしょう,事の起こり。物事の始まり。起源。「嚆矢」は戦争の開始の合図に敵陣を射る、音の鳴る矢、かぶら矢のこと。「濫觴」はさかずき一杯が溢れる程度のわずかな流れということで、大きな川もその程度のわずかな流れが水源になるということ。「觴」はさかずきのこと。どちらも事の起こり、始まりを意味する言葉で、同じ意味の言葉を重ねて強調した言葉。
1級,曠日弥久,こうじつびきゅう,長い期間なにもせずに、無駄な日々を過ごすこと。または、意図的に時間を無駄にして、事を長引かせること。「曠日」は何もせずに日々を送ること。 「弥久」は長い期間を過ごすこと。
1級,曠世之感,こうせいのかん,この世で比べるものが存在しないような感じ。「曠世」は比較できるものがないという意味。
1級,曠世之才,こうせいのさい,この世に比べることができるものが存在しないほどすぐれているということ。「曠世」は比較できるものがないという意味。
1級,曠世不羈,こうせいふき,長い期間、相手を服従させることができないこと。または、長い期間拘束することができないという意味。「曠世」は長い期間。 「不羈」はなにものにも縛られないこと。
1級,荒瘠斥鹵,こうせきせきろ,土地が痩せていて、荒れ果てていること。「荒瘠」は土地が痩せていて、荒れていること。 「斥」は干潟のこと。「鹵」は塩。 塩分が含まれていて作物が育たない土地という意味から。
1級,恍然大悟,こうぜんたいご,ちょっとしたひらめきから悟りを得ること。「恍然」はふとした瞬間にいきなり理解すること。「大悟」は煩悩をなくして悟りを得ること。
1級,高談闊歩,こうだんかっぽ,周りを気にせずに好き放題に議論して、大股に歩くこと。「高談」は盛んに議論を戦わせること。または、大きな声で会話すること。「闊歩」は大股に歩くこと。または、なにものにも縛られず自由な様子。自由気ままな様子をいう言葉。
1級,狡兎三窟,こうとさんくつ,身を守るために用心深くたくさんの逃げ場や、策略を用意しておくこと。または、困難をさけることがうまいこと。 「狡兎」は悪知恵のはたらく兎。「三窟」は三つの穴。悪知恵のはたらく賢い兎は、隠れるための穴を三つ用意しているという意味から。
1級,狡兎良狗,こうとりょうく,重要な地位につき、大きな功績を上げた人も、状況が変わって必要なくなれば捨てられるということ。「狡兎」は素早い兎。 「良狗」は賢い猟犬。兎を取り尽くすと猟犬は必要なくなり、どれだけ役に立っていたとしても、煮て食べられるという意味から。「狡兎死して良狗煮らる」を略した言葉。
1級,黄髪垂髫,こうはつすいちょう,老人と子どものこと。「黄髪」は黄色がかった白髪ということから、老人のたとえ。「垂髫」は子どものおさげ髪ということから、子どものたとえ。
1級,洪範九疇,こうはんきゅうちゅう,天下を治めるうえでよりどころとなる、九つの原則。「洪」は大きい、「範」は手本となるのり、「疇」は同じたぐいのまとまり。五行・五事・八政・五紀・皇極・三徳・稽疑・庶徴・五福の九つをさす。殷の箕子が周の武王に語ったという形で、『書経』の「洪範」の篇に記されている。
1級,敲氷求火,こうひょうきゅうか,間違っているやり方をしても、苦労するだけで目的を果たすことはできないということ。火を起すために氷をたたくという意味から。「氷を敲（たた）いて火を求む」とも読む。
1級,好評嘖嘖,こうひょうさくさく,評判が非常によいこと。「嘖嘖」はたくさんの人がほめていうこと。
1級,光風霽月,こうふうせいげつ,心に不信や不満がなく、さっぱりと澄み切っていることのたとえ。「光風」は太陽の光の中を吹き抜ける爽やかな風のこと。「霽月」は雨上がりの澄んだ空に浮かぶ月のこと。
1級,咬文嚼字,こうぶんしゃくじ,文字の見た目や言葉の飾り方にばかりこだわって、内容や意味がない文章のこと。学識を自慢するだけで、実際には役に立つことがない知識人を揶揄するときに使うことの多い言葉。「文（ぶん）を咬（か）み字（じ）を嚼（か）む」とも読む。
1級,光芒一閃,こうぼういっせん,状況がいきなり変化すること。「光芒」は尾を引いているように見える光の筋や、光の穂先のこと。「一閃」は瞬間的に光ること。
1級,槁木死灰,こうぼくしかい,肉体的にも精神的にも衰えて、活力がまったくない様子。または、無心の境地のこと。 「槁木」は枯れ木。「死灰」は燃え尽きて冷めた灰。枯れ木のように体が動かなくなり、冷めた灰のように心に活気がないという意味から。「形は槁木の如く心は死灰の如し」を略した言葉。
1級,孔翊絶書,こうよくぜっしょ,私情を挟まず、公正に政治を行うこと。「孔翊」は人の名前。 「絶書」は手紙の中身を確認せずに捨てること。中国の晋の時代の洛陽の長官になった孔翊は、その地位を頼って送ってくる私的な依頼の手紙は、全て読まずに水の中に捨てていたという故事から。
1級,洽覧深識,こうらんしんしき,体験して得た経験や知識が多くあり、様々なことを知っていること。「洽覧」は色々なことを見ること。「深識」は様々なことを深く知っていること。
1級,黄粱一炊,こうりょういっすい,人の世界での繁栄は儚いということのたとえ。または、人の人生が儚いことのたとえ。 「黄粱」は粟の一種のおおあわ。「一炊」は粟のかゆを炊く時間。粟のかゆを炊く間の短い時間という意味から。唐の盧生という人が、旅の途中の邯鄲の町で、道士から出世が叶うという枕を借りて寝ると、出世して財力や権力を手に入れる夢を見た。目が覚めると、宿の主人に頼んでいた、粟のかゆが出来上がっていないほどのわずかな時間しか過ぎていなかったという故事から。
1級,膏粱子弟,こうりょうしてい,裕福な家に生まれた人のたとえ。「膏」は脂ののったおいしい肉。 「粱」はおいしくて質のよい穀物。どちらも上質でおいしい食べ物という意味から、裕福な人のたとえ。
1級,蛟竜毒蛇,こうりょうどくだ,気味が悪く、恐ろしいもののたとえ。「蛟」は水を操って、大雨や洪水を起こすとされる伝説上の竜、みずちのこと。みずちと竜と毒蛇のことで、恐ろしいもののたとえ。
1級,亢竜有悔,こうりょうゆうかい,高い地位を持っている人や、多くの財産を持っている人は、慎みを持って行動しなければ、失敗して悔いることになるという戒め。「亢竜」は天の最も高いところに昇りつめた竜のこと。最も高いところに昇りつめた竜は、これ以上昇ることができず、後は落ちることしかできないので、その後のことを考えて慎みを持っておくべきということから。「亢竜（こうりょう）悔（く）い有り」とも読む。
1級,高楼大廈,こうろうたいか,大きくて高さのある建物のこと。または、それらの建物が並び立っている様子。「廈」は屋根のある大きな建物。「楼」は二階建て以上の高さのある建物のこと。高層ビル群や大きくて煌びやかな豪邸のこと。 「高楼大廈」ともいう。
1級,孤影悄然,こえいしょうぜん,一人だけしかいなくて、しょんぼりと寂しい様子。「孤影」は一人で寂しい様子。 「悄然」は元気が無く寂しい様子。「孤影蕭然」とも書く。
1級,胡漢陵轢,こかんりょうれき,中国の漢民族と異民族が争うこと。「胡」は中国の北方、西方の異民族の別称。 「漢」は中国の漢民族のこと。「陵轢」は踏みにじるという意味。
1級,狐裘羔袖,こきゅうこうしゅう,全体は立派だが、一部に問題があること。「狐裘」は子狐の脇の下にある高級な毛皮で作った皮衣。「羔袖」は子羊の皮で作った安物の袖。高級な皮衣に安物の袖をつけるということから。「狐裘（こきゅう）して羔袖（こうしゅう）す」とも読む。
1級,狐裘蒙戎,こきゅうもうじゅう,高い地位を持っている人が権力を悪用して、国家が乱れること。「狐裘」は子狐の脇の下にある、高級な毛皮で作った皮衣で、それを着る人ということから、高貴な人のたとえ。「蒙戎」はものごとが乱れる様子。
1級,狐疑逡巡,こぎしゅんじゅん,いつまでも物事を決めることができないこと。「狐疑」は狐のように疑い深いこと。「逡巡」は思い切りがつかなく、決心がつかないこと。
1級,枯魚銜索,こぎょかんさく,親が生きている間に孝行すべきであるという教え。「枯魚」は魚を干したもの。 「銜索」は縄を通すこと。魚の干物は腐らずに長く持ちそうに見えるが、すぐに虫に食われてしまうということから、一見元気に見える親も、いつ死んでしまうか分からないということ。「枯魚（こぎょ）索（なわ）を銜（ふく）む」とも読む。「故魚銜索」とも書く。
1級,哭岐泣練,こくききゅうれん,心がけや習慣次第で、人は悪人にも善人にもなるということ。「哭」は大きな声で泣くこと。 「岐」は分かれ道。 「練」は白い糸。「哭岐」は楊朱が分かれ道を見て、どちらにも行くことができると気づいて泣いたという故事から。「泣練」は墨子が白い糸を見て、何色にも染めることができると気づいて泣いたという故事から。どちらも好きなように選ぶことができ、その選択次第で結果が変わるということをいう。「岐（き）に哭（な）き練（れん）に泣く」とも読む。「哭逵泣練」とも書く。
1級,轂撃肩摩,こくげきけんま,人や馬車などの行き来が多くて込み合っている様子。都会の雑踏の様子をいう。 「肩摩」は肩と肩がこすれること。「轂撃」は車のこしき同士がぶつかること。人の肩が擦れあい、車のこしきがぶつかりあうほどに密集している様子から。「轂撃肩摩」ともいう。
1級,黒貂之裘,こくちょうのきゅう,非常に価値の高いもののたとえ。「黒貂」は黒い色の動物のてん。 「裘」は皮衣。てんの皮衣は、高貴な人が着る高価な服ということから。
1級,黒白混淆,こくびゃくこんこう,善いことと悪いことの区別をごっちゃにすること。「黒白」は物事の是非や善悪のたとえ。 「混淆」は混ざり合っていること。「黒白混交」とも書く。
1級,国歩艱難,こくほかんなん,国の状態がよくならず、国家が滅びそうになっていること。「国歩」は国の歩み、国の運命のこと。 「艱難」はひどく苦しむこと。
1級,虎視眈眈,こしたんたん,力のあるものが、機会をじっくりと窺っている様子。「虎視」は虎が獲物をじっくりと狙うこと。「眈眈」は睨む、見下ろすという意味。虎が獲物を鋭く見つめて、襲う機会をじっくりと待っている様子から。
1級,虎嘯風生,こしょうふうしょう,すぐれた能力を持つ人が機会を得て奮起することのたとえ。「虎嘯」は虎が吠えること。 「風生」は風が発生すること。虎が吠えて風が激しく巻き起こるという意味から。「虎（とら）嘯（うそぶ）いて風（かぜ）生（しょう）ず」とも読む。
1級,古人糟魄,こじんのそうはく,賢者や聖人の本質や真髄は、言葉や文字で伝えることはできないということ。「古人」は昔のすぐれた人、賢者や聖人のこと。 「糟魄」は酒かすのこと。言葉や文字で伝えることのできる知恵は、酒かすのように残りかすでしかないという意味から。老荘思想の言葉で、書物で学問をすることを否定する言葉。「古人糟粕」とも書く。
1級,鼓舌揺脣,こぜつようしん,好き放題に思ったことを喋ること。「鼓舌」は舌を鳴らして喋ること。 「揺脣」は唇を動かすこと。どちらも勢いよく喋ることのたとえ。 「揺脣」は「揺唇」とも書く。「揺脣鼓舌（揺唇鼓舌）」ともいう。
1級,滑稽洒脱,こっけいしゃだつ,文章や話が機知に富んでいて、俗気がなく洗練されていること。「滑稽」は弁舌が上手く、思うように出来ること。「洒脱」はさっぱりとしていて洗練されていること。
1級,涸轍鮒魚,こてつのふぎょ,危険や困難が迫っていることのたとえ。また、切迫した状況にある人のたとえ。 「涸」は水が枯れること。「轍」は車輪の跡、わだちのこと。 「鮒魚」は魚の鮒（ふな）のこと。水がなくなった車輪の跡にいる鮒という意味から。荘子が監河侯に米を借りに行ったが、監河侯から「近々年貢が入るのでその後に貸しましょう」と言われた。それを聞いた荘子は、「ここに来る途中で水が枯れた車輪の跡にいる鮒に水をくださいと助けを求められました。そこで私は、後で川の水を持ってきてあげようと答えました。しかし鮒は、水が欲しいのは今だと言って怒ってしまいました」というたとえ話をして窮状を訴えたという故事から。
1級,孤独矜寡,こどくかんか,身寄りのいない寂しい人のこと。四種類の苦しみを持つ人のことをいい、孟子が優先的に保護する必要があると説いた。「孤」は父親が亡くなった子ども。 「独」は子どものいない老人。「矜」は妻のいない老人。 「寡」は夫のいない老女。 「孤独鰥寡」とも書く。
1級,虚融澹泊,こゆうたんぱく,悟りの境地のこと。「虚融」は無心で心にとどこおることが何もないこと。「澹泊」は欲が無く、こだわらないこと。
1級,孤陋寡聞,ころうかぶん,知識が偏っていて、見識が狭いこと。「孤陋」は他人の考えを聞かず、視野が狭いこと。「寡聞」は見聞が狭いこと。
1級,渾金璞玉,こんきんはくぎょく,すぐれた人物になる才能を秘めていること。宝石の原石と精錬されていない鉱石との意から。「璞玉」は、掘り出したばかりで磨かれていない宝玉の原石。「渾金」は、あらがね、精錬されていない鉱石。 「渾金璞玉」ともいう。
1級,渾渾沌沌,こんこんとんとん,様々なことが入り乱れていて、はっきりとしない様子。元は天地が分かれる以前の、この世の最初の状態を言う言葉。「渾沌」を重ねて強調した言葉。 「混混沌沌」とも書く。
1級,根深柢固,こんしんていこ,基礎をよく固めて、不安定にならないようにすること。「根」と「柢」はどちらも木の根のことで、物事の基礎のたとえ。根を深く強固なものにするという意味から。
1級,渾然一体,こんぜんいったい,複数のものが溶け合ったり混ざり合ったりして、区別することができない様子。「渾然」は複数のものが溶け合っている様子。 「混然一体」とも書く。
1級,昏定晨省,こんていしんせい,親孝行すること。「昏定」は夜に両親の寝床の用意をすること。「晨省」は朝に両親のご機嫌を伺うこと。「昏（くれ）に定めて晨（あした）に省（かえり）みる」とも読む。
1級,蒟蒻問答,こんにゃくもんどう,的外れで噛みあっていない論争のこと。元は古典落語の「蒟蒻問答」から出た言葉で、住職がいなくなり荒れ果てた寺を心配した蒟蒻屋の六兵衛は、居候の八五郎に住職になるように言った。にわか坊主となった八五郎は、旅の禅僧に禅問答をしかけられ、問答に負けると寺を追い出されることになり、六兵衛に相談すると、六兵衛は住職になりすまして問答を受けると言った。六兵衛は禅僧の問に何も答えず、禅僧はそれを無言の行と勘違いし、次は身振りで問を出した。六兵衛は、身振りの問に、自身が坊主に成りすました蒟蒻屋ということに気づいていると思い、自分の作った蒟蒻が馬鹿にされたと勘違いし、六兵衛も身振りで問に答えると、禅僧はすばらしい答えと解釈して負けを認めたという故事から。
1級,魂飛魄散,こんひはくさん,激しく驚き、恐れること。「魂」は死後天に昇る魂。 「魄」は死後地上にとどまる魂。魂が飛んでいって、心が空になるほどに驚くということから。「魂（こん）飛び魄（はく）散（さん）す」とも読む。
1級,渾崙呑棗,こんろんどんそう,人からの教えの意味を考えずに、ただ受け入れるだけでは本当に理解することはできないということのたとえ。「渾崙」は丸ごとという意味。「呑棗」は植物の棗の実を噛まずに飲み込むこと。棗の実を噛まずに丸呑みしても、棗の実の味はわからないという意味から。元は仏教の言葉で、仏の教えについていった言葉。「渾崙（こんろん）棗（なつめ）を呑（の）む」とも読む。
1級,豪華絢爛,ごうかけんらん,目がくらむほど美しく、贅沢で煌びやかな様子。「豪華」は華やかで贅沢なこと。 「絢爛」は目がくらむほど美しいこと。「絢爛豪華」ともいう。
1級,合歓綢繆,ごうかんちゅうびゅう,男女が深く愛し合うこと。「合歓」は喜びを分かち合うことや、男女の睦みあいのこと。「綢繆」は絡みつくこと。
1級,剛毅木訥,ごうきぼくとつ,意思がしっかりしていて、口数が少なく飾り気のない様子。「剛毅」は意思が強く何事にも動じないこと。「木訥」は無口で飾り気がないこと。 「剛毅朴訥」「剛毅朴吶」とも書く。
1級,豪放磊落,ごうほうらいらく,心が広く大らかで、些細なことは気にしないこと。または、そのような様子。「豪放」と「磊落」はどちらも心が広く、小さなことにこだわらないという意味。同じ意味の言葉を重ねて意味を強調した言葉。
1級,毫末之利,ごうまつのり,ほんの少しだけの利益のこと。「毫末」は髪の毛の先という意味から、少ないことのたとえ。
1級,毫毛斧柯,ごうもうふか,災いは大きくならないうちに取り除くべきだという教え。「毫毛」は極めて細い毛。 「斧柯」は斧の柄。木が毛のように細いうちに取り除かなければ、いずれ斧を使わなければいけないほどに大きくなるということから。
1級,毫釐千里,ごうりせんり,最初の小さな違いが、後になって大きな違いになること。最初を慎んで行うべきという教え。「毫」と「釐」はどちらも小さな数量の単位ということから、非常に小さいことのたとえ。「千里」の「里」は距離の単位で、「千里」は非常に遠いことのたとえ。「毫釐の差は千里の誤り」を略した言葉。
1級,五蘊皆空,ごうんかいくう,この世の全ての存在や現象は、実体などなく全てのものは空であるという仏教の言葉。「五蘊」は人の体と精神を構成する五つの要素のこと。全ての物質をいう「色」、感覚をいう「受」、心の中に浮かぶ像をいう「想」、欲求をいう「行」、意識をいう「識」の五つ。
1級,呉牛喘月,ごぎゅうぜんげつ,勘違いして無駄に怯えること。または、考えすぎたせいで無駄な苦労をすること。 「呉」は中国の地名。南の暑い地域にいる牛は、月を見ても太陽だと思って苦しそうに呼吸するということから。「呉牛（ごぎゅう）、月に喘（あえ）ぐ」とも読む。
1級,五行相剋,ごぎょうそうこく,この世の全てのものの根源の要素が互いに力を減じ合うこと。「五行」は全てのものの根源の要素とされる、木・火・土・金・水の五つの要素のこと。「相剋」は木は土に、土は水に、水は火に、火は金に、金は木に勝つということ。自然現象や社会の変化などを説明したり、王朝をたとえて移り変わりを理論付けたりした。「五行相克」とも書く。
1級,極楽蜻蛉,ごくらくとんぼ,何事も悩まず、気楽に暮らしている人のこと。「蜻蛉」は虫のとんぼ。捕まる心配をする必要のない、極楽でのんびり飛んでいるとんぼという意味から。のんきな人をからかう時に言う言葉。
1級,五臓六腑,ごぞうろっぷ,人間の全ての内臓のこと。または、心の中のこと。「五臓」は心臓、肺臓、肝臓、腎臓、脾臓の五つの内臓。「六腑」は大腸、小腸、胃、胆嚢、膀胱、三焦の六つの内臓。
1級,寤寐思服,ごびしふく,寝ても覚めても忘れられないこと。「寤」は起床すること。 「寐」は就寝すること。「思服」はいつも思っていること。「寤寐（ごび）に思服（しふく）す」とも読む。
1級,斎戒沐浴,さいかいもくよく,神仏へのお祈りや神聖な儀式の前に飲食や行動を慎み、水で髪や体を洗い心身を清めること。「斎戒」は飲食を断つなどの戒を守り、心を清めること。「沐浴」は水で髪や体などを洗って身を清めること。 「沐浴斎戒」ともいう。
1級,才気煥発,さいきかんぱつ,すぐれた才知が、隠しようもなく外に表れること。「才気」は物事をすばやくつかむ心のはたらき。「煥発」は光り輝くように現れ出ること。
1級,灑灑落落,さいさいらくらく,性格や言動が淡白であっさりとしていて、物事にこだわらないこと。
1級,妻子眷族,さいしけんぞく,妻と子どもなどの身内のことで、血縁関係のある親族のこと。「妻子眷属」とも書く。
1級,載籍浩瀚,さいせきこうかん,たくさんの書物があることのたとえ。「載籍」は物事の内容や様子を記した書籍という意味から、書物のこと。「浩瀚」は巻数が多いという意味。
1級,灑掃応対,さいそうおうたい,日常生活での家事や作法のこと。「灑掃」は水をまいたり洗うなどの水を使った掃除とほうきで掃くこと。「応対」は人に接して受け答えすること。
1級,彩鳳随鴉,さいほうずいあ,女性が身分の劣る男性に嫁に行かされること。また、そのことに不満を持つこと。美しい鳳（おおとり）が鴉（からす）に嫁ぐことから。妻が夫のことをいい加減に扱うことにも用いる言葉。 「随鴉彩鳳」ともいう。
1級,菜圃麦隴,さいほばくろう,野菜や穀物を育てる農地、野菜畑や麦畑のこと。「圃」と「隴」はどちらも畑という意味で、「菜圃」は野菜を植えている畑、「麦隴」は麦を植えている畑ということから。
1級,豺狼当路,さいろうとうろ,悪意を持つ人が国の重要な地位についていることのたとえ。または、そのような権力を持つものが、権力を使って人の道を外れた行いをすること。「豺狼」は山犬と狼、「当路」は道をふさぐことで、山犬や狼が道に居座っていて行く手をさえぎられているという意味から。
1級,鑿歯尺牘,さくしせきとく,古代中国の国の晋にいた名文家の習鑿歯は、手紙での議論がとても上手かったということ。「鑿歯」は習鑿歯のこと。 「尺牘」は手紙のこと。晋の習鑿歯は名文家として有名で、その中でも手紙を使っての議論が上手かったために、将軍の桓温が右腕として厚遇したという故事から。
1級,鑿壁偸光,さくへきとうこう,貧しい生活をしながら勉学に励むこと。苦学のたとえ。「鑿」は穴を開けること。 「偸」は盗むこと。壁に穴を開けて隣の家の光を盗み、盗んだ光で勉強をするということから。前漢にいた匡衡は貧しく、灯火の油を買うことができず、壁に穴を開け、隣家の明かりを盗んで勉学に励んだという故事から。「壁を鑿（うが）ちて光を偸（ぬす）む」とも読む。
1級,左顧右眄,さこうべん,右を見たり左を見たりして周りの様子をうかがうだけで、すぐに結論を出せないこと。または周りが気になって、決断力が鈍ってしまうこと。「顧」と「眄」はどちらも周りをうかがうこと。「左眄右顧」「左顧右眄」ともいう。
1級,瑣砕細膩,ささいさいじ,情や心遣いが隅々まで行き届いていること。「瑣砕」は細かく砕くということから、心を細かく砕くという意味。「細膩」はきめ細かくなめらかなこと。または、丁寧で行き届いていること。
1級,蹉跎歳月,さたさいげつ,時間を浪費して日々を空虚に過ごすこと。「蹉跎」は良い時期を逃して無意味に日々を送ること。
1級,左眄右顧,さべんうこ,右を見たり左を見たりして周りの様子をうかがうだけで、すぐに結論を出せないこと。または周りが気になって、決断力が鈍ってしまうこと。「顧」と「眄」はどちらも周りをうかがうこと。「左眄右顧」「左顧右眄」ともいう。
1級,三槐九棘,さんかいきゅうきょく,政界の最高幹部のこと。「三槐」は中国の三公の別称。 「九棘」は中国の九卿の別称。中国の周の時代に、君主が朝廷の庭の三公の位置を示すところに槐の木を植え、九卿の位置を示すところに棘の木を植えていたことから。「九棘三槐」ともいう。
1級,三跪九叩,さんききゅうこう,中国の清の敬礼の方法。三回跪（ひざまず）いて、頭を九回地面に打ち付ける礼のことをいう。
1級,三釁三浴,さんきんさんよく,相手のことを大切に思う心を言い表す言葉。人を待つ間に何度も体を洗って、良い香りの香を塗るという意味から。「三」は何度も、という意味。 「釁」は香を塗ること。「浴」は湯水で体を洗い清めること。
1級,三薫三沐,さんくんさんもく,相手のことを大切に思う心を言い表す言葉。人を待つ間に何度も体を洗って、良い香りの香を塗るという意味から。「三」は何度も、という意味。 「薫」は香を塗ること。「沐」は湯水で体を洗い清めること。
1級,三豕渉河,さんししょうか,文字を間違えること。中国の春秋時代の子夏が旅の途中に、「晋の軍隊が三匹の豕と河を渡った」と史書を読んでいるのを聞き、「己」を「三」、「亥」を「豕」と読み間違えたのだろうといい、三匹の豕ではなく年号の己亥の年であると指摘したという故事から。
1級,三世一爨,さんせいいっさん,三つの世代の家族が一つの家で一緒に住むこと。「爨」はかまどのこと。三世代の家族が、一つのかまどを共有して食事を作るということから。
1級,惨憺経営,さんたんけいえい,いろいろなことに苦心して、心を悩ませながら計画して営むこと。「経営」は目的のために考えて準備して行動すること。「惨憺」は心を砕いて悩むこと。 「惨憺」は「惨澹」とも書く。「惨憺経営」ともいう。
1級,三面六臂,さんめんろっぴ,一人で数人分の成果をあげること。または、様々な違う分野で活躍すること。 「臂」は腕のこと。三つの顔と、六本の腕がある仏像の姿を言い表す言葉。
1級,在邇求遠,ざいじきゅうえん,人としての正しい道は身近なところに求めるべきなのに、人は遠いところにあるものを求めようとするということ。親や年長者など相応に敬うなど身近なことから始めれば、結局天下はうまく治まるという孟子の言葉から。
1級,斬釘截鉄,ざんていせってつ,毅然とした態度で、強い決断力があること。「斬」と「截」はどちらも断ち切るということ。釘や鉄を断ち切るという意味から。元は禅宗の言葉で、妄想や煩悩などの迷いをすっぱりと断ち切ることをいう。「釘を斬り鉄を截（た）つ」とも読む。
1級,讒諂面諛,ざんてんめんゆ,他人の悪口を言って、相手に媚を売ること。「讒諂」は他人の悪口を言って、相手に気に入られようと媚を売ること。「面諛」は相手の目の前で直接こびへつらうこと。
1級,残杯冷炙,ざんぱいれいしゃ,そっけない扱いをされ、辱めをうけること。「残杯」は他の人が口をつけて残した酒。 「冷炙」は焼いたあとに冷めた肉。人の食べ残した飲食物で、もてなしをされるという意味から。
1級,讒謗罵詈,ざんぼうばり,乱暴で品のない言葉を使い、相手のことを悪く言うこと。「罵詈」は汚い言葉で相手の悪口を言うこと。「讒謗」は他人のことを悪く言うこと。 「讒謗罵詈」ともいう。
1級,尸位素餐,しいそさん,高い地位をもっているだけの無駄飯食い。または、職務を果たしていないのに無駄に高い給料を得ていることのたとえ。「尸位」は才能も人徳もないのに高い地位についていること。「素餐」は何もせずに食べるばかりであること。
1級,侈衣美食,しいびしょく,贅沢な生活のたとえ。「侈」はぜいたくという意味で、「侈衣」はぜいたくな衣服のこと。高価で華やかな衣服においしい食事ということから。
1級,駟介旁旁,しかいほうほう,武装した四頭立ての馬が引く戦車が戦場を駆け巡ること。「駟」は四頭立ての馬のこと。 「介」は鎧のこと。 「旁旁」は駆け巡る様子。
1級,止渇飲鴆,しかついんちん,後のことは何も考えずに目先の利益を得ること。または、一時逃れをして、後から大きな災いに遭うこと。「鴆」は羽に猛毒をもつ鳥の名前で、その鳥の羽が入っている酒を喉の渇きを癒すために飲むことから。「止渇飲鴆」ともいう。
1級,四衢八街,しくはちがい,大通りがあらゆる方面に通じた大きな街のこと。またはそのような大きな街のたとえとして用いられる。「衢」と「街」はどちらも四方に通じる道のこと。
1級,舐糠及米,しこうきゅうまい,少しのことから被害が増えていくこと。虫が米の外側の糠を舐めると、次は中の米を食べるということから。前漢、景帝の代に諸侯の勢力を削る目的で、諸侯の領地を少しずつ削ぐ政策を行った。領地を削がれた呉王は領地がなくなってしまうことを危惧し、呉楚七国の乱を起こしたという故事から。「糠を舐（ねぶ）りて米に及ぶ」とも読む。
1級,豕交獣畜,しこうじゅうちく,獣のように人を扱うこと。「豕交」は豚と接するように交際すること。「獣畜」は獣のように扱い養うこと。人を人として見ずに、獣と同じように扱うことをいう言葉。
1級,師曠之聡,しこうのそう,非常に鋭く敏い耳のたとえ。「師曠」は中国の晋の盲目の楽師で政治顧問をしていた人の名前。師曠は音を聞き分けて吉凶を知ることが出来たという故事から。
1級,獅子搏兎,ししはくと,簡単なことでも全力で取り組むこと。「獅子」はライオン、「搏兎」は兎を捕まえることで、ライオンは兎のような弱い動物を捕まえる時も、全力で捕まえるということから。
1級,舐痔得車,しじとくしゃ,自分を卑しめることまでして大きな利益を手に入れること。「舐痔」は痔を舐めること。 「得車」は車を得ること。中国宋の曹商は使者として秦に行き、大きな車を与えられて帰国した。これに対して荘子は「痔を患っている秦王の患部を舐めてその車をもらったのだろう」と揶揄したという故事から。
1級,詩人蛻骨,しじんぜいこつ,上質な茶をたたえる言葉。「蛻」は抜きかえる、または、ぬけがらという意味。素晴らしいお茶は詩人の感性さえも素晴らしいものにかえるということから。
1級,死生契闊,しせいけっかつ,生死を共にすることを約束して、共に苦労しながらも努力すること。「契闊」は長い間会わないことや、苦労し努力すること。
1級,咫尺之書,しせきのしょ,短い手紙の文章や書状のこと。「咫尺」は周代の長さの単位で、咫は八寸、尺は十寸という意味から、短い距離や長さのこと。
1級,紫髯緑眼,しぜんりょくがん,西洋人のこと。または、その顔の形容。中国で西方の異民族の容貌を言い表す言葉で、赤茶色のほおひげと青い目という意味から。
1級,七嘴八舌,しちしはちぜつ,七つの嘴（くちばし）と八つの舌という意味で、たくさんの意見が色々なところから出ること。または、多くの人々が喋っている様子。
1級,七種菜羹,しちしゅのさいこう,七種類の若菜を入れた吸い物。日本の七草がゆをさすこともある。「羹」は肉や野菜を煮た熱い吸い物。中国では陰暦一月七日を「人日」と呼び、この日に七種の菜の羹を食べてその年を病気なく過ごせるよう願った。この風習が日本に伝わり、七草がゆになったとされる。
1級,七縦七擒,しちしょうしちきん,敵を捕らえたり逃がしたりを繰り返して、力を見せ付けて屈服させて味方にすること。「縦」は放つこと。 「擒」は捕まえること。蜀の諸葛亮が、南蛮王孟獲を七回捕らえては逃がすを繰り返しつつ南部を平定して行き、孟獲も最後には二度と反乱を起こさないと誓ったという故事から。「七擒七縦」ともいう。
1級,史籀大篆,しちゅうだいてん,史籀が今までの書体を改変して作った大篆という名前の新しい書体のこと。「史籀」は中国の周の宣王のときの歴史を記録して、歴史書を編修する史官のこと。「大篆」は書体の名前。
1級,失魂落魄,しっこんらくはく,とても驚き、慌てている様子。または、精神が不安定な状態になっていて奇怪な行動をすること。天から受けた精神を司るたましいの「魂」と、地から受けた肉体を司るたましい「魄」が無くなるという意味。
1級,叱咤激励,しったげきれい,大声で励まして元気付け、奮い立たせること。「叱咤」は大声で叱る、または励ますこと。「激励」は激しく励まし元気付けること。
1級,疾風勁草,しっぷうけいそう,その人の真価は苦境に立って初めてわかることのたとえ。「疾風」は激しく勢いの強い風、「勁草」は強い草のことで、激しい風が吹くことで、初めて強い草がどれかわかることから。
1級,櫛風沐雨,しっぷうもくう,さまざまな苦労をすることのたとえ。「櫛風」は風が髪をくしけずること。 「沐雨」は雨が体を洗うこと。雨や風にさらされながら苦労して働くという意味から。「風（かぜ）に櫛（くしけず）り雨に沐（もく）す」とも読む。「沐雨櫛風」ともいう。
1級,疾言遽色,しつげんきょしょく,早口で喋ったり、慌てている顔色をしたりして落ち着きがないこと。「疾言」は早口で喋ること。 「遽色」は慌てふためいた顔色をしていること。
1級,舐犢之愛,しとくのあい,親が自身の子を溺愛すること。「舐」は舐める、「犢」は牛の子のことで、牛が子牛を舐める様子にたとえた言葉。
1級,子墨兎毫,しぼくとごう,文人。詩文を作る人のこと。「子墨」は墨を擬人化した表現。 「兎毫」は兎の毛で作った筆。
1級,徙木之信,しぼくのしん,約束を必ず実行することのたとえ。為政者は人民に法の権威や信用を示すべきという戒めのこと。戦国時代、秦の商鞅が国民からの信用を得るために、南門の大木を北門に移した者に十金を与えると布告したが、皆疑い誰も移さなかった。五十金に増額すると移す者が現れたので、五十金を渡して約束を本当に守ると示した故事から。
1級,揣摩臆測,しまおくそく,根拠もなしに、あれこれといい加減な推測をすること。「揣摩」はおしはかること。 「臆測」は自分の考えで勝手に推測すること。推測するという意味をもつ「揣摩」と「憶測」を重ねて強調した言葉。「臆測」は「憶測」とも書く。 「臆測揣摩（憶測揣摩）」ともいう。
1級,鴟目虎吻,しもくこふん,欲深く凶悪で残忍な人相のたとえ。「鴟目」はふくろうのような目つき。 「虎吻」は虎のような口。どちらも凶悪で残忍な人相のたとえ。
1級,車胤聚蛍,しゃいんしゅうけい,苦学することのたとえ。「車胤」は人の名前、「聚」は集める、「蛍」は虫のほたるのこと。車胤は若いころ貧乏で、夏には蛍を集め、その光で読書したという故事から。
1級,奢侈淫佚,しゃしいんいつ,ぜいたくな生活をして、みだらな楽しみにふけること。「奢侈」は度を超したぜいたくのこと。「淫佚」はみだらでだらしない様子のこと。
1級,奢侈文弱,しゃしぶんじゃく,度を超したぜいたくな生活をして、文学にふけっているだけで、おとなしく弱弱しいこと。「奢侈」は度を超したぜいたく、「文弱」は文学にばかりふけっていて弱弱しいこと。
1級,洒洒落落,しゃしゃらくらく,性格や言動が淡白であっさりとしていて、物事にこだわらないこと。「洒落」はさっぱりとしていて、こだわらないという意味で、重ねて強調した言葉。
1級,社稷之臣,しゃしょくのしん,国家の重要な職についている臣下のこと。「社」は土地の神、「稷」は五穀の神のことで、どちらも国家にとって重要な守り神ということから、「社稷」は国家や朝廷という意味。
1級,社稷之守,しゃしょくのまもり,国家の守りとなる臣下のこと。「社」は土地の神、「稷」は五穀の神のことで、どちらも国家にとって重要な守り神ということから、「社稷」は国家や朝廷という意味。
1級,煮豆燃萁,しゃとうねんき,兄弟の関係が不仲であることのたとえ。「煮豆」は豆を煮ること。 「萁」は豆殻のこと。中国の三国時代の曹操の子である曹丕は、弟である曹植の詩才を妬んで冷遇した。曹丕は七歩歩く内に詩を作らなければ殺すと言い、曹植は「同じ根から生まれた豆殻は燃えて火となり、豆はその火で煮て苦しめ続けられる。兄弟なのに何故苦しめるのか」と答え、それを聞いた曹丕は恥じたという故事から。「豆を煮るに萁（まめがら）を焼く」とも読む。「燃萁」は「然萁」とも書く。
1級,醜悪奸邪,しゅうあくかんじゃ,容姿が醜くて、心に悪意が満ちていること。または、そのような人のこと。「醜悪」は容姿が醜いことや見苦しいこと。 「奸邪」はよこしまなこと。
1級,拾遺補闕,しゅういほけつ,見落としている過失や、誤りを見つけて正し補うこと。「拾遺」は過失を見つけて補うこと。「補闕」は足りないものを見つけて補うこと。元は君主が見落とした過失や、誤りを正して、臣下が補佐をすること。
1級,衆賢茅茹,しゅうけんぼうじょ,知識と徳の高い賢人たちが互いに力を合わせること。「衆賢」はたくさんの賢人。「茅茹」は植物の茅の根が連なり絡まりあっていること。自身だけが重用されればよいとは考えず、仲間と共にすればよい結果が得られるということ。
1級,秋毫之末,しゅうごうのすえ,非常に小さく細かいもの。または、わずかなもののこと。「秋毫」は秋に動物の夏毛が抜け、変わって生えてくる細い冬毛のことで、非常に小さく細かいことや、わずかなもののたとえ。「末」は一番端の部分のこと。 細い冬毛の先という意味から。
1級,聚散十春,しゅうさんじっしゅん,仲間と別れたあとに、あっという間に長い年月が過ぎ去ったということ。「聚散」は人が集まったあとに離れること。「十春」は春が十回来るという意味から、十年という意味。
1級,袖手旁観,しゅうしゅぼうかん,隣で何も出来ずに、ただ見ていること。「袖手」は袖の中から手を出さないということから、何もしないこと。大きな出来事が起きて、やらなければならないことがあるのに、何もせずにただ見ているだけでいることを非難する目的で用いることが多い言葉。「袖手傍観」とも書く。
1級,秋風冽冽,しゅうふうれつれつ,秋の風の厳しく冷たい様子。「冽冽」は厳しい寒さのこと。 「秋風洌洌」とも書く。
1級,聚蚊成雷,しゅうぶんせいらい,小さなものでも、数が多くなれば大きな力になるということ。または、多くの人が同じ悪口を言うと害悪が発生するということのたとえ。小さな虫の蚊でも、数多く集まれば羽音が雷のようになるという意味から。「聚蚊（しゅうぶん）雷（らい）を成す」とも読む。
1級,酒甕飯嚢,しゅおうはんのう,能力も知識もない人のこと。「甕」は物をいれる容器のかめ、「嚢」は袋。酒を入れる甕（かめ）と飯を入れる袋のことから、酒を飲んで飯を食うだけの何の役にも立たない人のこと。「飯嚢酒甕」ともいう。
1級,夙夜夢寐,しゅくやむび,一日中いつも思うこと。朝早くから夜寝て夢の中でも思うという意味から。「夢寐」は夢を見ている間のこと。
1級,朱脣皓歯,しゅしんこうし,美人を言い表す言葉。「朱脣」は赤い唇、「皓歯」は白い歯。 「朱唇皓歯」とも書く。
1級,珠襦玉匣,しゅじゅぎょっこう,美しいもののたとえ。「珠襦」は宝石を縫い合わせた裾の短い美しい服。「玉匣」は宝石で飾りつけた美しい箱。どちらも地位の高い人の死を送るために使ったとされている。
1級,朱墨爛然,しゅぼくらんぜん,学問や読書に精を出すこと。「朱墨」は朱色の墨。 「爛然」は鮮やかで美しいこと。朱色の墨で書物に様々なことを書き込んでいて、鮮やかで美しいという意味から。
1級,春寒料峭,しゅんかんりょうしょう,春になって暖かくなった後に寒さが戻ってきて、春の風が冷たく感じること。「春寒」は春になって、一度暖かくなった後に戻ってきた寒さのこと。「料峭」は肌寒いこと。
1級,春風駘蕩,しゅんぷうたいとう,特に目立ったこともなく、平和で穏やかな様子。または、穏やかでのんびりとした性格や態度のこと。「春風」は春の穏やかな風。 「駘蕩」はのんびりと落ち着いている様子。
1級,宵衣旰食,しょういかんしょく,夜が明ける前から衣服を身に着けて夜遅くに夕食を取ることから、為政者が早朝から夜遅くまで懸命に政治に取り組むこと。「宵」は夜が明ける前。 「旰」は日が暮れる頃。または、深夜。「旰食宵衣」ともいう。
1級,笙磬同音,しょうけいどうおん,人々が心を合わせて協調し、仲良くする様子のたとえ。「笙」と「磬」はそれぞれ古代中国の管楽器と打楽器。「同音」はこれらの楽器が協調して美しい音を作り出すこと。「笙磬（しょうけい）音（いん）を同じくす」とも読む。
1級,商山四皓,しょうざんのしこう,乱世を避けて、商山に隠遁した四人の老人のこと。「商山」は中国にある山の名前。「四皓」はあごひげと眉が白い四人の老人のこと。中国の秦の時代、東園公、夏黄公、甪里先生、綺里季の四人が乱世を避けて商山に隠遁したという故事から。「商山四皓図」とも言われ、水墨画の画題としてよく使われる。
1級,銷鑠縮栗,しょうしゃくしゅくりつ,意気がなくなり、恐れて小さくなること。「銷鑠」は金属が溶けるという意味から、意気がなくなるということのたとえ。「縮栗」は体をすくめて小さくなって恐れること。 「消鑠縮栗」とも書く。
1級,漿酒霍肉,しょうしゅかくにく,この上なく贅沢なこと。「漿」は一度沸騰させて冷ました水。または、酢のこんず。「霍」は貧しい人が食べる豆の葉のこと。酒を水のように扱い、肉を豆の葉のように扱うという意味から。「酒（さけ）を漿（しょう）とし肉を霍（かく）とす」とも読む。
1級,瀟湘八景,しょうしょうはっけい,中国の湖南省にある美しい景色の八つの場所。「瀟湘」は中国の湖南省にある、瀟水と湘江という川が合流する場所。昔から画題として知られている。
1級,牀上施牀,しょうじょうししょう,無駄なことや意味のないことを繰り返し行うこと。または、人の真似ばかりで、新しい趣がないこと。 「牀」は床のこと。床の上にまた床を張るという意味から。「牀上（しょうじょう）に牀（しょう）を施す」とも読む。
1級,焦頭爛額,しょうとうらんがく,大切なことを忘れて、必要の無いことを重要視すること。または、何かをするときに非常に苦労すること。「爛額」は額が爛（ただ）れること。 「焦頭」は頭を焦がすこと。火事のときに消火や救助をしてくれた人には感謝して、防火方法を教えてくれた人には感謝せず、加えて防火もしていなかったという故事から。「焦頭爛額」ともいう。
1級,嘯風弄月,しょうふうろうげつ,自然の景色を愛でて、風流を好んで楽しむこと。「嘯風」は風に合わせて歌を歌うこと。 「弄月」は月を見て褒め称えること。「風に嘯（うそぶ）き月を弄（もてあそ）ぶ」とも読む。
1級,生滅滅已,しょうめつめつい,仏教の言葉で、生と死を超越して、煩悩が無くなった安らぎの境地である涅槃に入ること。「生滅」は生まれることと死ぬこと。 「滅已」はなくなるということ。
1級,逍遥自在,しょうようじざい,世間から離れて、自由に楽しむこと。「逍遥」は気分に任せて歩くということから、思うままに楽しむこと。「自在」は何ものにも縛られないこと。
1級,逍遥法外,しょうようほうがい,法律を犯した人が、罰則を受けることなく、自由に生活していること。「逍遥」は何ものにも縛られず、思ったままに歩きまわること。法律の外側を自由に歩きまわるということから。「法外（ほうがい）に逍遥（しょうよう）す」とも読む。
1級,蜀犬吠日,しょくけんはいじつ,見識の狭い人が理解もできないのに賢者の言行を非難すること。または、見識の狭い人が理解できないことに対して、無駄な疑いを持って騒ぎ立てること。中国の蜀は高い山に囲まれた地で、ほぼ毎日霧に覆われていて、たまに霧が晴れると犬が怪しんで太陽に向かって吠えたという故事から。「蜀犬（しょっけん）日（ひ）に吠（ほ）ゆ」とも読む。
1級,嗇夫利口,しょくふりこう,喋りは達者だが、身分の低い人のこと。「嗇夫」は地位の低い役人のこと。 「利口」は喋りが上手い人。中国の前漢の文帝が、上林苑の動物園に行ったときに、動物園の帳簿について尋ねても誰も答えることが出来なかったが、口のうまい下級の役人だけが答えることができた。その喋りに感心した文帝は、口のうまい下級の役人を長官にしようとしたが、家臣に口がうまいだけの男を昇進させると天下の混乱に繋がると諫（いさ）められ、昇進を取りやめたという故事から。
1級,緇林杏壇,しりんきょうだん,学問を教える場所、講堂のこと。「緇林」は木々が生い茂っていて暗い林。「杏壇」は杏の木の下にある小高い土の上の壇。孔子は、木々の生い茂った薄暗い林で遊んで、杏の木の下の壇で休んだという故事から。
1級,砥礪切磋,しれいせっさ,学問や人格を高めるために努力すること。「砥」と「礪」と「磋」は磨くという意味。「切」は骨などを切って加工すること。
1級,眥裂髪指,しれつはっし,激怒する様子。 「眥裂」は眼を大きく見開くこと。「髪指」は髪の毛が逆立つこと。
1級,四六駢儷,しろくべんれい,四字句と六字句の対句を用いる、古代中国の修辞的な文体のこと。「駢」は馬を二頭並べて車につなぐという意味から、対句という意味。「儷」は一対になって並ぶという意味。中国の六朝時代から唐の時代にかけて盛んに使われ、中国の美文の基本となった文体。「四六駢儷」ともいう。
1級,神韻縹渺,しんいんひょうびょう,芸術作品にある、表現できないほどのすぐれた趣のこと。「神韻」は神業のようなすぐれた趣のこと。「縹渺」はかすかではっきりとしない様子。「縹渺」は「縹眇」とも、「縹緲」とも書く。
1級,心悸亢進,しんきこうしん,心臓の鼓動が速く激しくなること。「心悸」は心臓の鼓動が乱れる、動悸のこと。 「亢進」は高ぶること。病気や精神的な興奮などで、心臓の鼓動が速く激しくなることをいう。「心悸昂進」とも書く。
1級,晨去暮来,しんきょぼらい,朝早く家を出て、夕方になって帰ってくること。「晨」は早朝。野鳥が朝早くに餌を探しに出て、夕方には巣に帰ってくるということから。
1級,心広体胖,しんこうたいはん,心が広く穏やかな人は、体も大きく落ち着いて見えるということ。「心広」は心が大きく広いこと。「体胖」は体が大きくのびのびとしていること。「心（こころ）広ければ体（たい）胖（ゆた）かなり」とも読む。
1級,深根固柢,しんこんこてい,基礎をよく固めて、不安定にならないようにすること。「根」と「柢」はどちらも木の根のことで、物事の基礎のたとえ。根を深く強固なものにするという意味から。「根（ね）を深くして柢（てい）を固くす」とも読む。「深根固蔕」とも書く。
1級,脣歯輔車,しんしほしゃ,一つが駄目になるともう一つも駄目になるような、非常に深い関係のこと。「輔車」は車の添え木と車の荷台。または、頬の骨と下顎の骨のこと。「唇と歯」や「頬の骨と下顎の骨」のように、互いに助け合うことによって存続できるような関係をいう言葉。中国の晋が虢（かく）の国を攻めるときに、虞（ぐ）の国は晋に通過する許可を出したが、虞の国と互いに助け合う関係にあった虢の国が滅びると、虞の国も滅びたという故事から。「脣歯」は「唇歯」とも書く。 「輔車脣歯（輔車唇歯）」ともいう。
1級,斟酌折衷,しんしゃくせっちゅう,それぞれの事情や心情を汲み取って、その中間を取ること。「斟酌」は事情や心情を汲み取ること。「折衷」は複数の中間を選び取ること。 「斟酌折中」とも書く。
1級,浸潤之譖,しんじゅんのそしり,非難や中傷の言葉が、すこしずつ信じられていくこと。「浸潤」は液体が染み込むという意味から、思想などが人々の間に染み込んで広がることのたとえ。
1級,晨星落落,しんせいらくらく,仲のよい友人が次第に少なくなっていくこと。または、歳をとるにつれて友人が死んでいなくなっていくこと。「晨星」は明け方の空に残っている星。「落落」は閑散としていてさびしい様子。夜が明けるにつれて星が一つ一つと消えていく様子から。「落落晨星」ともいう。
1級,振臂一呼,しんぴいっこ,自分自身を奮い立たせること。「振臂」は腕を振ること。 「一呼」は声を出すこと。腕を振って声を出すということから。
1級,神仏混淆,しんぶつこんこう,神道と仏教の信仰をうまく融合させること。「混淆」は区別できないほどに入り混じること。「混淆」は「混交」とも書く。 また「神仏習合」ともいう。
1級,脣亡歯寒,しんぼうしかん,互いに深い関係で繋がっていて、一方が滅びるともう一方も危険な状態になること。「脣」は唇のこと。唇と歯は互いに助け合う関係であり、唇が無くなると歯は寒くなるということから。古代中国の虞の宮之奇が、虞と虢の国の関係をたとえていった故事から。「脣（くちびる）亡（ほろ）びて歯（は）寒し」とも読む。「唇亡歯寒」とも書く。
1級,瞋目張胆,しんもくちょうたん,大いに勇気を奮うこと。「瞋目」は怒りで目をむき出すこと。 「張胆」は肝っ玉を太くすること。恐ろしい事態にあっても、恐れずに勇気を持って立ち向かう心構えをいう言葉。「目を瞋（いから）し胆（きも）を張る」とも読む。
1級,晨夜兼道,しんやけんどう,急いで仕事をすること。または、昼も夜も休まずに先へ進むこと。 「晨」は朝のこと。「兼道」は二日かかる行程を一日で進むこと。
1級,深厲浅掲,しんれいせんけい,その時々の状況に合わせて適切に対処すること。「厲」は着物をたくし上げること。 「掲」は裾をからげること。深い川を渡る時には着物をたくし上げ、浅い川を渡る時は裾をからげて渡ることから。「深ければ厲（れい）し、浅ければ掲（けい）す」とも読む。
1級,蜃楼海市,しんろうかいし,気象現象の蜃気楼のこと。または、非現実的な考えや根拠のない理論のたとえ。「海市」と「蜃楼」はどちらも蜃気楼（光の異常屈折が原因で遠くのものが浮かんで見えたり逆さに見えたりする現象）のこと。「蜃楼海市」ともいう。
1級,舳艫千里,じくろせんり,船の船尾に次の船の船首がくっつくような間隔で、どこまでも連なっていること。または、そのように船団が進む様子。「舳」は船首、「艫」は船尾、「千里」は距離が非常に長いこと。
1級,自己韜晦,じことうかい,自身の才能や地位、本心などを隠して表に出さないこと。「韜晦」は才能や学識などを隠すという意味。
1級,実践躬行,じっせんきゅうこう,理論などを自らの力で実際に実行してみること。「実践」は実際にやってみること。 「躬行」は自分の力で行うこと。口だけではなく実際にやってみることの大切さをいう言葉。「躬行実践」ともいう。
1級,日月逾邁,じつげつゆまい,月日が過ぎていくこと。または、驚くほどはやく老いていくこと。「日月」は時、時間のこと。 「逾邁」は経過するや、過ぎていくという意味。
1級,鵲巣鳩居,じゃくそうきゅうきょ,他人の地位や成功を横取りすること。または、嫁いできた女性が夫の家をわが家とすることのたとえ。巣作りが得意な鵲（かささぎ）の巣に鳩（はと）が住み着くことから。「鵲巣鳩居」ともいう。
1級,鵲巣鳩占,じゃくそうきゅうせん,他人の地位や成功を横取りすること。または、嫁いできた女性が夫の家をわが家とすることのたとえ。巣作りが得意な鵲の巣に鳩が住み着くという意味から。
1級,邪智奸佞,じゃちかんねい,性格がひねくれていて、悪知恵がはたらくこと。「奸佞」は心がひねくれていて悪賢く、人にこびへつらうこと。「邪智」は悪いことにだけよく働く知恵。「奸佞」は「姦佞」とも、「邪智」は「邪知」とも書く。「邪智奸佞」ともいう。
1級,獣聚鳥散,じゅうしゅうちょうさん,規律や統率が全くないものの集まり。「聚」は集まるという意味。獣のように集まって、鳥のように散るという意味で、獣や鳥が秩序なく集まったり散ったりする様子から。
1級,戎馬倥偬,じゅうばこうそう,戦場で慌しく走り回り、忙しく軍務を行うこと。「戎馬」は戦争で使うための武器と馬。 「倥偬」は非常に忙しいこと。
1級,朮羹艾酒,じゅっこうがいしゅ,もち粟が入っている吸い物とよもぎの入っている酒のこと。「朮」は粟の一種類のもち粟のこと。 「羹」は肉や野菜の入っている吸い物。「艾」はよもぎのこと。古代中国の洛陽で、五月の節句を祝うものとされていた。
1級,蓴羹鱸膾,じゅんこうろかい,故郷のことを懐かしいと思う気持ちのこと。または、故郷の懐かしい味のこと。 「蓴羹」はじゅんさいの吸い物。「鱸膾」は魚のすずきのなます。中国の晋の張翰は、故郷の食事であるじゅんさいの吸い物と、すずきのなますが恋しくなり、官職を辞めて洛陽から帰郷したという故事から。
1級,自由闊達,じゆうかったつ,のびのびとした広い心で小事にこだわらないこと。「自由」は縛られることなく、のびのびしていること。「闊達」は広くおおらかな心で小事にこだわらないこと。「闊達自由」ともいう。
1級,常山蛇勢,じょうざんのだせい,隙が無いことのたとえ。または、文章の初めから終わりまで一貫していることのたとえ。「常山」は中国の河北省にある山のこと。兵法で、前後の陣や、左右の陣が互いに呼応して戦う隙のない戦法のこと。常山に住んでいるとされる両頭の蛇は、頭を攻撃すれば尾で反撃して、尾を攻撃すれば頭で反撃して、体を攻撃すれば頭と尾で反撃するので隙が無いということから。
1級,畳牀架屋,じょうしょうかおく,無駄なことや意味のないことを繰り返し行うこと。または、人の真似ばかりで、新しい趣がないこと。 「牀」は床のこと。「架」は上に架けること。床の上にまた床を張って、屋根の上にさらに屋根を作るという意味から。「牀（しょう）を畳（かさ）ね屋を架（か）す」とも読む。
1級,躡足附耳,じょうそくふじ,注意するときに、その人を傷つけないように、周りの人に気づかれないような配慮をすることが大切であるということ。「躡足」は足を踏むこと。 「附耳」は耳に口をつけて密かに言うこと。「足を躡（ふ）み耳に附（つ）く」とも読む。
1級,攘臂疾言,じょうひしつげん,とても誇らしそうな様子。「攘臂」は袖を捲り上げること。 「疾言」は早口で喋ること。
1級,常備不懈,じょうびふかい,普段の生活の中でも、何かあった時のための準備を怠らないこと。「不懈」は怠らない、油断しないということ。「常に備えて懈（おこた）らず」とも読む。
1級,持粱歯肥,じりょうしひ,ご馳走を食べること。または、良い食事ができる身分になること。「持粱」はご馳走が盛られている食器を手にもつこと。「歯肥」は肥えた肉を噛むこと。「粱（りょう）を持（じ）して肥（ひ）を歯（くら）う」とも読む。
1級,人権蹂躙,じんけんじゅうりん,人が生まれながらに持っている権利を侵すこと。または、憲法で保障されている、国民が人らしく生きるための権利を国家が侵すこと。「人権」は人が生まれながらに持っている、人らしく生きるための権利。「蹂躙」はふみにじること。侵害すること。
1級,人口膾炙,じんこうかいしゃ,多くの人たちの話題となり、人気を集めること。「膾」は生肉を細かく刻んだ食べ物、「炙」は炙り肉のことで、どちらも多くの人がご馳走として好んで食べることから。「人口（じんこう）に膾炙（かいしゃ）する」とも読む。「膾炙人口」ともいう。
1級,人口稠密,じんこうちゅうみつ,人や家が一箇所に集まっていること。「稠密」は隙間がないほどに集まっていること。
1級,人心洶洶,じんしんきょうきょう,世の人たちの心が恐れおののいて動揺していること。「洶洶」はびくびくしたり、動揺したりすること。
1級,人心収攬,じんしんしゅうらん,たくさんの人たちの心をしっかりとらえてまとめること。または、たくさんの人たちの信頼を得ること。「収攬」はまとめて手でにぎること。
1級,塵飯塗羹,じんぱんとこう,実際に何の役にも立たないもののこと。「塵飯」は塵の飯。 「塗羹」は泥の吸い物。こどもがままごと遊びで作った、見た目だけで食べられない食事ということから。
1級,吹影鏤塵,すいえいろうじん,無意味な努力のこと。または、やっても充実感がないことのたとえ。「鏤」は刻むこと。影を吹き飛ばそうとしたり、塵に刻み目をいれようしたりすることから。「影を吹き塵（ちり）に鏤（ちりば）む」とも読む。 「鏤塵吹影」ともいう。
1級,酔眼朦朧,すいがんもうろう,目の焦点が合わないほど酒に酔い、ぼんやりとしか辺りを見ることができない様子。「酔眼」は酒に酔い、目の焦点が定まらない様子。「朦朧」は視界がかすんで、はっきりと区別できないこと。
1級,垂拱之化,すいきょうのか,天子の徳により民衆が感化されて、天子が何もしなくてもおのずと天下が平穏に治まること。「垂拱」は袖を垂れて手をこまねくという意味から何もしないこと。「化」は感化、教化されること。
1級,炊金饌玉,すいきんせんぎょく,とてもぜいたくなごちそうのこと。または、心のこもったもてなしに感謝していう言葉。金を炊いて、宝玉を膳に並べるという意味。「金（きん）を炊（かし）ぎ玉（ぎょく）を饌（そな）う」とも読む。「饌玉炊金」ともいう。
1級,垂涎三尺,すいぜんさんじゃく,あるものを激しく欲しがる様子のこと。「涎」はよだれ。おいしそうな食べ物を見て、思わず涎を三尺も垂らすという意味から。
1級,翠帳紅閨,すいちょうこうけい,身分の高い女性の寝室のこと。「翠帳」はかわせみの緑色の羽で飾りつけた緑色のとばり。「紅閨」は赤い色に塗られた寝室という意味。高貴な家に生まれて大切にされた女性の生活のたとえ。
1級,垂髫戴白,すいちょうたいはく,幼子と老人のこと。「垂髫」はおさげ髪のことで、幼子のたとえ。「戴白」は白髪頭ということから、老人のたとえ。
1級,水天髣髴,すいてんほうふつ,遠くの海と空の境（水平線）がぼんやりとしていて、どこまでが海でどこまでが空なのかはっきりしない様子。「水天」は海と空のこと。「髣髴」はぼんやりとしていてはっきり区別できない様子。「水天彷彿」とも書く。
1級,彗氾画塗,すいはんがと,何の問題もなく簡単にできることのたとえ。「彗氾」は水溜りを箒で掃くこと。 「画塗」は刀を使って泥に線を引くこと。
1級,酔歩蹣跚,すいほまんさん,酒に酔って足元が定まらずにふらつくこと。「酔歩」は酒に酔って歩くときの足取り。「蹣跚」はふらつきながら歩くこと。
1級,垂名竹帛,すいめいちくはく,歴史に名前が残るような功績や手柄のこと。「竹帛」は竹の札と綿布のことで、紙のない時代には竹帛に文字を書いていたことから、歴史書や書物のこと。「名（な）を竹帛（ちくはく）に垂（た）る」とも読む。
1級,吹毛求疵,すいもうきゅうし,強引に人の欠点を探すこと。または、人の欠点をなじることで、逆に自身の欠点を暴かれること。「吹毛」は毛を吹くこと、「求疵」は傷を探すことで、わざわざ毛を吹き分けて、隠れている傷を探し出すという意味から。「毛を吹いて疵（きず）を求む」とも読む。
1級,鄒衍降霜,すうえんこうそう,天に無実を訴えて、真夏に霜を降らせたという鄒衍の故事のこと。中国の戦国時代の五行説を唱えた思想家の鄒衍は、無実の罪で投獄されたときに、天に無実を訴えると、天はそれに応えて真夏に霜を降らせたという故事。
1級,鄒魯遺風,すうろいふう,儒教、儒学のこと。 「鄒」は孟子の生まれた場所。「魯」は孔子の生まれた場所。 「遺風」は後の時代に残っている教え。孟子と孔子の教えという意味から。
1級,寸草春暉,すんそうしゅんき,両親からの恩は非常に大きく、子がどれだけ孝行しても、少しですら報いることは出来ないということのたとえ。「寸」は長さの単位で、短い長さのたとえ。「寸草」は、短い草のことで、両親の恩に報いようとするほんの少しの気持ちをたとえた言葉。「春暉」は春の太陽の光のことで、両親からの恩のたとえ。短い草がどれだけ孝行しても、春の日の光によって育てられた恩に報いることは出来ないという意味から。
1級,随鴉彩鳳,ずいあさいほう,女性が身分の劣る男性に嫁に行かされること。また、そのことに不満を持つこと。美しい鳳（おおとり）が鴉（からす）に嫁ぐことから。妻が夫のことをいい加減に扱うことにも用いる言葉。 「随鴉彩鳳」ともいう。
1級,隋珠和璧,ずいしゅかへき,この世に類をみない貴重な宝物のこと。「隋珠」は随侯が贈られた宝玉、「和璧」は卞和が見つけた原石から磨き出された宝玉のことで、どちらも貴重な宝物のこと。「隋珠」は「随珠」とも書く。
1級,青鞋布韈,せいあいふべつ,旅をするときに着る服装のこと。「青鞋」はわらじ。 「布韈」は脛を保護するために巻く布製の脚半のこと。「布韈青鞋」ともいう。
1級,臍下丹田,せいかたんでん,漢方医学で気を集中して力を込めると健康を保ち、元気や勇気が沸くとされているへそから三寸ほど下あたりのこと。「丹田」はその箇所の名前。
1級,星火燎原,せいかりょうげん,最初は小さい力のものが、成長して強大になり手に負えなくなること。「星火」は星の光のように小さなもの。 「燎原」は広野を焼き払うこと。反乱や一揆が次第に大きくなっていき、防げなくなることをたとえたもの。
1級,旌旗巻舒,せいきけんじょ,戦いが何度も続いて起こることのたとえ。「旌」と「旗」はどちらも旗、「巻」は巻く、「舒」は広げるという意味で、軍旗を巻いたり、広げたりするということから、戦いに明け暮れるというたとえ。
1級,生気溌溂,せいきはつらつ,生き生きと元気に満ち溢れている様子。「生気」は元気や活力のこと。「溌溂」は動作や表情が元気に溢れている様子。
1級,誠惶誠恐,せいこうせいきょう,誠におそれてかしこまるという意味。臣下が天子に自分の意見を述べる時に用いる言葉。「誠惶」は心の底からおそれかしこまることで、それを強調して丁重にいう表現。
1級,井渫不食,せいせつふしょく,すぐれた才能をもつ人物が登用されずにいることのたとえ。「井渫」の「渫」は水の底にあるごみを取り除くという意味から、「井渫」はきれいな井戸水のこと。「不食」は飲むためには用いないこと。ごみなどのないきれいな井戸水があるのに、飲むための水として用いないという意味から。「井（せい）渫（さら）えども食らわれず」とも読む。
1級,悽愴流涕,せいそうりゅうてい,痛々しいほどに悲しみ、涙を流す様子。「悽愴」は見ていられないほど悲しむこと。 「流涕」は涙を流すこと。「凄愴流涕」とも、「淒愴流涕」とも書く。
1級,青天霹靂,せいてんのへきれき,全く予想すらしていなかった急な出来事。大変動。「霹靂」は急に激しい雷鳴が鳴り響くこと。よく晴れた青空に、前触れもなく雷鳴が轟くという意味から。元は、筆勢に躍動感があって、のびのびとしている様子を言い表す言葉。
1級,声名狼藉,せいめいろうぜき,よい評判がなくなって、評判を元に戻すことができないこと。「声名」はよい評判。「狼藉」は散らかっていて、取りまとめることができないこと。悪名が広がりすぎて、どうにもならない状況をいう言葉。
1級,精励恪勤,せいれいかっきん,全力を尽くして仕事や勉学に励むこと。「精励」は全力で物事を行うこと。 「恪勤」は真剣に物事を行うこと。「恪勤精励」ともいう。
1級,積悪余殃,せきあくのよおう,積み重ねた悪事の報いの災いが子孫にまで及ぶこと。「積悪」はたくさん悪いことをすること。「余殃」は悪事の報いが本人だけでなく、その子孫にまで及ぶこと。「積悪の家には必ず余殃有り」という言葉を略した言葉。
1級,跖狗吠尭,せきくはいぎょう,善悪とは関係なく、自分の主人に忠義を尽くすものだということ。「跖」は中国の春秋時代の盗賊の盗跖のこと。 「狗」は動物の犬。「尭」は中国の古代の聖天子の尭帝のこと。盗跖の飼っている犬が尭帝に吠えかかるという意味から。「跖（せき）の狗（いぬ）尭（ぎょう）に吠（ほ）ゆ」とも読む。
1級,尺沢之鯢,せきたくのげい,経験が少なく、知識が狭いこと。または、そのような人のこと。 「尺沢」は小さな池。 「鯢」は山椒魚のこと。小さな池に住む山椒魚は、その池の中のことしか知らないということから。
1級,折花攀柳,せっかはんりゅう,色町で遊女や芸者と遊ぶこと。「折花」は花を手で折って取ること。 「攀柳」は柳の木に登ること。美しい女性を花にたとえ、色町には多くの柳の木が植えられていたということから。
1級,折檻諫言,せっかんかんげん,臣下が自身の君主を厳しく諫（いさ）めること。「折檻」は手すりが折れること。「諫言」は下の立場の者が、上の立場の者を諫（いさ）める言葉。中国の前漢の時代の朱雲は、成帝がひいきにしている臣下は奸臣であり、切り捨てるべきだと諫（いさ）めた。しかし、成帝はそれに怒り、朱雲を処刑するように命じると朱雲はそれに抵抗し、手すりにつかまったまま成帝を諫（いさ）め続けていると、手すりが折れたという故事から。厳しく戒めるという意味の「折檻」の語源とされている。
1級,切磋琢磨,せっさたくま,学問、精神、人格などを努力して磨き上げること。または、同じ目標を持つ友人同士が競い、励まし合って互いに向上していくこと。「切磋」と「琢磨」はどちらも学問や精神、人格などを向上させるという意味。「切磋」の「切」は獣の骨や象牙などを切り出すこと。「磋」はやすりやかんななどで磨き上げること。「琢磨」の「琢」は槌とのみで宝石や石などの角を削って形を整えること。「磨」は砂と石を使って磨き上げること。「切瑳琢磨」とも書く。
1級,切歯扼腕,せっしやくわん,激しく怒って、悔しがる様子のこと。「切歯」は歯ぎしりをすることや歯を食いしばること。「扼腕」は自身の片方の腕をもう片方の手で握り締めること。
1級,雪魄氷姿,せっぱくひょうし,梅の花のこと。または、清く澄んだ心を持った人のたとえ。梅の花は雪の残る冬の終わりに、白く美しく咲くことから。「氷姿」は「冰姿」とも書く。 「雪魄氷姿（雪魄冰姿）」ともいう。
1級,雪萼霜葩,せつがくそうは,植物の梅の別名。「萼」は花のつぼみの外側の部分、がくのこと。 「葩」は花のこと。雪や霜のように白く、寒さをしのいで花を咲かせるという意味から。
1級,窃玉偸香,せつぎょくとうこう,男性が女性に手を出して、男女の肉体関係にふけること。「玉」と「香」はどちらも女性のたとえ。「窃」と「偸」はどちらも盗むということ。「玉（ぎょく）を窃（ぬす）み香（こう）を偸（ぬす）む」とも読む。「偸香窃玉」ともいう。
1級,截断衆流,せつだんしゅる,この世の妄想や気を散らす邪魔な考えを完全に断ち切ること。「截断」は断ち切ること。「衆流」は様々なものの流れという意味から、雑念や煩悩のたとえ。「衆流（しゅる）を截断（せつだん）す」とも読む。
1級,千巌万壑,せんがんばんがく,険しい岩山と深い谷が続く景色。「巌」は険しい岩山。 「壑」は深い谷。「千」と「万」は数が非常に多いことを言い表す言葉。
1級,千金一擲,せんきんいってき,惜しむことなく豪快に大金を使うこと。または、思い切りよく行動すること。 「一擲」は一度投げること。「千金」は大金のこと。 賭け事の一度の勝負に大金を賭けることから。「千金一擲」ともいう。
1級,千鈞一髪,せんきんいっぱつ,極めて危険なことのたとえ。「鈞」は中国の昔の重さの単位で、「一鈞」は周の時代では約八キログラム、唐の時代では約二十キログラム。髪の毛一本で千鈞の重さがあるものを吊り下げることから。「一髪、千鈞を引く」を略した言葉。 「千鈞一髪」ともいう。
1級,千金弊帚,せんきんへいそう,自分の地位や能力などを理解せず、思い上がることのたとえ。または、自分の物ならどんなにつまらないものでも貴重に思えることのたとえ。「弊帚」は使い古してぼろぼろになったほうきのこと。自分の物ならぼろぼろになったほうきでも千金の価値があると考えるという意味から。「弊帚」は「敝帚」とも書く。 「千金弊帚（千金敝帚）」ともいう。
1級,饌玉炊金,せんぎょくすいきん,とてもぜいたくなごちそうのこと。または、心のこもったもてなしに感謝していう言葉。金を炊いて、宝玉を膳に並べるという意味。「金（きん）を炊（かし）ぎ玉（ぎょく）を饌（そな）う」とも読む。「饌玉炊金」ともいう。
1級,千荊万棘,せんけいばんきょく,多数の困難が待ち受けていること。「千」や「万」は数が非常に多いことのたとえ。「荊」と「棘」はいばらのことで、とげがある植物を言い表す言葉。進む予定の道に数え切れないほどのいばらがあるという意味から。
1級,鮮血淋漓,せんけつりんり,真っ赤な血が垂れて落ちること。「鮮血」は体から出たばかりの血。「淋漓」は汗や血などの液体が垂れて落ちること。
1級,洗垢索瘢,せんこうさくはん,他人の失敗や欠点をしつこく見つけ出そうとすること。「索」は探すこと。 「瘢」は傷跡。人の垢を洗い流すようなことをしても、傷跡を探そうとするという意味から。「垢（あか）を洗いて瘢（きず）を索（もと）む」とも読む。
1級,僭賞濫刑,せんしょうらんけい,程度が不適切な褒美と罰のこと。「僭賞」は度を超えた褒美のこと。 「濫刑」はむやみに罰を与えること。
1級,浅斟低唱,せんしんていしょう,酒を軽く飲んで歌や詩を小声で口ずさむこと。「浅酌」は少量の酒をたしなむ程度に軽く飲むこと。「低唱」は歌を小さく低い声で歌うこと。「低唱浅斟」「浅斟低唱」「浅酌微吟」ともいう。
1級,先従隗始,せんじゅうかいし,物事を行うときは、まずは身近なことから始めるべきという教え。または、提案した人が率先して物事を始めるべきであるということ。「隗」は郭隗という人の名前。中国の戦国時代の燕の昭王が、郭隗によい人材が欲しいと相談すると、郭隗は、自分を優遇すれば、愚かな自分でも優遇されると知った賢い者が集まると言った。昭王は郭隗の言うとおりに、郭隗の家を建て替えて重用すると、多くの賢人が集まってきたという故事から。「先（ま）ず隗（かい）従（よ）り始めよ」とも読む。
1級,千仞之谿,せんじんのたに,極めて深い谷のこと。「仞」は長さの単位で、長さの単位の「尋」と同じ長さ。「一仞」はおおよそ五尺から八尺の範囲で様々な説がある。「千仞」は「千尋」とも、「谿」は「谷」とも書く。
1級,泉石膏肓,せんせきこうこう,人里から離れて、自然の中で生活したいという願いが極めて強いこと。「泉石」は泉水と石ということから、自然の景色や、自然そのもののこと。「膏肓」は心臓の下の部分と、横隔膜の上の部分のことで、病気になると治療のための鍼も薬も届かないために、治すことが出来ないとされている。自然の中で生活したいという気持ちが、治せない病気のようになるということから。
1級,戦戦兢兢,せんせんきょうきょう,恐れを感じて震える様子。「戦戦」は恐怖で震えること。 「兢兢」は恐れて慎んだ態度をとること。「戦々兢々」「戦戦恐恐」「戦々恐々」とも書く。
1級,蝉噪蛙鳴,せんそうあめい,うるさいだけで役に立たない議論や、余計な表現が多い稚拙な文章のこと。蛙（かえる）や蝉（せみ）の鳴き声は騒がしいだけで役に立たないという意味から。「蝉噪蛙鳴」ともいう。
1級,翦草除根,せんそうじょこん,災いの原因になるものを全て取り除くこと。「翦草」は草を刈ること。 「除根」は根を取り除くこと。草を全て刈り取り、草が生えないように根を全て取り除くという意味から。「草を翦（き）り根を除く」とも読む。
1級,吮疽之仁,せんそのじん,部下の苦労をねぎらって大切にすること。「吮」は口で直接吸い出すこと。 「疽」は悪性の腫物。中国の戦国時代の楚の将軍の呉起は、悪性の腫物で苦しんでいる部下の血膿を吸い取ってやったという故事から。
1級,千朶万朶,せんだばんだ,たくさんの花のこと。または、たくさんの花が咲き乱れていること。「千」と「万」は数が多いことのたとえ。 「朶」は花が咲いている枝。
1級,扇枕温衾,せんちんおんきん,両親を大切にすること。夏は親の枕元で、扇で扇いで涼しくして、冬は自分の体温で親の布団を温めて、親が過ごしやすいようにするということから。「枕を扇（あお）ぎ衾（ふすま）を温（あたた）む」とも読む。
1級,旋転囲繞,せんてんいじょう,相手の周りを回りながら囲むこと。「旋転」はぐるぐる回ること。 「囲繞」は周囲を取り囲むこと。
1級,瞻望咨嗟,せんぼうしさ,仰ぎ見て、その良さを羨み、ため息をつくこと。「瞻望」は仰ぎ見て尊敬すること。 「咨嗟」はため息をつくこと。「羨望咨嗟」とも書く。
1級,千里無烟,せんりむえん,人々の生活が貧しく苦しいこと。「千里」は千里四方という意味から、広大な範囲のたとえ。「烟」は炊事をするときにでる煙。千里四方の広い範囲で、炊事をする煙が見えないという意味から。「千里無煙」とも書く。
1級,賤斂貴発,せんれんきはつ,価格が安いときに暴落を防ぐために買って保存しておき、価格が高くなったときに、高騰しすぎないように保存しておいたものを売って物価の安定を図る政策のこと。「賤」は安価。 「斂」は集めること。 「貴」は高価。 「発」は出すこと。「賤（せん）に斂（おさ）め貴（き）に発す」とも読む。
1級,噬指棄薪,ぜいしきしん,母と子の気持ちがお互いに通じることのたとえ。「噬指」は指を噛む。 「棄薪」は薪（たきぎ）を捨てるという意味。後漢の蔡順が薪を採りに行っている間に来客があって、母が困って自分の指を噛むと、その気持ちが通じ、蔡順が薪を捨てて帰ってきたという故事から。
1級,贅沢三昧,ぜいたくざんまい,金や物を思うままに好きなだけ使うこと。「贅沢」は必要以上の無駄な費用を使うこと。「三昧」は夢中になって、ほかの事を蔑ろにするという意味。
1級,前倨後恭,ぜんきょこうきょう,調子にのって横暴な態度をとっていたが、急に態度を変えて、相手にへつらうようになること。「倨」は偉そうな態度をとること。 「恭」は礼儀正しく丁寧なこと。中国の戦国時代の遊説家の蘇秦は、諸国を放浪して貧しくなって故郷に帰ると、家族は偉そうに馬鹿にした態度をとった。蘇秦は、その後に六国の宰相になって故郷に帰ると、家族は腰を低くして丁寧に迎え、媚びへつらったという故事から。「前（さき）には倨（おご）りて後（のち）には恭（うやうや）し」とも読む。
1級,草偃風従,そうえんふうじゅう,君主の徳によって自然と民衆が従うこと。「草偃」は草がなびくことで、風が吹けばそれに従い草がなびくという意味。
1級,滄海桑田,そうかいそうでん,世の中の移り変わりが激しいことのたとえ。「滄海」は大海のこと。 「桑田」は桑畑のこと。大海だった所が桑畑になるような変化が起こるとの意から。「滄海変じて桑田と為る」を略した言葉。「桑田滄海」「桑海之変」「滄桑之変」「桑田碧海」などともいう。
1級,滄海遺珠,そうかいのいしゅ,世に知られずに埋もれている立派な人物や有能な人材。「滄海」は大海のこと。 「遺珠」は採集に失敗した真珠のこと。海の中でどこにあるかわからずに埋もれてしまった真珠にたとえた言葉。
1級,滄海一粟,そうかいのいちぞく,非常に大きな物の中にある、極めて小さいもののたとえ。特に宇宙と比べ人間は小さくて儚いものだということのたとえ。「滄海」は大海、「一粟」は一粒の粟のこと。大海に浮かぶ一粒の粟という意味。
1級,走尸行肉,そうしこうにく,生きていても役に立たない人のこと。そのような人を侮蔑するときに使う言葉。 走る屍骸と歩く肉という意味から。
1級,簇酒斂衣,そうしゅれんい,貧しい生活のたとえ。「簇」と「斂」はどちらも集めるという意味で、「簇酒」は酒を少しずつ集めること、「斂衣」は布の端切れを集めること。酒好きで貧しい辛洞は、杯に一杯ずつ酒をもらって酒樽にためて飲み、同じく貧しかった伊処士は、布の端切れを集めて縫い合わせて、服を作ったという故事から。
1級,蚤寝晏起,そうしんあんき,夜は早い時間に寝て、朝は遅い時間まで寝ていること。赤子や幼児の様子をいう。 「蚤」は早い時間、「晏」は遅い時間という意味。「蚤（はや）く寝（い）ね晏（おそ）く起（お）く」とも読む。
1級,痩身矮躯,そうしんわいく,体が痩せていて身長が低い体格のこと。「痩身」は痩せている体。 「矮躯」は身長の低い体。
1級,宋襄之仁,そうじょうのじん,必要のない情けをかけること。「宋襄」は宋の国の襄公という人の名前。 「仁」は哀れみや思いやり。楚との戦闘で、楚の軍が川を渡っている最中の陣形が崩れたところを攻めてはどうかと、部下に進言された襄公は、人の困難につけこむものではないと言い、攻めずにそのまま大敗したという故事から。
1級,漱石枕流,そうせきちんりゅう,自身の失敗や負けを認めようとしないこと。または、何かにつけて言い訳ばかりすること。西晋の孫楚が「石に枕し流れに漱ぐ」という言葉を「石に漱ぎ流れに枕す」と言い間違えた。友人に間違いを指摘されると「石で歯を磨いて、流れで耳を洗うのだ」と無理な主張をして間違いを認めなかったという故事から。夏目漱石の雅号「漱石」はこの故事が由来。 「枕流漱石」ともいう。
1級,滄桑之変,そうそうのへん,世の中の移り変わりが激しいことのたとえ。「滄海」は大海のこと。 「桑田」は桑畑のこと。大海だった所が桑畑になるような変化が起こるとの意から。「滄海変じて桑田と為る」を略した言葉。「桑田滄海」「桑海之変」「滄桑之変」「桑田碧海」などともいう。
1級,桑田滄海,そうでんそうかい,世の中の移り変わりが激しいことのたとえ。「滄海」は大海のこと。 「桑田」は桑畑のこと。大海だった所が桑畑になるような変化が起こるとの意から。「滄海変じて桑田と為る」を略した言葉。「桑田滄海」「桑海之変」「滄桑之変」「桑田碧海」などともいう。
1級,桑土綢繆,そうどちゅうびゅう,災害を防ぐために、事前に準備しておくこと。「桑土」は桑の根、「綢繆」は囲ってふさぐこと。嵐が来る前に桑の根を使って、鳥が巣の穴をふさぐということから。
1級,曾母投杼,そうぼとうちょ,嘘の話でも、多くの人から何度も繰り返し話を聞かされていると信じてしまうことのたとえ。「曾母」は孔子の弟子である曾参の母親。「杼」は機織仕事の道具で糸を通すためのもの。ある時、曾参の親類の者が人を殺した。誰かが誤って、曾参の母親に「曾参が人を殺した」と告げたが、曾参の母親は信じなかった。しかし、二人目、三人目と同じことを告げに来ると、さすがに話を信じて、機織仕事をやめて家を飛び出したという故事から。
1級,草満囹圄,そうまんれいご,平和に治まっていて、よい政治が行われ、犯罪がないことのたとえ。「草満」は草が生い茂ること。 「囹圄」は牢屋のこと。犯罪を犯す人がいないために、牢屋が使われることなく、牢屋に草が生い茂るという意味から。「草（くさ）囹圄（れいご）に満（み）つ」とも読む。
1級,草莽之臣,そうもうのしん,官職につかずに民間の職についている人のこと。または、臣下が自分自身のことを謙って言い表す言葉。「草莽」は草むらや田舎という意味から、官職につかずに民間で働いている人のことのたとえ。
1級,蒼蠅驥尾,そうようきび,普通の人でも賢者の指示に従って行動すれば、功績をあげることが出来るということ。「蒼蠅」は青ばえ。「驥」は駿馬のことで、一日で千里もの距離を走ることが出来るとされるすぐれた馬のこと。駿馬の尾に止まれば、青ばえも千里を移動することが出来るという意味から。「青蠅驥尾に付す」を略した言葉で、謙遜する表現として、「驥尾に付す」との形で用いることもある言葉。
1級,草廬三顧,そうろさんこ,立場が上の人が礼を尽くして、すぐれた才能のある人を招くこと。または、立場が上の人が、立場が下の人に礼を尽くして仕事の依頼をすること。「三顧」は三回訪問することで、古代中国の三国時代に、諸葛亮を迎え入れるために、劉備本人が三回訪問したという故事から。
1級,足音跫然,そくおんきょうぜん,人の足音が響く様子。または、予想もしていなかった来訪や便りがあることのたとえ。「跫然」は足音が響き渡る様子。人里離れた荒れ果てた場所で道に迷うと、人の足音が聞こえるだけでも喜ぶという意味から。
1級,束皙竹簡,そくせきちくかん,昔の資料を解読した故事のこと。「束皙」は中国の晋の時代の人の名前。「竹簡」は竹に文字を記したもので、紙が発明される前に使われていたもの。古代の王の墓から掘り出され、誰にも読むことのできなかった文字を束皙が解読したという故事のこと。
1級,束帛加璧,そくはくかへき,最もよいとされる礼物のこと。「束帛」は十反の絹の布。 「璧」は宝石のこと。十反の絹の布の上に宝石をのせたもののことで、古代中国では最高級の礼物とされていたということから。
1級,束髪封帛,そくはつふうはく,妻が固く貞操を守り続けること。「束髪」は髪の毛を束ねること。 「封帛」は白い絹で包んで封印すること。中国の唐の時代の賈直言は、他人の罪の連帯で処罰されて左遷されることになり、若い妻に再婚するようにいうと、白い絹で髪を束ねて封印して賈直言に署名させ、これを守り続けると誓った。二十年後に賈直言が戻ると封印されたままだったという故事から。
1級,麁枝大葉,そしたいよう,規則に縛られず、自由に書いた文章のこと。または、小さなことにこだわらない、大まかなこと。「麁枝」は大ぶりでまばらな枝、「大葉」は大きな葉のこと。「粗枝大葉」とも書く。
1級,率先躬行,そっせんきゅうこう,人よりも先に、自ら進んで物事を行うこと。「率先」は他人よりも先に物事を行うこと。「躬行」は自らが進んで物事を行うこと。
1級,樽俎折衝,そんそせっしょう,宴会で穏やかな雰囲気で、交渉が有利になるようにすること。食事をしながら外交交渉を行うことをいう。「樽俎」は酒樽と肉料理をのせるための台のことから、豪華な食事のたとえ。「折衝」は敵の勢いを弱めるということ。または、交渉や駆け引きのことをいう。「尊俎折衝」とも書く。
1級,孫楚漱石,そんそそうせき,自身の失敗や負けを認めようとしないこと。または、何かにつけて言い訳ばかりすること。西晋の孫楚が「石に枕し流れに漱ぐ」と言おうとして、「石に漱ぎ流れに枕す」と言い間違え、それを指摘されると、「石で歯を磨いて、流れで耳を洗う」と言い、間違いを認めなかったという故事から。文豪の夏目漱石の雅号「漱石」は、この故事が由来。
1級,尊皇攘夷,そんのうじょうい,政治的な思想の一つで、天皇を崇拝して、他国の勢力を排除しようとすること。「攘」は追い払うこと。 「夷」は異民族のこと。元は別々の尊王論と攘夷論の二つが一つになって、江戸時代の討幕運動の中心となった。「尊王攘夷」とも書く。
1級,造言蜚語,ぞうげんひご,根拠もなく、いい加減な噂のこと。「造言」は根拠のない嘘や作り話。 「蜚語」は無責任な噂のこと。「造言飛語」とも書く。
1級,造次顛沛,ぞうじてんぱい,忙しくて慌ただしい時。または、ごく短い時間のこと。「造次」は慌ただしい時。とっさの場合。「顛沛」はつまずいて転ぶことから、ごく短い時間のたとえ。
1級,俗臭芬芬,ぞくしゅうふんぷん,下品で低俗な様子。「俗臭」は低俗で卑しい様子。 「芬芬」は臭いが強く香ること。金銭や社会的地位に固執する様子をいう。 「俗臭紛紛」とも書く。
1級,鏃礪括羽,ぞくれいかつう,現状に満足せず、学識に磨きをかけて、さらにすぐれた人材になること。「鏃礪」は矢の先にやじりをつけて、それを研いで鋭くすること。「括」は弦を受ける矢の部分、矢筈。 「羽」は矢羽。竹にやじりや矢筈、矢羽をつけて矢を作るという意味から。
1級,大海撈針,たいかいろうしん,非常に困難なこと、ほぼ実現不可能なこと。「撈」はすくい上げること。海の底に落ちた一本の針をすくい上げるという意味から。
1級,大廈高楼,たいかこうろう,大きくて高さのある建物のこと。または、それらの建物が並び立っている様子。「廈」は屋根のある大きな建物。「楼」は二階建て以上の高さのある建物のこと。高層ビル群や大きくて煌びやかな豪邸のこと。 「高楼大廈」ともいう。
1級,大廈棟梁,たいかのとうりょう,国を支える重職を担う人材のたとえ。「大廈」は屋根があって大きい建物。「棟」と「梁」は屋根を支えるための棟木と梁のことで、どちらも家屋を支える大事なものということから。
1級,大衾長枕,たいきんちょうちん,同じ布団で寝るほどに兄弟や夫婦が仲睦まじいことのたとえ。「衾」は夜着や掛け布団のこと。元は夫婦仲がよいという意味の言葉であったが、玄宗皇帝が、息子兄弟が仲良く寝られるように大きな布団と長い枕を作らせた故事から、兄弟の仲がよいこともいうようにもなった。
1級,大桀小桀,たいけつしょうけつ,残虐な王や為政者のこと。「桀」は殷の紂王と同じく、暴君の代名詞になっている夏王朝の桀王のこと。
1級,太羹玄酒,たいこうげんしゅ,規則を守ることばかりの面白味のない文章のたとえ。「太羹」は味をつけていない肉汁。 「玄酒」は水のこと。まだ酒が無かった太古の時代の祭りでは、酒の代わりに水を使っていたことからきた言葉。
1級,対牀風雪,たいしょうふうせつ,友人と一晩中語り明かすこと。「牀」は寝床や腰掛け。吹雪いている夜に時間も忘れて、隣同士の寝床で語り明かすという意味から。「対床風雪」とも書く。
1級,対牀夜雨,たいしょうやう,兄弟や友人との仲がとても良いこと。「対牀」は寝床を並べるという意味。夜に雨の音を聞きながら寝床を並べて仲良く眠ることから。「対牀夜雨」ともいう。
1級,頽堕委靡,たいだいび,体力や気力が少しずつ弱くなっていくこと。「頽堕」はしっかりとしていない、だらしないこと。 「委靡」は衰えること。
1級,黛蓄膏渟,たいちくこうてい,水面が落ち着いていて静かな様子。「黛」は眉を書いたり、整えるために使う墨で、青黒い色をいう。「膏」は油。油で満たされているように静かで、青黒く淀んでいる水面ということから。
1級,大貉小貉,たいばくしょうばく,未開の土地の野蛮な異民族のような為政者のこと。「貉」は中国の北の異民族の蔑称。
1級,帯礪之誓,たいれいのちかい,何があっても絶対に変わることがない固い誓いのこと。功労のある家臣に天子が誓う言葉で、いつまでも繁栄させることを約束する言葉。中国の黄河が帯のように細くなったり、泰山が砥石のように平らになるほどの年月がたっても、功労のある家臣の家はいつまでも途絶えさせないという意味から。中国の漢の劉邦の誓約文、「封爵之誓」の文言。
1級,対驢撫琴,たいろぶきん,愚かな人物に物の道理を説いても理解できないので意味はないということ。「驢」は動物のろば。 「撫」は奏でるという意味。ろばに琴を弾いて聞かせるという意味から。「驢（ろ）に対して琴（こと）を撫（ぶ）す」とも読む。
1級,濯纓濯足,たくえいたくそく,世の中の流れに合わせて身の振り方を変えること。または、善い行いをすれば尊ばれ、悪い行いをすれば蔑まれるということのたとえ。または、世俗を超越すること。 「纓」は冠の紐。水が綺麗なら冠の紐を洗い、水が汚れていれば足を洗うという意味から。
1級,多銭善賈,たせんぜんこ,良い条件が整っていれば物事は成功しやすいということ。「多銭」は資金が豊富にあること。 「善賈」は商売がうまく行くこと。資本が多くあれば商売はうまく行きやすいということから。「多銭（たせん）、善く賈（こ）す」とも読む。
1級,箪食壺漿,たんしこしょう,自分たちを救ってくれた軍隊を民衆が感謝してもてなすこと。「箪」は竹やひのきなどの薄い木の板で作られた、食べ物をいれるための容器。「漿」は酒以外の飲み物や汁物のこと。古代中国の燕の国は斉の国に敗れたが、悪政に苦しんでいた燕の国の民は、斉の軍隊に感謝しもてなしたという故事から。
1級,袒裼裸裎,たんせきらてい,この上なく無礼であること。「袒裼」は袖から肘を引いて外に出すということから、上半身の衣服を脱ぐこと。「裸裎」は全ての衣服を脱いで裸になること。
1級,貪夫徇財,たんぷじゅんざい,欲深い人は金銭のために命を捨てるということ。「貪夫」は強欲な人。 「徇財」は命を捨ててでも、金を欲しがるという意味。「貪夫（たんぷ）は財に徇（したが）う」とも読む。
1級,探驪獲珠,たんりかくしゅ,危険なことをして大きな利益を得ること。または、すぐれた文章を作ることや、試験に合格することのたとえ。「驪」は色が黒いことで、ここでは黒い竜のこと。黒い竜の顎の下には高価な宝石があり、食べられてしまう危険を冒してその宝石をとるという意味から。「驪（り）を探（さぐ）って珠（しゅ）を獲（う）」とも読む。
1級,湛盧之剣,たんろのけん,宝剣のこと。中国の呉の王の闔閭が持っていたとされる、黒く澄んだ宝剣。「湛」は澄むや沈むという意味。 「盧」は黒い色という意味。中国の春秋時代、越の王が有名な刀匠の欧冶子を招いて作らせたもので、呉の王の闔閭が最初に持っていたが、剣が見限って楚の昭王のものになったといわれている。
1級,濁流滾滾,だくりゅうこんこん,勢いよく濁った水が流れる様子。「滾滾」は水がいつまでも激しく流れ続ける様子を言い表す言葉。
1級,煖衣飽食,だんいほうしょく,不自由のない生活のたとえ。または、贅沢な生活のたとえ。飽きるくらいの十分な食料と暖かい衣服があって、生活に困らないという意味から。「煖衣」は「暖衣」とも書く。 「煖衣飽食（暖衣飽食）」ともいう。
1級,断鶴続鳧,だんかくぞくふ,理由もなく、どうなるかも考えずに自然に手を加えて害すること。無闇に自然に手を加えるべきではないという戒め。 「鳧」は鳥の鴨のこと。足の長い鶴の足を切って、足の短い鴨に継ぎ足して長くしても意味はないということから。「鶴（つる）を断ちて鳧（ふ）に続（つ）ぐ」とも読む。
1級,弾丸黒痣,だんがんこくし,非常に狭い土地のたとえ。「弾丸」は小さな鳥を捕獲するために使う弾き弓の小さな玉。「黒子」はほくろ。 弾き弓の玉や、ほくろのような土地という意味から。「弾丸黒痣」とも書く。
1級,断薺画粥,だんせいかくしゅく,貧しい暮らしをしながらも勉学に励むこと。「薺」は植物のなずなのことで、質素な食べ物のたとえ。「画」は四つに切り分けること。中国の北宋の范仲淹は、冷めて固まった粥を四つに切り分けて、朝と夜に二つずつ食べ、おかずには刻んだなずなを食べるという、貧しい暮らしをしながらも勉学に励んだという故事から。「薺（なずな）を断ち粥（かゆ）を画（かく）す」とも読む。「断韲画粥」とも書く。
1級,談天雕竜,だんてんちょうりょう,弁論や文章が広大で立派なこと。または、大きく立派な内容だが、実現することのできない無駄な議論や努力のこと。「談天」は天について議論すること。「雕竜」は竜の彫刻のように、美しく文章を飾ること。中国の戦国時代の斉の鄒衍は天体について語り、鄒奭は立派で美しい文章を書いていたことを、斉の人々が称賛したという故事から。「天（てん）を談じて竜（りょう）を雕（ほ）る」とも読む。「談天彫竜」とも書く。
1級,断爛朝報,だんらんちょうほう,ばらばらになって、どこがどう繋がるかわからない朝廷の記録のこと。「断爛」はちぎれてぼろぼろになること。 「朝報」は朝廷の記録のこと。中国の北宋の王安石が、儒教の五経の一つの『春秋』をそしったという故事から。
1級,遅疑逡巡,ちぎしゅんじゅん,いろいろと疑い迷って、いつまでも決断できずにぐずぐずしている様子。「遅疑」は疑い迷ってなかなか決断できない様子。「逡巡」は尻込みしてぐずぐずすること。
1級,池魚之殃,ちぎょのわざわい,なんの関係も無いのに、災難に巻き込まれることや巻き添えにあうこと。語源が諸説ある言葉。罪を犯した桓魋が逃げるときに、池に宝珠を投げ込み、それを探すために池をさらったために魚が全滅したという故事から。または、城門の火事の消火のために池の水を使ったために、干上がって魚が全滅したという故事から。または、城門の火事が広がり、池中魚という名前の人の家に燃え移って死んだという故事から。「池魚之禍」とも書く。
1級,竹帛之功,ちくはくのこう,歴史に名前が残るような功績や手柄のこと。「竹帛」は竹の札と綿布のことで、紙のない時代には竹帛に文字を書いていたことから、歴史書や書物という意味。
1級,竹苞松茂,ちくほうしょうも,新築の家が完成したことを祝う言葉。「竹苞」は竹の根のようにしっかりとした下部構造。「松茂」は松の葉や枝のような上部の造りの見事さをほめ称える言葉。
1級,蟄居屏息,ちっきょへいそく,"外出せず家の中で息をひそめて隠れていること。また、外出を禁止して謹慎させた江戸時代の刑罰のこと。「蟄居」は""虫が地中にこもる""という意味から、息をひそめて家にこもること。「屏息」は息をひそめて隠れるという意味。"
1級,魑魅魍魎,ちみもうりょう,人に悪いことをする、さまざまな化け物のこと。または、私欲を満たすために悪事を働く者たちのたとえ。「魑魅」は山林の精気から生じるとされる化け物。「魍魎」は山川や木石などの自然物の精気から生じるとされる化け物のこと。
1級,中権後勁,ちゅうけんこうけい,軍隊の策略と陣容が整っていること。「中権」は陣営の中央で参謀が策略を練ること。「後勁」は後ろに強い部隊が待機していること。「中（ちゅう）は権（はか）り後（のち）は勁（つよ）し」とも読む。
1級,昼耕夜誦,ちゅうこうやしょう,昼間は農作業をして、夜は勉強すること。または、貧しい生活をしながらも勉学に励むこと。「昼耕」は昼に農作業をすること。 「夜誦」は夜に本を声に出して読むこと。「昼は耕し夜は誦（しょう）す」とも読む。
1級,誅心之法,ちゅうしんのほう,実際に行動を起こしていなくても、心の中に悪意があれば罰を与えること。中国の春秋時代の法で、「原心定罪」と呼ばれ、動機に応じた罰を与えるということ。
1級,疇昔之夜,ちゅうせきのよ,昨晩。昨夜。前日の夜。「疇」は過ぎた時間を言い表す言葉。
1級,躊躇逡巡,ちゅうちょしゅんじゅん,いつまでも悩んで、物事を決めることが出来ないこと。「躊躇」と「逡巡」はどちらもぐずぐずするという意味で、似た意味の言葉を重ねて強調した言葉。
1級,綢繆未雨,ちゅうびゅうみう,しっかりと準備をして、災害が起こる前に防ぐこと。「綢繆」は穴をふさぐこと。鳥は雨が降る前に巣の穴をふさぎ雨に備えることから。「未雨綢繆」ともいう。
1級,仲連蹈海,ちゅうれんとうかい,自身の信念を堅く守り抜くことのたとえ。節義のためには死をも辞さない、断固とした態度をいう。「仲連」は戦国時代の斉の弁士、魯仲連のこと。「蹈海」は海に身を投げて死ぬこと。趙が秦軍に包囲された折、魯仲連は、非道な秦が天下を取り帝として悪政を敷くくらいなら、東海に身を投げて死のうとも、その民にはならないと言い放ち、諸国を説いて趙を救ったという故事から生まれた言い回し。
1級,黜陟幽明,ちゅっちょくゆうめい,功績に合わせて人材を評価、登用すること。「黜陟」は人材を評価し、それに合わせて待遇を決めること。「幽明」は功績の無い愚者と功績のある賢者。愚者を退けて賢者を登用するということから。「幽明（ゆうめい）を黜陟（ちゅっちょく）す」とも読む。
1級,超軼絶塵,ちょういつぜつじん,他のものよりも非常にすぐれていることのたとえ。または、馬などが非常に速く走る様子。「超軼」は他よりもずば抜けてすぐれていること。「絶塵」は塵が一つも立たないほど、非常に速い速度で走ること。馬の群の中から一頭が非常に速く走りぬけるという意味から。「超逸絶塵」とも書く。
1級,張王李趙,ちょうおうりちょう,どこにでもいる普通の人のこと。「張」、「王」、「李」、「趙」はどれも中国の名字で、どれも中国では珍しくなく、最もありふれた名字という意味から。
1級,重熙累洽,ちょうきるいこう,天子の徳が積み重なっていって、その恩恵が広く行き渡ること。「重熙」は光明を積み重ねること。 「累洽」は恩恵が広く行き渡ること。何代もの間、善政が続いて平和な時代が長く続くという意味から。
1級,長頸烏喙,ちょうけいうかい,頸（くび）が長く、口がとがっている顔立ち。「長頸」は長い頸（くび）のこと。 「烏喙」はからすのくちばしのこと。残忍で疑り深く、強欲な人の顔立ちとされ、苦労をともにすることはできるが、一緒にいても穏やかな気持ちでいることはできないとされる。中国の春秋時代、越の王の勾践のことを、范蠡が評した言葉から。
1級,朝憲紊乱,ちょうけんびんらん,国の法律が乱れること。または、国家としての基本的な部分を乱すこと。「朝憲」は国家が制定した法律や規則。 「紊乱」はかき乱すこと。
1級,懲羹吹膾,ちょうこうすいかい,一度失敗したことに嫌になり、不必要なまでに注意すること。「羹」は熱い汁物。 「膾」は生肉を酢につけたあえもの。熱い汁で火傷をしたことに懲りて、冷たい料理にも息を吹きかけて冷ますという意味から。「羹に懲りて膾を吹く」という形で使うことが多い言葉。
1級,長江天塹,ちょうこうてんざん,長江は陣地を守るための天然の堀であるということ。「長江」は中国の川の名前、揚子江のこと。「天塹」は敵の攻撃を防ぐ天然の塹壕、堀のこと。
1級,朝耕暮耘,ちょうこうぼうん,農業に精を出すこと。朝には畑を耕して、日が暮れてからは草をむしるという意味から。「朝（あした）に耕し暮れに耘（くさぎ）る」とも読む。
1級,彫心鏤骨,ちょうしんるこつ,非常に辛い苦労をすること。または、苦心を重ねて詩文を作り上げること。心に彫りつけて骨に刻み込むという意味から。「心（こころ）に彫（ほ）り骨（ほね）に鏤（きざ）む」とも読む。
1級,朝齏暮塩,ちょうせいぼえん,ひどく貧しいことのたとえ。「齏」は野菜の和え物のこと。朝食に塩漬けの野菜の和え物をおかずにして、夕食は塩をおかずにするということから。
1級,冢中枯骨,ちょうちゅうここつ,特に目立つ長所がなく、役に立たない人のこと。「冢」は墓のこと。 墓の中の骨のような人という意味から。中国の後漢の劉備が徐州の長官を辞退して、袁術に任せようとしたときに、孔融が袁術をあざけって言ったとされる言葉から。
1級,彫虫篆刻,ちょうちゅうてんこく,詩文を作るときに、細かい部分の技巧を必要以上にこだわること。または、細かい部分の技巧にこだわって飾っただけの内容のない詩文のこと。「彫」と「刻」はどちらも刻み込むという意味。「彫虫」は虫に文字を刻み込むこと。または、一説には非常に複雑な書体の虫書のこと。「篆」は漢字の書体の一つで、非常に複雑な書体。「篆刻」は木などに篆書の文字を刻み込むこと。非常に複雑な書体で書いただけの文章という意味から。「雕虫篆刻」とも書く。
1級,喋喋喃喃,ちょうちょうなんなん,男女が小さな声で仲良く話をすること。または、小さな声で仲良く語り合う様子。 「喋喋」はたくさん喋ること。「喃喃」は小さな声で話すこと。
1級,糶糴斂散,ちょうてきれんさん,政府が米を豊作の時に買って保存しておいて、凶作の時に安く売ること。「糶」は穀物を売ること。 「糴」は穀物を買うこと。「斂」は集めるという意味。 「散」は配布するという意味。経済政策の一つで、中国の春秋時代の斉の宰相の管仲に始まったとされ、米市場に適切に介入して、価格を安定させることができる。
1級,嘲風哢月,ちょうふうろうげつ,即興で風や月を題材にした詩歌を作ること。または、内容のない詩文のこと。 「嘲」と「哢」はどちらも遊び楽しむこと。遊びで詩文を作るという意味から。 「嘲風弄月」とも書く。
1級,雕文刻鏤,ちょうぶんこくる,文章の文字や語句を美しく飾ること。「雕文」は模様を彫りきざむこと。 「刻」は木に彫りきざむこと。「鏤」は金属に彫りきざむこと。様々な美しい彫刻のように詩文を飾るという意味から。
1級,跳梁跋扈,ちょうりょうばっこ,悪人などが我が物顔で好き勝手に振舞うこと。「跳梁」は跳ね回ること、「跋扈」は大きな魚が仕掛けた罠から飛び跳ねて逃げる様子のことから。「跋扈跳梁」ともいう。
1級,直往邁進,ちょくおうまいしん,迷うことなく、一途に突き進むこと。「直往」はまっすぐ進むこと。「邁進」は恐れることなく、勢いよく進むこと。
1級,直截簡明,ちょくせつかんめい,簡潔で理解しやすいこと。「直截」は迷わずに決裁すること。 「簡明」は簡潔でわかりやすいこと。文章や人の性質のことをいう。 「簡明直截」ともいう。
1級,佇思停機,ちょしていき,禅宗の言葉で、思い悩み、心の働きが止まってしまうこと。「佇思」はその場に止まって悩むこと。 「停機」は心の働きが止まること。「佇（たたず）みて思い機（き）を停（とど）む」とも読む。
1級,樗櫟散木,ちょれきさんぼく,役に立たない人や物のたとえ。「樗櫟」は木のおうちとくぬぎのこと。おうちもくぬぎも木材としては使えないという意味から。主に自分のことを謙遜していう言葉。
1級,樗櫟之材,ちょれきのざい,役に立たない人や物のたとえ。「樗櫟」は木のおうちとくぬぎのこと。おうちもくぬぎも木材としては使えないという意味から。主に自分のことを謙遜していう言葉。
1級,枕戈待旦,ちんかたいたん,いつでも戦いができるように準備を怠らないこと。「戈」はほこ、武器のこと。 「旦」は夜明け。武器を枕にして、いつでも戦える状態を保って夜明けを待つという意味から。「戈（ほこ）を枕にして旦（あした）を待つ」とも読む。
1級,陳蔡之厄,ちんさいのやく,旅先や道中で災難にあうこと。「陳」と「蔡」はどちらも国の名前。中国の思想家の孔子が遊説の旅の道中、陳と蔡の国境の近くで兵に囲まれ、身動きが取れなくなったうえに、食料が尽きて苦労したという故事から。
1級,枕流漱石,ちんりゅうそうせき,自身の失敗や負けを認めようとしないこと。または、何かにつけて言い訳ばかりすること。西晋の孫楚が「石に枕し流れに漱ぐ」という言葉を「石に漱ぎ流れに枕す」と言い間違えた。友人に間違いを指摘されると「石で歯を磨いて、流れで耳を洗うのだ」と無理な主張をして間違いを認めなかったという故事から。夏目漱石の雅号「漱石」はこの故事が由来。 「枕流漱石」ともいう。
1級,墜茵落溷,ついいんらくこん,人には幸運と不運があることのたとえ。「茵」は敷物のこと。 「溷」は便所、厠（かわや）のこと。散った花びらが運よく敷物に落ちることもあれば、便所に落ちることもあるということから。「茵（いん）に墜（お）ち溷（こん）に落（お）つ」とも読む。
1級,低徊趣味,ていかいしゅみ,世俗を離れてのんびりとした気持ちで自然や芸術を楽しむこと。「低徊」は考え事をしたりしながら、ゆっくりと歩き回ること。「低」は「彽」、「徊」は「回」とも書く。
1級,棣鄂之情,ていがくのじょう,仲が良く美しい兄弟の情のこと。「棣」は庭梅のこと。 「鄂」は花のがくのこと。庭梅の花はがくが寄り添って美しく咲くことから。
1級,渟膏湛碧,ていこうたんぺき,水があぶらのように深く静かによどんで、深緑色に見える様子。「渟」は水が流れずに留まっていること。 「膏」はあぶらのこと。「湛碧」は深緑色の水が満ちている様子。
1級,低唱浅斟,ていしょうせんしん,酒を軽く飲んで歌や詩を小声で口ずさむこと。「浅酌」は少量の酒をたしなむ程度に軽く飲むこと。「低唱」は歌を小さく低い声で歌うこと。「低唱浅斟」「浅斟低唱」「浅酌微吟」ともいう。
1級,定省温凊,ていせいおんせい,親に誠意をもって尽くし、大切にすること。親孝行すること。冬には温かく、夏には涼しくして快適に暮らせるようにし、夜には寝具を整えて朝にはご機嫌をうかがうという意味で、子が親に尽くすべき心がけを説いたもの。「凊」は涼しいという意味。「定」は寝具を整えてよく眠れるようにすること。「省」は省みるという意味から、ご機嫌をうかがうこと。「定省温凊」ともいう。
1級,鼎鐺玉石,ていそうぎょくせき,この上ないほどの贅沢をすることのたとえ。「鼎」は権威や高い地位の象徴で、祭器として用いられた三本足の器。「鐺」は三本足の酒を温めるための器。 「玉」は宝玉のこと。鼎を鐺のように酒を温めるために使い、宝玉を石のように扱うという意味から。「鼎（てい）をば鐺（とう）のごとく玉（ぎょく）をば石のごとく」とも読む。
1級,廷諍面折,ていそうめんせつ,朝廷の君主の面前で、おじけづくことなく、堂々と相手の非を諫（いさ）める行為。「面折」は面と向かっての公然たる非難や責め。「廷諍」は朝廷の君主の前での論争や争論。 「廷諍」は「廷争」とも書く。「廷諍面折（廷争面折）」ともいう。
1級,剃頭辮髪,ていとうべんぱつ,中国の周辺民族で見られた代表的な髪型。清朝では漢民族にも強制された髪型。「剃」は剃ること、「辮」は髪を編むことで、頭の頭頂部を残して、周囲を剃って残った頭頂部を編んで後ろにたらした髪型。
1級,擲果満車,てきかまんしゃ,とても人気があり評判がいいことのたとえ。または、容姿が美しい少年のたとえ。潘岳という人物は容姿がとても美しく、町を歩くだけで婦人たちに車が一杯になるほどの果物を投げられたという故事から。
1級,適楚北轅,てきそほくえん,意志と行動が別の方向を向いていて、互いに反していることのたとえ。「轅」は前進する方向に向けられるかじ棒のこと。「適」はその向きに行くこと。かじ棒は北を向いているのに、なぜか南にある楚の国に行くことから。「適楚北轅」ともいう。
1級,鉄中錚錚,てっちゅうのそうそう,普通の人の中で少しだけすぐれている人のたとえ。「錚錚」は金属の音の形容で、金や銀に比べると劣るが、鉄の中だと少し良い音がするという意味から。
1級,跌蕩放言,てっとうほうげん,周りに気を使わずに好き勝手に喋り散らすこと。「跌蕩」は小さなことにこだわらずに、すき放題すること。
1級,轍乱旗靡,てつらんきび,戦いに負けて慌てて逃げる様子。「轍乱」は車輪の跡が乱れること。 「旗靡」は旗が横たわること。戦争で使う兵車の車輪の跡が乱れていて、軍旗が倒れているという意味から。
1級,天威咫尺,てんいしせき,天子の側近のこと。または、天子の威光に近づきすぎて怖れ多いこと。「天威」は自然と恐れ従わせる天子の威厳。「咫尺」の「咫」は長さの八寸、「尺」は十寸ということから、「咫尺」は非常に近いという意味。天子の威光が非常に近くにあるという意味から。
1級,天宇地廬,てんうちろ,世界。天と地。この世。「天宇」は空の屋根という意味から、空や世界のこと。「地廬」は地のいおりという意味から、大地のこと。
1級,天顔咫尺,てんがんしせき,天子の側近として仕えること。「天顔」は天子の顔。「咫尺」の「咫」は長さの八寸、「尺」は十寸のことから、「咫尺」は非常に近いことのたとえ。
1級,天空海闊,てんくうかいかつ,性格が大らかでさっぱりしていること。「海闊」は広大な海のこと。 「天空」はすっきりと晴れ渡る広い空のこと。「天空海闊」ともいう。
1級,天真爛漫,てんしんらんまん,取り繕ったりせずに、ありのままの心や感情がそのまま溢れ出ている様子。明るく素直で悪気がない様子。「天真」は生まれるときに天から与えられた純粋な性格のこと。「爛漫」はありのままの状態で光輝く様子。
1級,点睛開眼,てんせいかいがん,物事の一番重要な部分。または、仕上げるために最後に手を加える重要な部分。「点睛」は目を描くこと。他の部分は良い出来だが、最後の部分が物足りない状態のことをいう。南朝梁の画家の張僧繇が、安楽寺の壁に竜の絵を描いたが、目を描くと絵から出て飛び去ってしまうといって描かなかったが、信用しなかった人たちから、無理やり描かされると本当に飛び去ってしまったという故事から。
1級,霑体塗足,てんたいとそく,きつい労働の様子。 「霑」は濡れること。「塗」は泥で汚れること。泥まみれになり、びしょぬれになって畑仕事をするということから。「体（からだ）を霑（うるお）し足に塗（ぬ）る」とも読む。
1級,恬淡寡欲,てんたんかよく,物事にこだわらず、さっぱりとしていて、欲望が少ないこと。「恬淡」は物事に執着せず、さっぱりとしていること。「寡欲」は欲がすくないこと。
1級,椽大之筆,てんだいのふで,立派で堂々としている文章のたとえ。「椽」は屋根を支える最も立派で太い木材。垂木。中国の西晋の時代の王珣は、垂木のような大きな筆を授けられる夢を見て、そのように筆をふるう機会があるのではと思っていると、武帝が崩御して、弔辞などで堂々とした文章を書いたという故事から。
1級,天地開闢,てんちかいびゃく,世界の始まり。天と地ができた世の始まり。「天地」は天と地のこと。 「開闢」は始まり、開け始めという意味。一つの渾沌としたものがあり、それが二つに分かれて天と地になったという古代中国の神話から。
1級,輾転反側,てんてんはんそく,なかなか寝付けずに、何度も寝返りをうつこと。心配や悩みなどで眠れない様子をいう。「輾転」と「反側」はどちらも寝返りをうつこと。 「展転反側」とも書く。
1級,天罰覿面,てんばつてきめん,悪い行いをすれば、必ず天から罰が下るということ。「天罰」は天が下す罰のこと。「覿面」は実際に目撃するということから、すぐに効果が現われるということ。
1級,顛沛流浪,てんぱいるろう,つまづいて倒れたり、ふらふらしながら、当てもなく歩くこと。「顛沛」はつまづいて倒れること。 「流浪」は当てもなくさまようこと。
1級,典謨訓誥,てんぼくんこう,『書経』の中にある四つの文体の名前。または、『書経』の篇名の併称。 または、経典ということ。「典」は時代が変わっても通用する軌範、尭典と舜典のこと。「謨」は治世のあり方、大禹謨、皐陶謨、益稷謨の三つ。「訓」は君主を導くための教え。 「誥」は臣下に対する教え。
1級,天歩艱難,てんぽかんなん,天運に恵まれないために非常に苦労すること。または、天の運行が停滞すること。「天歩」は天の運行。または、国家の運命のこと。「艱難」は災難や苦労という意味。
1級,天門開闔,てんもんかいこう,この世の全てのものが変化し、生まれ消滅すること。「天門」はこの世にあるものが生まれ出るとされる門。「開闔」は開いたり閉まったりすること。天門が開くと全てのものが生まれ、閉じると全てのものが消滅するといわれている。
1級,泥首銜玉,でいしゅかんぎょく,頭を地面につけ、玉を口にくわえること。謝罪や降伏を意味する儀式の一つ。
1級,蕩佚簡易,とういつかんい,のんびりとしていて自由なこと。また、細かいことにこだわらず寛大なこと。「蕩佚」はのんびりと自由で寛大なこと。「簡易」は細かいことにこだわらず、おだやかでさっぱりしていること。
1級,冬温夏凊,とうおんかせい,親孝行をすることのたとえ。冬は親が暖かく、夏は涼しく過ごせるように気を配り、夜には寝床を整え、朝には安否をうかがうという、子としての礼から。「冬温夏清」とも書く。
1級,桃花癸水,とうかきすい,"女性の月経のこと。「桃花」は女性を意味する雅語。「癸」は十干の十番目である""みずのと""のこと。 「癸水」は月経のこと。"
1級,韜光晦迹,とうこうかいせき,すぐれた才能などを人に気付かれないように包み隠すこと。または、仏教で、悟りを開いたものが俗世を離れてひっそりと生活すること。「韜」は包み隠すこと。 「光」は人のすぐれた才能のたとえ。「晦」は隠すこと。 「迹」は痕跡のこと。「光（ひかり）を韜（つつ）み、迹（あと）を晦（くら）ます」とも読む。「晦迹」は「晦跡」とも書く。 「晦迹韜光（晦跡韜光）」ともいう。
1級,騰蛟起鳳,とうこうきほう,才能が抜群にすぐれていること。「騰蛟」は天に躍り上がる蛟竜のことで、雷雨を呼び洪水を起こすとされる伝説の竜。「起鳳」は飛び立つ鳳凰のこと。鳳凰は伝説の鳥。
1級,桃弧棘矢,とうこきょくし,災いをはらうこと。「桃弧」は桃の木でできた弓。 「棘矢」は茨の木でできた矢。どちらも魔よけの際に使う道具ということから。
1級,倒載干戈,とうさいかんか,戦いが終わって平和になることの形容。「倒載」は武器を上下逆に積むこと。「干戈」は盾と矛のことから武器の総称。殷の紂王を討伐した帰りに、武王が武器を逆に積み、刃を虎の皮で覆って戦いを二度としないと示した故事から。「干戈（かんか）を倒載（とうさい）す」とも読む。
1級,桃傷李仆,とうしょうりふ,兄弟の仲が悪く、互いに対立して争うことのたとえ。「仆」は倒れるや倒すという意味。桃が傷つき李が倒れるという意味で、桃と李という似ている果実を兄弟にたとえた言葉。
1級,蹈常襲故,とうじょうしゅうこ,昔からのやり方を受け継いで、そのまま行うこと。「蹈」は踏むこと。 「襲」は受け継ぐこと。「常を蹈んで故を襲う」とも読み、「蹈襲」と略し、現在では「踏襲」の形で用いられる言葉。
1級,蹈節死義,とうせつしぎ,正義を貫き通して、節操を守ったまま死ぬこと。「蹈節」は節操を守ること。 「死義」は正義を守るために死ぬこと。「節（せつ）を蹈（ふ）み義に死す」とも読む。
1級,冬扇夏鑪,とうせんかろ,時期が合わず、役に立たないものや、無用な意見や才能のこと。または、今は不要でも適切な時期が来れば役に立つようになること。君主からの愛情や信用を失ったものや、恋人に捨てられた女性などを指す場合もある。「夏鑪」は夏の火鉢や囲炉裏、「冬扇」は冬の扇のことで、どちらも季節外れであることから。「夏鑪」は「夏炉」とも書く。 「冬扇夏鑪（夏炉）」ともいう。
1級,頭童歯豁,とうどうしかつ,老人のこと。または、年老いていくこと。「頭童」は子どもの坊主頭のこと。転じて頭髪が薄くなった頭のたとえ。「歯豁」は歯が抜けて隙間が多くなること。 「歯豁頭童」ともいう。
1級,螳臂当車,とうひとうしゃ,弱者が身の程も知らずに、勝ち目のない強者に立ち向かうこと。「螳臂」はかまきりの前足のこと。斉の荘公の車に、かまきりが前足を振り上げ、車を止めようと立ち向かってきたという故事から。
1級,橦末之伎,とうまつのぎ,軽業のこと。 「橦末」は竿の先端。 「伎」は曲芸。竿の先端で行う曲芸という意味から。
1級,桃李成蹊,とうりせいけい,徳がある人物には、その人を慕って自然と人が集まるということ。「蹊」は狭い道、小道。桃やすももの花は美しく、実はおいしいために自然と人が集まり、道が出来るということから。「桃李言わざれども下自ずから蹊を成す」という言葉を略した言葉。
1級,螳螂之衛,とうろうのえい,数が少なく弱い兵力や軍備のこと。「螳螂」はかまきりのこと。 「衛」は防衛、守備をする人のこと。「螳螂」は「蟷螂」とも書く。
1級,螳螂之斧,とうろうのおの,弱者が身の程も知らずに勝ち目のない強者に立ち向かうこと。「螳螂」はかまきりのこと。「斧」はかまきりの前足のこと。斉の荘公の車に、かまきりが前足を振り上げて立ち向かってきたという故事から。「蟷螂之斧」とも書く。
1級,兎起鶻落,ときこつらく,書画や文章に勢いがあることのたとえ。「鶻」は鳥のはやぶさのこと。うさぎが巣から素早く飛び出したり、はやぶさが急降下しながら獲物を捕らえたりする様子にたとえた言葉。
1級,兎起鳧挙,ときふきょ,並外れて素早いことのたとえ。兎が巣から素早く飛び出したり、鴨が飛び上がる様子にたとえた言葉。「兎（うさぎ）起（た）ち鳧（かも）挙（あ）がる」とも読む。
1級,蠹居棊処,ときょきしょ,色々なところに悪人がいること。「蠹」は木を食べる害虫の木食い虫。 「棊」は囲碁の碁盤の上にある碁石。碁盤の上の碁石のように、木食い虫がたくさんいるという意味から。
1級,得魚忘筌,とくぎょぼうせん,目的を達成するまでに役に立っていたものを達成したあとには忘れること。「筌」は魚を捕まえるために水の中に設置する竹のかご。魚を捕まえたあとは、筌のことを忘れるという意味から。「魚（うお）を得て筌（せん）を忘（わす）る」とも読む。
1級,得隴望蜀,とくろうぼうしょく,人間の欲望は尽きることがないということ。「隴」と「蜀」はどちらも中国の地名。後漢の光武帝が望みを叶えて、隴を手に入れたが、次は蜀が欲しいと望んだという故事から。「隴（ろう）を得て蜀（しょく）を望む」とも読む。
1級,斗斛之禄,とこくのろく,ほんの少しの給料。「斗」と「斛」はどちらも分量の単位で、一斗と一斛ということから、非常に少ないことのたとえ。「禄」は俸禄、給料のこと。
1級,斗筲之人,としょうのひと,器量の小さな人のたとえ。「斗」は一斗の量が入る升。 「筲」は一斗二升の量が入る竹の籠。どちらも入る量が少ない器のことから。「斗筲之器」「斗筲之材」「斗筲之子」ともいう。
1級,屠所之羊,としょのひつじ,次第に死期に近づいていくことのたとえ。屠殺場に連れて行かれる羊という意味から。
1級,咄嗟叱咤,とっさしった,大きな声で叫びながら叱り付けること。「咄嗟」と「叱咤」はどちらも叱り付けるという意味。
1級,訥言敏行,とつげんびんこう,すぐれた人格を持っている人は、口数は少なく、動きは正確で素早いということ。「訥言」は話が下手なこと。 「敏行」は行動が素早いこと。「言（げん）に訥（とつ）にして行いに敏（びん）なり」とも読む。
1級,咄咄怪事,とつとつかいじ,予想もしていなかった不思議な出来事。または、極めて都合が悪いこと。 「咄咄」は驚いて声を上げること。「怪事」は不思議な出来事。晋の殷浩が、親友である桓温の讒言で貶められた悔しさを言い表した言葉から。
1級,突怒偃蹇,とつどえんけん,怒った人やおごりたかぶった人の顔を言い表す言葉。または、岩石が角ばっていて突き出た様子を言い表す言葉。「突怒」は激しく怒っている様子。「偃蹇」はおごりたかぶっている人の様子。
1級,屠毒筆墨,とどくのひつぼく,読んだ人に害を及ぼす書物のこと。「屠毒」は害を及ぼすこと。 「筆墨」は書物のこと。
1級,屠羊之肆,とようのし,自分の身の程に相応しい仕事のたとえ。「屠」は獣を殺すこと。 「肆」は店のこと。羊を殺して肉を売る店という意味。中国の春秋時代、国を追われた楚の昭王のお供をしていた羊肉屋の説は、昭王が王に返り咲いたときに褒賞を与えられたが、「羊肉屋に戻れるだけで十分です」と言い、褒賞を受け取らなかったという故事から。
1級,斗量帚掃,とりょうそうそう,普通の人。または、人材や物がたくさん余っていること。「斗量」はますで量を量ること。 「帚掃」はほうきで掃くこと。どちらも余っていることのたとえで、自分のことを謙遜していう言葉。
1級,屠竜之技,とりょうのぎ,優れてはいるが、学んでも役に立たない無駄な技術のこと。「屠」は獣を殺すこと。竜を殺す技術を学んでも、竜は現実にいないので使うことがないという意味から。
1級,敦煌五竜,とんこうごりょう,中国の晋の時代、朝廷が設置した官吏を養成する大学で、評価が高かった敦煌出身の五人の総称。「燉煌五竜」とも書く。
1級,道揆法守,どうきほうしゅ,道理を基準に物事をはかり、自ら法を守ること。「道揆」は道理に基づいて物事をはかることで、政治を行う上位の者への教訓。「法守」は法を守ることで臣下など下位の者への教訓。
1級,同衾共枕,どうきんきょうちん,男女が同じ布団で睦まじく寝て、情愛を交わすこと。「衾」は布団や夜具のこと。 同じ布団で枕を共にするという意味から。
1級,恫疑虚喝,どうぎきょかつ,心の中では怯えながら、相手をおどすこと。「恫疑」は恐れて迷うこと。「虚喝」は虚勢をはっておどすこと。こけおどし。
1級,銅牆鉄壁,どうしょうてっぺき,守りが非常に堅いことのたとえ。または、絶対に壊すことができないもののたとえ。「牆」は垣根のことで、銅の垣根と鉄の壁という意味から。
1級,同心戮力,どうしんりくりょく,心を合わせて協力すること。「戮力」は力を合わせること。 「同心」は心を合わせること。「力を戮（あわ）せて心を同じくす」とも読む。 「同心戮力」ともいう。
1級,銅駝荊棘,どうだけいきょく,国が滅ぼされることを嘆くことのたとえ。「銅駝」は銅製のラクダの像のこと。「荊棘」は荊（いばら）、または荒れ果てること。中国、晋の索靖は国が乱れることを予知し、「宮門に飾ったラクダの像も、やがて荒れ果てたいばらの中に埋もれるだろう」と嘆いたという故事から。「銅駝の荊棘中に在るを歎く」を略した言葉。 「荊棘銅駝」ともいう。
1級,同袍同沢,どうほうどうたく,苦労を分かち合った友人。親友、戦友。「袍」は中に綿を入れた服のことで、防寒用の服。「沢」は汗取りのことで、下着のこと。衣服を貸し合って助けあった友人という意味から。
1級,瞠目結舌,どうもくけつぜつ,激しく驚いて呆れること。「瞠目」は大きく目を開いて見るということから、驚くこと。「結舌」は舌を結ぶという意味から、舌が動かなくなって、声も出ない様子。
1級,独学孤陋,どくがくころう,師匠や共に学ぶ友人もなく、一人で学問をすることは、見識が狭くなり、他人の意見を聞こうとしなくなるということ。「孤陋」は見識が狭く、考えや態度を変えようとしないこと。「独学固陋」とも書く。
1級,独立不羈,どくりつふき,他の人から縛られず、自身で判断して行動すること。「不羈」はなにものにも繋ぎ止められないこと。 「不羈独立」ともいう。
1級,独立不撓,どくりつふとう,他人に頼らずに、自分自身の力だけで物事を行い、辛いことがあってもくじけないこと。「撓」は枝がたわむということから、心が折れる、くじけるということのたとえ。
1級,弩張剣抜,どちょうけんばつ,戦闘が始まる直前のような緊張した状況のこと。または、書道で筆勢に激しい気迫がこもっていることのたとえ。剣を鞘（さや）から抜いて、石弓に矢をつがえて弦を引くことから。「弩」は矢や石を飛ばすことのできる機械、石弓。「張」は弦を引いて張ること。 「弩張剣抜」ともいう。
1級,駑馬十駕,どばじゅうが,才能がない人でも、努力をすれば才能のある人に並ぶことができるということのたとえ。「駑馬」は、足の遅い馬のこと。 「駕」は、馬に車をつけて走ること。足の速い馬は一日で千里もの距離を走るが、足の遅い馬でも十日間休まず走り続ければこれに追いつけるという意味から。
1級,土崩魚爛,どほうぎょらん,国家や物事が内側から壊れてなくなること。「魚爛」は魚が内臓から腐ること。 「土崩」は積み上げた土が崩れること。「土崩魚爛」ともいう。
1級,呑刀刮腸,どんとうかっちょう,過去の過ちを反省し、改心して善人になること。「刮腸」は小刀で内臓を抉り取るということ。小刀を飲み込んで、体の内側の悪い部分を削り取るという意味から。「刀を呑（の）んで腸を刮（けず）る」とも読む。
1級,南轅北轍,なんえんほくてつ,意志と行動が矛盾していることのたとえ。「轅」は前進する方向に向けるかじ棒のこと。 「轍」は車輪の跡のこと。かじ棒は南を向いているのに、車輪の跡は北に向かって付いているという意味から。「北轍南轅」ともいう。
1級,南橘北枳,なんきつほくき,人は環境次第で良くなることも悪くなることもあるということ。江南ではとても美味しい橘（たちばな）を、淮水より北の土地に植えると食べることができない枳（からたち）になってしまうことから。
1級,南洽北暢,なんこうほくちょう,天子の徳や威光、恩恵などが国中に広く行き渡ること。「洽」と「暢」はどちらも広く行き渡るという意味。
1級,南蛮鴃舌,なんばんげきぜつ,うるさいだけで理解できない言葉という意味。話している内容がわからない外国語を蔑んでいう言葉。「南蛮」は南方の異民族の蔑称。 「鴃舌」は百舌（もず）のさえずりのこと。南方の異民族がよくわからない言葉で話している様子を、百舌の騒がしい鳴き声にたとえたもの。
1級,南蛮北狄,なんばんほくてき,昔の漢民族が呼んでいた南方と北方の異民族の蔑称。「南蛮」は南方の異民族の蔑称。 「北狄」は北方の異民族の蔑称。「北狄南蛮」ともいう。
1級,肉山脯林,にくざんほりん,とても贅沢で豪勢な宴会のこと。「肉山」は積み上げた生肉の山。「脯林」は林のように多くの干し肉が吊るされていること。
1級,肉袒牽羊,にくたんけんよう,降伏してその相手に臣下にしてほしいと請い願うこと。「肉袒」は上半身を脱ぎ裸になることで、どんな罰でも受けるという降伏の意思を表すこと。「牽羊」は羊をひくという意味で、料理人になり仕えたいという意思を表すこと。
1級,肉袒負荊,にくたんふけい,上半身を脱いで裸になり、罪人を罰するための荊の鞭を背負い、自ら罰してほしいと心から謝罪すること。「肉袒」は上半身を脱ぎ裸になることで、どんな罰でも受けるという降伏の意思を表すこと。「負荊」は罪人を鞭打ちするための荊の鞭を背負うこと。「肉袒（にくたん）して荊（けい）を負う」とも読む。
1級,日昃之労,にっしょくのろう,午後まで休むことなく、昼食すら食べずに働くこと。また、精一杯努力して働くことのたとえ。「日昃」は現在の午後二時頃のこと。
1級,涅槃寂静,ねはんじゃくじょう,煩悩のない悟りの境地は静かで穏やかな世界であるということ。「涅槃」は煩悩の炎を吹き消すという意味から、悟りの境地のこと。「寂静」は心静かに落ち着いた様子。仏教の基本的教義である「三法印」や「四法印」の中の一つ。
1級,拈華微笑,ねんげみしょう,言葉を使うことなく、心から心へと通じ合うこと。「拈華」は花をつねるという意味。釈迦が花を指でつねったところ、弟子の中で迦葉だけが意味を理解して微笑したので、釈迦は迦葉に仏法の奥義を授けたという故事から。
1級,年災月殃,ねんさいげつおう,かつてないほどの不幸な日のこと。または、次々へと災厄に見舞われ、とてつもなく不幸なこと。「年災」は天災で穀物がだめになること。「月殃」は月の不運、報い、天罰などのこと。
1級,佩韋佩弦,はいいはいげん,自分の短所の改善に努めること。または、自分の性格を改めて人格を高めるために戒めの物を身につけること。「佩」は身につけるという意味。 「韋」はなめし皮のこと。「弦」は弓のつるのこと。中国の戦国時代、西門豹は短気な性格を直そうと「ゆったりとしたなめし皮」を身に着け、春秋時代の董安于は厳格な性格に改めるために「かたい弓のつる」を身につけたという故事から。「韋弦之佩」ともいう。
1級,悖出悖入,はいしゅつはいにゅう,道理に反したことを言えば、道理に反した言葉が返ってくること。または、道理に反した政治を行えば民衆から恨みの声が返ってくること。「悖」はもとる、さからうという意味。似ている四字熟語の「悖入悖出」は別の意味の言葉。
1級,悖徳没倫,はいとくぼつりん,人の道を外れた行いのこと。「悖徳」は徳に背いたり、逆らったりすること。「没倫」は人としての道徳をなくすこと。「徳に悖（もと）り倫（みち）を没（ぼっ）す」とも読む。
1級,悖入悖出,はいにゅうはいしゅつ,不当な行いで得た財産は、同じように不当な方法で出て行くということ。徳にそむく行いをすれば、道理をはずれたやり方で罰を受けるという意味から。「悖（もと）りて入（い）れば悖（もと）りて出（い）ず」とも読む。似ている四字熟語の「悖出悖入」は別の意味の言葉。
1級,杯盤狼藉,はいばんろうぜき,酒宴で皿や杯が酷く散らかっている様子のこと。または、酒宴が終わった後の酷く散らかっている様子のこと。「杯盤」は杯や皿などの食器のこと。「狼藉」は狼が寝るために敷いた草の散らかった様子のことから、酷く散らかっている様子のたとえ。
1級,破戒無慙,はかいむざん,仏教の戒律を破っても全く恥じることがないこと。「破戒」は不殺生、不偸盗、不邪淫、不妄語、不飲酒という仏教の戒律を破ること。「慙」は恥だと感じること。
1級,波詭雲譎,はきうんけつ,魅了して夢中にすること。または、文章の作り方が自在で巧みなこと。「詭」と「譎」はどちらもいつわるやあやしいという意味で、波や雲のように自在に形を変えて、人の目を奪うということから。「波のごとく詭（あや）しく雲のごとく譎（あや）し」とも読む。
1級,博引旁証,はくいんぼうしょう,たくさんの資料や例を引用して、しっかりとした証拠を出して議論すること。「博引」はたくさんの資料や事例を用いて説明すること。「旁証」は証拠となるものを出して見せること。
1級,璞玉渾金,はくぎょくこんきん,すぐれた人物になる才能を秘めていること。宝石の原石と精錬されていない鉱石との意から。「璞玉」は、掘り出したばかりで磨かれていない宝玉の原石。「渾金」は、あらがね、精錬されていない鉱石。 「渾金璞玉」ともいう。
1級,白玉微瑕,はくぎょくのびか,非常にすぐれた人や物に、わずかな欠点があること。「白玉」は白い宝石。 「微瑕」は少しきずがあること。白く美しい宝石に少しだけきずがあるという意味から。
1級,博識洽聞,はくしきこうぶん,様々な経験をしていて、様々な知識を深く知っていること。「博識」は広い知識があること。 「洽聞」は様々な経験があること。「博識広聞」とも書く。
1級,白荼赤火,はくとせきか,戦場全体に軍隊を展開すること。「白荼」は植物のちがやの白い花。白い色の軍隊と、赤い色の軍隊が向き合っている様子を白いちがやの花と、赤い火にたとえたもの。中国の春秋時代の呉と晋の戦争で、互いに一万の方陣を作ったのを見てたとえたという故事から。
1級,白髪青袗,はくはつせいしん,歳をとってから官職につくこと。「白髪」は白い髪のことで、歳老いた人のこと。「青袗」は浅黄色の短い着物のことで、中国の宋の時代、位の低い文官の着ていたとされる制服のこと。
1級,白璧微瑕,はくへきのびか,非常にすぐれた人や物に、わずかな欠点があること。「白璧」は白い宝石。 「微瑕」は少しきずがあること。白く美しい宝石に少しだけきずがあるという意味から。
1級,伯兪泣杖,はくゆきゅうじょう,両親が年をとって衰えたことに気がつき、悲しむこと。「伯兪」は中国の漢の時代の人の名前。 「杖」は鞭のこと。親孝行で知られていた伯兪は、過ちの罰として母親に鞭でたたかれたが、少しも痛みを感じなかったことに母親が老いて衰えたことを感じて泣いたという故事から。「伯兪（はくゆ）杖（つえ）に泣く」とも読む。 「伯瑜泣杖」とも書く。
1級,八面玲瓏,はちめんれいろう,どの方向からみても曇りの一つもなく透き通っていること。または、心に不信や疑念などがなく、すっきりと澄んでいること。または、人付き合いがうまく、誰とでも円満に付き合えること。「八面」はありとあらゆる方面のこと。「玲瓏」は宝石のように曇りなく透き通っていて美しい様子や、美しく鮮やかに輝く様子。
1級,八面六臂,はちめんろっぴ,一人で何人分もの働きをして素晴らしい結果を出すこと。または、様々な分野で素晴らしい結果を出すこと。「八面」は八つの顔。「六臂」は六つの腕。三つの顔と六つの腕を持つ密教の阿修羅像から「三面六臂」という言葉が生まれ、そこからありとあらゆる方向という意味の「八面」に変化したもの。
1級,撥雲見日,はつうんけんじつ,心配ごとがなくなって、将来に希望がもてるようになること。「撥雲」は日の光を遮る暗く厚い雲が晴れるということで、心配ごとがなくなることのたとえ。暗い雲が晴れて日の光がさすという意味から。「雲を撥（ひら）き日（ひ）を見る」とも読む。
1級,撥乱反正,はつらんはんせい,乱世を治めて世の中を平和な世界にすること。「撥乱」は乱世を治めること。「反正」は乱世になる前の平和な世に戻すこと。「乱を撥（おさ）めて正を反す」とも読む。
1級,跛鼈千里,はべつもせんり,努力を続ければ、能力が劣っていても成功するということのたとえ。「鼈」はすっぽんのこと。足の不自由なすっぽんでも、歩みを止めずに進めば千里に至ることから。
1級,爬羅剔抉,はらてきけつ,世に知られていない人材を探し出して用いること。または、人が秘密にしていることや、弱点を暴くこと。「爬」は爪などでほじくって集めること。「羅」は網などで鳥を捕まえること。 「剔」は削り取ること。「抉」は抉り取ること。
1級,波瀾曲折,はらんきょくせつ,物事が進んでいくにつれて、込み入った変化や事情が起きること。「波瀾」は波と荒波という意味から、争いという意味。「曲折」は折れ曲がるという意味から、複雑な事情という意味。「波乱曲折」とも書く。
1級,波瀾万丈,はらんばんじょう,物事の変化が非常に激しい様子。人生などのたとえとして用いることが多い言葉。「波瀾」は移り変わりが激しいこと。または、揉め事や争い事などのこと。元々、「波」は小さい波、「瀾」は大きい波を意味する。「万丈」はとても高いことのたとえ。「丈」は長さの単位。「波乱万丈」とも書く。
1級,跛立箕坐,はりゅうきざ,礼儀作法に外れていて、失礼な態度のこと。「跛立」は片足で立つこと。 「箕坐」は足を投げ出して座ること。
1級,攀轅臥轍,はんえんがてつ,立派な人が官職を辞めないことを望んで引き留めること。「攀轅」は車のまえに突き出た二本の棒、ながえにすがりつくこと。「臥轍」は車の進路に伏して通れないようにすること。中国の後漢の時代、秦彭や侯覇が転任するときに、住民が引きとめたという故事から。「轅（ながえ）に攀（よ）じて轍（わだち）に臥（ふ）す」とも読む。「攀轅扣馬」ともいう。
1級,半饑半渇,はんきはんかつ,食べ物や飲み物が足りないこと。半分ほど飢えていて、半分ほど渇いているという意味から。「半飢半渇」とも書く。
1級,班女辞輦,はんじょじれん,班婕妤が、天子と同じ車に乗ることを断ったという故事のこと。または、主君の行いを諫（いさ）める賢い女性のこと。「班女」は班婕妤のことで、班は姓、婕妤は女官の地位の名称。「輦」は天子の乗る車。中国の漢の成帝は、寵愛していた班婕妤に車に一緒に乗るように言ったが、すぐれた君主はすぐれた臣下と車に乗り、王朝が滅びる前の君主は愛人を車に乗せると言って辞退したという故事から。「班女（はんじょ）輦（れん）を辞（じ）す」とも読む。
1級,繁文縟礼,はんぶんじょくれい,形式や規則、礼儀、手続きが複雑で面倒くさいこと。「繁文」は細かく複雑な飾りや、分かりづらい規則のこと。「縟礼」は複雑で分かりづらい礼儀や作法のこと。「繁縟」と略して使うこともある言葉。
1級,攀竜附驥,はんりょうふき,力のある人に付き従うことで、自身も出世すること。「攀」はすがりつくということ。「驥」は一日で千里の距離を走るとされる、すぐれた馬のこと。竜やすぐれた馬にしがみつくという意味から。「竜（りょう）に攀（よ）じ驥（き）に附（つ）く」とも読む。
1級,攀竜附鳳,はんりょうふほう,力のある人に付き従うことで、自身も出世すること。「攀」はすがりつくということ。「鳳」は中国の伝説上の鳥の鳳凰の雄のこと。竜や鳳凰にしがみつくという意味から。「竜（りょう）に攀（よ）じ鳳（ほう）に附（つ）く」とも読む。
1級,倍日并行,ばいじつへいこう,昼も夜もかまわずに先を急ぐこと。「倍日」は一日でその倍の二日分のことをすること、「并行」は合わせるという意味で、一日で二日分の行程を進むという意味から。「倍日併行」とも書く。
1級,馬鹿慇懃,ばかいんぎん,必要以上に礼儀正しくて丁寧なこと。または、表面は非常に丁寧で礼儀正しいが、実際は尊大なために無礼なこと。
1級,漠漠濛濛,ばくばくもうもう,はっきりと見えず、ぼんやりとしている様子。「漠」は薄暗い様子。「濛」は雨やもやなどで薄暗く、ぼんやりしていること。
1級,跋扈跳梁,ばっこちょうりょう,悪人などが我が物顔で好き勝手に振舞うこと。「跳梁」は跳ね回ること、「跋扈」は大きな魚が仕掛けた罠から飛び跳ねて逃げる様子のことから。「跋扈跳梁」ともいう。
1級,跋山渉水,ばつざんしょうすい,苦しく辛いことを克服しながら長い旅をすること。「跋山」は山を越えること。 「渉水」は河を渡ること。「山を跋（ふ）み水を渉（わた）る」とも読む。
1級,罵詈讒謗,ばりざんぼう,乱暴で品のない言葉を使い、相手のことを悪く言うこと。「罵詈」は汚い言葉で相手の悪口を言うこと。「讒謗」は他人のことを悪く言うこと。 「讒謗罵詈」ともいう。
1級,罵詈雑言,ばりぞうごん,乱暴で品のない言葉を使って、相手のことを悪く言うこと。または、その言葉のこと。「罵詈」は汚い言葉で相手の悪口を言うこと。 「雑言」は様々な悪口のこと。
1級,蛮夷戎狄,ばんいじゅうてき,中国の周辺にいた異民族のこと。漢民族が異民族を蔑んで呼んでいた名称。「南蛮、東夷、西戎、北狄」という四方の異民族の呼称をまとめた言葉。
1級,槃根錯節,ばんこんさくせつ,事情が複雑で解決することが難しいこと。「槃根」は曲がりくねった木の根のこと。「錯節」は入り組んだ木の節のこと。 「盤根錯節」とも書く。
1級,万寿無疆,ばんじゅむきょう,健康でいつまでも長生きすること。「万寿」は一万年の寿命ということから、長生きのたとえ。「無疆」は限りがないということ。限りなく長生きしますようにと、長寿を祝う言葉。「万寿（ばんじゅ）疆（きわま）り無し」とも読む。
1級,万物殷富,ばんぶついんぷ,国が繁栄して、全てのものが栄えて豊かになること。「殷富」は繁栄して豊かになること。
1級,万目睚眥,ばんもくがいさい,たくさんの人ににらまれること。「万目」は多くの人の目という意味から、大勢の人のこと。「睚眥」はにらむこと。
1級,悲歌慷慨,ひかこうがい,世の中の有り様や自分の運命などについて憤り嘆くこと。「悲歌」は悲しげに歌うこと。 「慷慨」は不満を抱き嘆くこと。「慷慨悲歌」ともいう。
1級,卑躬屈節,ひきゅうくっせつ,自分の信念や持論を無理に変えて、人にこびへつらうこと。「卑躬」は腰をかがめて頭を下げること。「屈節」は主義、主張を曲げること。
1級,匪躬之節,ひきゅうのせつ,自身の損得は考えずに、君主や国家への忠義を尽くすこと。「匪躬」は自身の損得を考えないこと。
1級,披荊斬棘,ひけいざんきょく,困難を克服しながら前進すること。「披」と「斬」はどちらも切り開く、「荊」と「棘」はどちらもいばらのことで、いばらの道を切り開いて先にすすむという意味から。
1級,比肩随踵,ひけんずいしょう,次から次へと絶え間なく続いている様子。または、大勢の人が次々と続いている様子。「比肩」は肩を並べるということから、人が多いということ。「随踵」は踵を踏むほどの間隔で続いてくること。「肩を比べ踵（かかと）に随（したが）う」とも読む。
1級,悲傷憔悴,ひしょうしょうすい,酷く悲しんで苦しみやつれること。「悲傷」は酷く悲しむこと。「憔悴」は精神的な苦痛や病気でやつれ衰えることから。
1級,飛絮漂花,ひじょひょうか,特に遊女などに身を落とすことをいい、女性がつらい境遇で、見込みもないまま苦労すること。「絮」は柳の花の綿毛、「花」は女性の形容。女性の境遇を、綿毛が風に吹かれて目的もなく漂う様子にたとえたもの。
1級,悲壮淋漓,ひそうりんり,悲しみの中にあっても、雄雄しい気概に満ちていること。「悲壮」は悲しみの中でも勇ましい意気があること。「淋漓」は水などが滴ることや、意気が満ちること。
1級,筆削褒貶,ひっさくほうへん,公正で厳しく批評する春秋筆法を評する言葉。「筆削」は必要な言葉を書き足したり、不必要な言葉を削ったりすること。「褒貶」はよいところは褒め、悪いところは貶すこと。
1級,筆力扛鼎,ひつりょくこうてい,勢いがあって力強い文章のこと。「筆力」は文章の勢いや筆遣い。「扛鼎」は食べ物を煮るために使う青銅の器を持ち上げること。青銅で出来た重い器を持ち上げるほど、筆力が強いという意味から。「筆力（ひつりょく）鼎（かなえ）を扛（あ）ぐ」とも読む。
1級,篳路藍縷,ひつろらんる,とても苦労しながら仕事に励むこと。または、身分が低く貧しい者が様々な苦労をして難しい物事を成し遂げて、事業を始めることのたとえ。または、無駄遣いをしないように、常に気に留めて生活することのたとえ。「篳路」は植物の柴を編んで作った、作りの粗い車。「藍縷」は破れるほど使い古した衣服。
1級,非難囂囂,ひなんごうごう,欠点や失敗を責める声が非常にやかましい様子。「非難」は相手の欠点や失敗を責めること。「囂囂」はやかましいことや、非常に声が大きいこと。「非難囂々」とも書く。
1級,髀肉之嘆,ひにくのたん,実力を発揮する機会がなく、功績を上げられないことを嘆くこと。または、特にやることもなく、無駄に日々を過ごすことを嘆くこと。「髀肉」は太ももについた贅肉。中国の三国時代の蜀の劉備は、劉表のもとに身を寄せたが、劉表は劉備の野心を警戒して重用することなく、戦場に出る機会もなくなり、常に戦場に出て締まっていた太ももに贅肉がついたと、劉備が嘆いた故事から。「髀肉」は「脾肉」、「嘆」は「歎」とも書く。
1級,被髪纓冠,ひはつえいかん,尋常でなく急ぎ慌てること。「被髪」は束ねずに乱れた髪の毛。 「纓冠」は冠の紐を結ぶこと。乱れた髪を整えずに、そのまま冠の紐を結ぶという意味から。
1級,被髪左衽,ひはつさじん,文明がないような地域にある野蛮な風習のこと。「被髪」は束ねずに乱れた髪の毛。「左衽」は左前にして着物を着ることで、普通とは逆に着るという意味。「被髪左袵」とも書く。
1級,被髪佯狂,ひはつようきょう,髪を振り乱して、気がふれた人のふりをすること。「被髪」は束ねずに乱れた髪の毛。「佯狂」は狂っているかのように見せかけること。古代中国の殷の紂王の臣下である箕子は、暴政を行う紂王を諫（いさ）めたが聞き入れられなかった。君主のもとを去れば、君主の悪が公になってしまい、また、自分自身を弁解することにもなってしまうと考えた箕子は、髪を乱し、狂ったふりをして奴隷となったという故事から。
1級,肥馬軽裘,ひばけいきゅう,身分が高く財産がある人の服装。または、常にとても富貴な様子。「軽裘」は軽くて高級で丈夫な皮ごろも。 「肥馬」は肥え太った立派な馬。「肥馬軽裘」ともいう。
1級,悲憤慷慨,ひふんこうがい,世の中や自身の運命に憤りを覚えて嘆き悲しむこと。「悲憤」は悲しんで憤ること。「慷慨」は社会の不正や世論が悪い方向に変わっていくことなどを憤り嘆くこと。似ている意味の言葉を重ねて強調した言葉。 「慷慨悲憤」ともいう。
1級,百姓一揆,ひゃくしょういっき,日本の江戸時代に、農民が結束して起こした暴動のこと。「一揆」は目的を果たすために、心を合わせて行動すること。飢饉や増税、役人の不正などで生活が苦しくなり、それらを解消しようとして起こしていた。
1級,百折不撓,ひゃくせつふとう,何度失敗しても信念を曲げないこと。「百折」は何度も折れること。 「不撓」は決して曲がらないこと。非常に意志が固いことをたとえた言葉で、物事が何度途中で駄目になっても、決して諦めないという意味から。
1級,百様玲瓏,ひゃくようれいろう,様々な種類の美しさがある様子。「百様」は数多くの種類のものがある様子。「玲瓏」は宝石のように澄み切っていて美しい様子。または、宝石や金属から出る澄んだ美しい音のこと。
1級,百花繚乱,ひゃっかりょうらん,すぐれた能力を持っている人物が同じ時期に一斉に現れ、多くの素晴らしい成果を残すこと。または、すぐれた能力を持っている人物や、容姿の美しい人物がたくさん集まっている様子を言い表す言葉。「百花」は様々な種類のたくさんの花、「繚乱」は多くの花がまじり合って咲くことで、様々な種類の花がまじり合ってたくさん咲いているという意味。「百花撩乱」とも書く。
1級,百孔千瘡,ひゃっこうせんそう,欠点や短所が数多くあること。または、ひどく傷だらけでぼろぼろの状態のこと。「百」と「千」はどちらも数が多いことのたとえ。「孔」は穴、「瘡」は切り傷。 百の穴、千の切り傷があるという意味から。「千瘡」は「千創」とも書く。 「千瘡百孔（千創百孔）」ともいう。
1級,氷甌雪椀,ひょうおうせつわん,汚れがなく、上品で趣のある文具のこと。または、そのような文具で詩文を書き写すこと。 「氷甌」は氷でできたかめ。「雪椀」は雪でできたお椀。 「冰甌雪椀」とも書く。
1級,飄忽震蕩,ひょうこつしんとう,いきなり激しく揺り動かすこと。「飄忽」は突然、いきなりという意味。 「震蕩」は激しく揺らすこと。「飄忽震盪」とも書く。
1級,氷姿雪魄,ひょうしせっぱく,梅の花のこと。または、清く澄んだ心を持った人のたとえ。梅の花は雪の残る冬の終わりに、白く美しく咲くことから。「氷姿」は「冰姿」とも書く。 「雪魄氷姿（雪魄冰姿）」ともいう。
1級,剽疾軽悍,ひょうしつけいかん,動きが素早く、気が荒く、強いこと。「剽疾」は動きが速いこと。 「軽悍」は動きが速く、気が強いこと。
1級,飛揚跋扈,ひようばっこ,思うまま横暴に振る舞うこと。または、臣下が好き勝手に振る舞い、君主の力をこえること。「飛揚」は猛禽類の鳥が舞い上がること。「跋扈」は魚を捕まえるための竹垣の罠を飛び越えて逃げること。悪人などが、常識や規則などを無視して好き勝手に行動することをいう。
1級,疲労困憊,ひろうこんぱい,疲れ果てること。「困憊」は酷く疲れて弱ること。
1級,牝鶏之晨,ひんけいのしん,女性が強い権力を持って、勢力を振るうこと。または、女性が権力を握って治めると、国や家などが滅びることのたとえ。「牝鶏」は雌鶏。 「晨」は日の出を鶏が鳴いて知らせるという意味。日の出の時間に鳴くのは本来は雄鶏であり、雌鶏が鳴くことは秩序が乱れた証とされ、王后や王妃が権力を握り、国家が滅びることの前触れとされていた。
1級,牝牡驪黄,ひんぼりこう,物事の見た目にこだわらず、本質を見抜くことのたとえ。「牝牡」はめすとおすのこと。 「驪黄」は色の黒色と黄色。中国の秦の穆公が、馬を見抜く名人である伯楽に推薦された九方皐に馬を探しに行かせた。九方皐が黄色い牝馬を見つけたという報告を受けたが、連れ帰られた馬は黒い牡馬であった。穆公は馬の色や性別も分からないのかと怒ったが、これに対して伯楽は色や性別などの見た目にこだわらず、馬本来の能力を見るべきだといった。そして、その馬は他と比べることのできないほどの名馬だったという故事から。
1級,媚眼秋波,びがんしゅうは,美人の艶かしい色目や流し目のこと。「媚眼」は媚びるような目つき、「秋波」は秋の澄んだ水の波のことから美人の涼やかな目つきという意味。
1級,尾大不掉,びだいふとう,臣下の力が大きくなりすぎると、君主が統制することができなくなるということ。「尾大」は尾の大きさが大きいこと。「掉」は振り動かすこと。尾が大きすぎると自力で尾を動かすことができないという意味から。
1級,病入膏肓,びょうにゅうこうこう,趣味などに夢中になって、やめられなくなること。または、悪い癖が出て手がつけられなくなること。元は病気の症状が悪化して、治る見込みがなくなるという意味から。「膏肓」は治療のための鍼や薬が届かない、体の奥深い部分のこと。「病膏肓に入る」という形で使うことが多い言葉。
1級,馮異大樹,ふういたいじゅ,謙虚で慕われるような人格のたとえ。「馮異」は後漢の将軍の名前で、馮異は他の将軍たちが手柄の話を始めると、大きな樹の下に移動して自身の功績を語ろうとしなかったという故事から。
1級,風雨淒淒,ふううせいせい,風や雨が激しく、酷く冷たくて寒い様子。または、乱世のこと。 「風雨」は風と雨が激しいという意味から嵐のこと。「淒淒」は冷たくて寒い様子のことで、乱世のたとえとして用いることもある。「風雨凄凄」とも書く。
1級,風雨対牀,ふううたいしょう,兄弟が会うこと。「牀」は床や寝床という意味で、兄弟が床を並べて、雨や風の音を心静かに聞きながら、語り合って眠るということから。
1級,風鬟雨鬢,ふうかんうびん,風雨にさらされて、苦労しながら仕事に励むこと。「鬟」はまげ、「鬢」は耳のあたりの髪のびん。髪を風にとかされ、雨に洗われるという意味から。
1級,風岸孤峭,ふうがんこしょう,威厳があり、人と馴れ合わない性格のため、角が立ってしまい孤立していること。「風岸」は融和できずにすぐに角が立ってしまう厳しい性格。「孤峭」は孤立した山などが険しく立っている様子。
1級,風紀紊乱,ふうきびんらん,社会の道徳や規律が乱れること。または、乱すこと。特に男女の交際の節度のこと。 「紊乱」は乱れる、または乱すという意味。
1級,風光明媚,ふうこうめいび,自然の景色が澄んでいて美しいこと。「風光」は景色や眺め。「明媚」は景色が美しく澄んでいる様子。
1級,風櫛雨沐,ふうしつうもく,様々な苦労をすることのたとえ。「風櫛」は髪を風でとかすこと。 「雨沐」は雨で体を洗うこと。雨や風にもめげずに苦労しながら働くということから。
1級,風声鶴唳,ふうせいかくれい,ちょっとしたことに驚いたり怯えたりすることのたとえ。「風声」は風の音。 「鶴唳」は鶴の鳴き声。前秦の苻堅の軍が東晋の軍に敗れて逃げるとき、兵たちは風の音や鶴の鳴き声のようなわずかな音でも、敵軍の追撃だと思い恐れたという故事から。「鶴唳風声」ともいう。
1級,浮雲翳日,ふうんえいじつ,悪人が政治の権力を握り、世の中が悪くなることのたとえ。または、悪い家臣が君主を惑わして善政が行われないことのたとえ。また、悪人が善人に被害を与えること。「浮雲」は日の光を遮る雲ということから悪人のたとえ。「翳日」は日の光を覆い隠すこと。「浮雲（ふうん）日（ひ）を翳（おお）う」とも読む。
1級,巫雲蜀雨,ふうんしょくう,離れ離れになって暮らしている夫婦がお互いのことを思いやることのたとえ。「巫雲」は中国の巫山という名前の山の雲。「蜀雨」は中国の蜀という名前の国に降る雨。
1級,浮家泛宅,ふかはんたく,船を住居にして水上で生活すること。または、漂泊して生活するという意味から、一定の住居に留まらない隠者の生活のこと。「泛宅」は水の上に浮いている家ということから、船のこと。
1級,不羈之才,ふきのさい,非常にすぐれた才能。 「羈」はつなぐという意味。誰にも繋ぎとめることが出来ない才能という意味から。
1級,不羈奔放,ふきほんぽう,誰にも縛られることなく、好き勝手に振る舞うこと。「羈」はつなぐという意味から「不羈」は何ものにも縛られないこと。「奔放不羈」ともいう。
1級,俯仰之間,ふぎょうのかん,非常に短い時間のこと。「俯仰」はうつむくことと上を向くこと。下を向いたり、上を向いたりする間の時間という意味から。「俛仰之間」とも書く。
1級,伏寇在側,ふくこうざいそく,常に自身の身のまわりの注意を怠らず、慎みのある言動をするべきだということ。「伏寇」は潜んでいる盗賊、「在側」は近いところにいるという意味。怠ることなく、いつも注意すべきだという戒めの言葉。「伏寇（ふくこう）側（かたわら）に在り」とも読む。
1級,不屈不撓,ふくつふとう,苦労や困難があっても決して諦めることがないこと。「不屈」と「不撓」はどちらも決して屈しない、諦めないという意味。似た意味の語を重ねて強調した言葉。 「不屈不撓」ともいう。
1級,俯察仰観,ふさつぎょうかん,目に入るさまざまな物や現象を観察すること。上を見上げては空に起こる現象を観察し、下を見ては土地の様子を観察するという意味から。「俯察仰観」ともいう。
1級,巫山雲雨,ふざんうんう,男女の交わり、情交のたとえ。「雲雨」は雲と雨のこと。「巫山」は中国の四川省と湖北省の間にある、女神が住んでいたとされる山のこと。中国の戦国時代の楚の懐王が昼寝をした際、夢の中で巫山の女神と情交を結んだ。別れ際に女神が「朝には雲となって、夕方には雨となってここに参ります」と言ったという故事から。「巫山雲雨」ともいう。
1級,巫山之夢,ふざんのゆめ,男女の交わり、情交のたとえ。「巫山」は中国の四川省と湖北省の間にある、女神が住んでいたとされる山のこと。中国の戦国時代の楚の懐王が昼寝をした際、夢の中で巫山の女神と情交を結んだ。別れ際に女神が「朝には雲となって、夕方には雨となってここに参ります」と言ったという故事から。
1級,俛首帖耳,ふしゅちょうじ,人の機嫌をとる卑しい態度のこと。「俛首」は頭を伏せること。 「帖耳」は耳を垂れること。犬が飼い主に従う様子ということから。「首（こうべ）を俛（ふ）し耳を帖（た）る」とも読む。「俯首帖耳」とも書く。
1級,膚受之愬,ふじゅのうったえ,痛切な訴えのこと。「膚受」は切りつけるような痛切さのこと。「愬」は不平や不満を訴えること。気づくことなく垢がたまるように、少しずつ人を偽り、傷つけていくという意味でも使われる言葉。
1級,鳧趨雀躍,ふすうじゃくやく,大いに喜んで小躍りすること。「鳧趨」は鳥のかもが小走りに走ることで、かもは体を左右に揺らしながら小走りするということから、小躍りする様子のたとえ。「雀躍」は鳥の雀が踊ること。
1級,附贅懸疣,ふぜいけんゆう,必要がなく、迷惑なだけなこと。「附」はくっつくこと。 「贅」と「疣」はどちらもこぶや、いぼのこと。「懸」はぶらさがること。くっついていたり、ぶら下がっていたりするいぼやこぶということから。「附贅」は「付贅」とも、「懸疣」は「懸肬」とも書く。
1級,不撓不屈,ふとうふくつ,苦労や困難があっても決して諦めることがないこと。「不屈」と「不撓」はどちらも決して屈しない、諦めないという意味。似た意味の語を重ねて強調した言葉。 「不屈不撓」ともいう。
1級,布韈青鞋,ふべつせいあい,旅をするときに着る服装のこと。「青鞋」はわらじ。 「布韈」は脛を保護するために巻く布製の脚半のこと。「布韈青鞋」ともいう。
1級,榑木之地,ふぼくのち,東にある、太陽が昇るとされる地方。または、日本の異名。「榑木」は太陽の昇る場所にあるとされる神木の名前で、この神木から太陽が昇るとされている。榑木は扶桑（ふそう）ともいう。「扶木之地」とも書く。
1級,蜉蝣一期,ふゆうのいちご,人の一生が短く消えてしまいやすいことのたとえ。「蜉蝣」は虫の蜉蝣（かげろう）。 「一期」は一生のこと。蜉蝣は朝に成虫になり、夕方には寿命で死ぬといわれているということから、儚いもののたとえ。
1級,不埒千万,ふらちせんばん,法や道理に従わないこと。または、非常に無礼なこと。 「埒」は乗馬をする場所の囲いのこと。「不埒」は埒から外れるということから、法や道理から外れることをいう。「千万」は普通の程度を甚だしく超えていることを言い表す言葉。
1級,刎頸之交,ふんけいのまじわり,深い友情のたとえ。「刎頸」は首を切り落とすという意味。相手のためなら首を切り落とされてもかまわないということから。中国の戦国時代の趙の将軍の廉頗と、藺相如が深い友情を結んだという故事から。
1級,物論囂囂,ぶつろんごうごう,世間のうわさや物議が騒々しく、落ち着かないこと。「物論」は世間のうわさや物議。「囂囂」は多くの人が声を出していて騒がしいこと。
1級,蚊子咬牛,ぶんしこうぎゅう,影響がまったくないこと。または、自分の実力を考えずに、無謀な行動をすること。「子」は小さいという意味。 小さな蚊が大きな牛を刺すという意味から。「蚊子（ぶんし）、牛を咬（か）む」とも読む。
1級,文恬武嬉,ぶんてんぶき,世の中が平和なことのたとえ。「恬」は心が穏やかな様子。文官は心安らかに落ち着いていて、武官は日々を楽しんでいるということから。
1級,敝衣蓬髪,へいいほうはつ,ぼろぼろの服、乱れ放題の髪のことから、身なりが汚い様子。「敝衣」はぼろぼろの服。 「蓬髪」は乱れ放題でよもぎのような髪のこと。「敝衣」は「弊衣」とも書く。
1級,兵戈槍攘,へいかそうじょう,"戦闘が激しいさま。兵の武器が乱れ動くという意味から。「兵戈」は""ほこ""のことから武器という意味。 「槍攘」は乱れ動く様子。"
1級,秉燭夜遊,へいしょくやゆう,人生は短いので、夜遅くまで遊んで楽しもうという意味。「秉燭」は手に灯りを持つこと。
1級,萍水相逢,へいすいそうほう,旅をしているもの同士が偶然の出会いから知り合いになること。「萍」は浮き草のこと。 偶然の出会いを浮き草と流れる水にたとえた言葉。
1級,弊帚千金,へいそうせんきん,自分の地位や能力などを理解せず、思い上がることのたとえ。または、自分の物ならどんなにつまらないものでも貴重に思えることのたとえ。「弊帚」は使い古してぼろぼろになったほうきのこと。自分の物ならぼろぼろになったほうきでも千金の価値があると考えるという意味から。「弊帚」は「敝帚」とも書く。 「千金弊帚（千金敝帚）」ともいう。
1級,瓶墜簪折,へいついしんせつ,男女が離れて二度と会うことができないことのたとえ。「瓶」は井戸のつるべ、「簪」は玉のかんざしのことで、つるべの縄が切れて、縄が井戸の底に落ち、かんざしが二つに折れてしまうという意味から。
1級,兵馬倥偬,へいばこうそう,軍人の生活のことをいい、戦争をして日々をせわしなく送ること。「兵馬」は武器と馬という意味から戦争のこと。「倥偬」は忙しいという意味。
1級,壁立千仞,へきりつせんじん,壁のような険しい崖が高く立っていること。または、仏教語で真理を得るための道のりが非常に険しいことのたとえ。「仞」は古代中国の高さや深さをあらわす単位のこと。
1級,霹靂一声,へきれきいっせい,急に雷鳴が轟き渡ること。または、前触れもなくいきなり大きな声で怒鳴ること。「霹靂」は前触れもなく急に雷鳴が轟くこと。 「一声」は音が一度鳴ること。
1級,霹靂閃電,へきれきせんでん,激しく勢いがあって非常にすばやいことのたとえ。「霹靂」は前触れもなく急に雷鳴が轟くこと。 「閃電」は雷がきらめくこと。
1級,偏袒扼腕,へんたんやくわん,激しく怒ったり、ひどく悔しがる様子。感情を昂らせる様子を表す言葉。「偏袒」は着物の片方の袖を脱いで肩を出すこと。「扼腕」は片手でもう片方の二の腕を強く握ること。どちらも感情を昂らせることのたとえ。
1級,胼胝之労,へんちのろう,非常に辛い苦労をすること。「胼胝」は皮膚が厚く固くなるたこやひび、あかぎれ。たこやひび、あかぎれができるほどに苦労するという意味から。
1級,偏旁冠脚,へんぼうかんきゃく,漢字の部首の総称。「偏」は漢字の左側の部分、へん。 「旁」は漢字の右側の部分、つくり。「冠」は漢字の上部分、かんむり。 「脚」は漢字の下部分、あし。漢字の部首は他にもあるが、それらを一まとめにしていう言葉。「偏傍冠脚」とも書く。
1級,汨羅之鬼,べきらのき,水中で溺れて死んだ人のこと。「汨羅」は中国の川の名前。 「鬼」は死者の霊魂。楚の懐王に忠節を尽くして仕えていた屈原という人が、讒言で懐王の怒りを買い、追放されて入水自殺したという故事から。
1級,弁才無礙,べんざいむげ,喋ることが非常にうまく、流れるように話すことが出来ること。「弁才」は弁舌の才能があること。「無礙」は何ものにも妨げられることがないこと。元は仏教語で、菩薩が仏の教えを他人に説く、すぐれた能力のことをいった言葉。「弁才無碍」とも書く。
1級,駢四儷六,べんしれいろく,四字句と六字句の対句を用いる、古代中国の修辞的な文体のこと。「駢」は馬を二頭並べて車につなぐという意味から、対句という意味。「儷」は一対になって並ぶという意味。中国の六朝時代から唐の時代にかけて盛んに使われ、中国の美文の基本となった文体。「四六駢儷」ともいう。
1級,鞭辟近裏,べんぺききんり,人からの励ましを受け、努力して学問や道理の奥深くを理解していくこと。または、身に切実なことだけを考えること。または、文章などがしっかりと考えられていて、深い意味が込められていること。「鞭辟」は馬車の御者が鞭を打ち鳴らして、その音で人込みを切り開くこと。「近裏」は内側という意味。鞭を打ち鳴らして、人込みを掻き分けて、人込みの内側に馬車が入っていくということから。「鞭辟（べんぺき）して裏に近づく」とも読む。
1級,駢拇枝指,べんぼしし,役に立たないもののたとえ。「駢拇」は足の親指と人差し指がくっついて一つになっていること。「枝指」は手の親指が枝分かれして、親指の隣に六本目の指があること。
1級,逢掖之衣,ほうえきのい,袖が大きくゆとりのある服のこと。儒者の服。「逢」は大きいやゆるやかという意味。 「掖」は腋（わき）の下のこと。
1級,鳳凰于飛,ほうおううひ,「鳳凰」はおおとりのことで、「鳳」は雄、「凰」は雌とされ、つがいになって飛ぶことから、夫婦の仲がとてもよいこと。または、徳の高い天子の下に、賢臣が多く集まること。
1級,鳳凰銜書,ほうおうがんしょ,天子の使者が命令の書かれた文書を持ってくること。「鳳凰」は聖天子が出現する時に現れるとされる想像上の鳥。「銜」は口にくわえるという意味。鳳凰が勅書を口にくわえて持ってくるという意味からきた言葉。
1級,法界悋気,ほうかいりんき,自分には関係がないものを羨望したり、妬んだりすること。主に他人の恋愛に対してのことをいう。「法界」は全ての世界、宇宙万物という意味。仏教語。「悋気」は嫉妬する心のこと。
1級,抱関撃柝,ほうかんげきたく,地位の低い役人のたとえ。「抱関」は門番、「撃柝」は夜警のことで、どちらも地位の低い仕事であることから。
1級,泛駕之馬,ほうがのうま,一般的な常識には従わずに別の方法をとる英雄のたとえ。「泛駕」は馬が興奮して指示に従わずに道をそれてしまうということから。
1級,判官贔屓,ほうがんびいき,弱い者や負けている者、不運の者たちに同情して、応援したり手助けをしたりすること。「判官」は官職の名前のことで、ここでは源義経のこと。「贔屓」は特に目をかけて可愛がったり手助けをしたりすること。源義経が兄の源頼朝に嫉妬されて滅ぼされたことに対して人々が同情を寄せたことから。
1級,方趾円顱,ほうしえんろ,人間のこと。 「円頭」は丸い頭。「方足」は四角い足。古代中国では、頭は天を、足は大地をかたどっており、人と天地は似ている存在と考えられていたことから。「円首方足」「円顱方趾（円顱方址）」「方趾円顱（方址円顱）」ともいう。
1級,封豕長蛇,ほうしちょうだ,非常に欲深く、残酷なもののたとえ。「封」は大きいという意味で、「封豕」は大きな豚やいのしし。「長蛇」は長い大蛇。いのししは何でも食べるということから、欲深いことのたとえ。へびは大きなものでもそのまま飲み込むということから、残酷なことのたとえ。中国の春秋時代、楚の国の申包胥が言ったとされる言葉から。「封豕長蛇を為す」を略した言葉。
1級,飽食煖衣,ほうしょくだんい,不自由のない生活のたとえ。または、贅沢な生活のたとえ。飽きるくらいの十分な食料と暖かい衣服があって、生活に困らないという意味から。「煖衣」は「暖衣」とも書く。 「煖衣飽食（暖衣飽食）」ともいう。
1級,宝鈿玉釵,ほうでんぎょくさい,金や銀、宝石などで飾り付けた美しいかんざしのこと。または、そのような美しいものを言い表す言葉。「鈿」と「釵」はどちらもかんざしのこと。
1級,放蕩不羈,ほうとうふき,思うまま好き勝手に振る舞うこと。「放蕩」は好き勝手に振る舞うこと。「不羈」はなにものにも縛られないこと。
1級,放辟邪侈,ほうへきじゃし,思うまま好き勝手に悪事を働くこと。「放」は好き勝手に振る舞うこと。 「辟」はかたよること。「邪」は道理にはずれた正しくないこと。「侈」は相手を見下して高慢な態度をとること。
1級,蜂目豺声,ほうもくさいせい,冷酷で残忍な性質の人のこと。「豺」は気性の荒い、狼に似た山犬のこと。蜂のように細い目と山犬のような気味の悪い声という意味から。
1級,鳳友鸞交,ほうゆうらんこう,男女の肉体関係のたとえ。また、男女が結婚することのたとえ。「鳳」と「鸞」はどちらも中国の伝説の鳥。「鳳」は鳳凰、「鸞」は鳳凰に似ている霊鳥。それらの美しい鳥の交わりを人の男女にたとえた言葉。「鸞交鳳友」ともいう。
1級,北轅適楚,ほくえんてきそ,意志と行動が別の方向を向いていて、互いに反していることのたとえ。「轅」は前進する方向に向けられるかじ棒のこと。「適」はその向きに行くこと。かじ棒は北を向いているのに、なぜか南にある楚の国に行くことから。「適楚北轅」ともいう。
1級,北轍南轅,ほくてつなんえん,意志と行動が矛盾していることのたとえ。「轅」は前進する方向に向けるかじ棒のこと。 「轍」は車輪の跡のこと。かじ棒は南を向いているのに、車輪の跡は北に向かって付いているという意味から。「北轍南轅」ともいう。
1級,輔車脣歯,ほしゃしんし,一つが駄目になるともう一つも駄目になるような、非常に深い関係のこと。「輔車」は車の添え木と車の荷台。または、頬の骨と下顎の骨のこと。「唇と歯」や「頬の骨と下顎の骨」のように、互いに助け合うことによって存続できるような関係をいう言葉。中国の晋が虢（かく）の国を攻めるときに、虞（ぐ）の国は晋に通過する許可を出したが、虞の国と互いに助け合う関係にあった虢の国が滅びると、虞の国も滅びたという故事から。「脣歯」は「唇歯」とも書く。 「輔車脣歯（輔車唇歯）」ともいう。
1級,匍匐膝行,ほふくしっこう,両手をついて、膝を床につけ、ひれ伏したまますり足で移動すること。地位の高い人の前で、恐縮しながら移動するときの作法。「匍匐」は腹を地面に付けて寝そべること。「膝行」は膝を地につけて、するように移動すること。
1級,賁育之勇,ほんいくのゆう,気力と勇気に満ち溢れている様子。「賁」と「育」はどちらも人の名前で、孟賁と夏育のこと。孟賁と夏育はどちらも中国の秦の武王に仕え、二人とも怪力で勇気があることで有名。
1級,本地垂迹,ほんちすいじゃく,仏や菩薩は、世の人々を救うために、神の姿になって人々の前に現われるということ。仏教と神道を結びつけた考え方で、神道の神は、仏が姿を変えたものであるということから。「本地」は仏や菩薩の本当の姿。「垂迹」は仏や菩薩が様々な姿になって現われるということ。
1級,奔放不羈,ほんぽうふき,誰にも縛られることなく、好き勝手に振る舞うこと。「羈」はつなぐという意味から「不羈」は何ものにも縛られないこと。「奔放不羈」ともいう。
1級,冒雨剪韭,ぼううせんきゅう,来訪した友人を手厚くもてなすこと。「冒雨」は雨を冒す、「剪韭」はにらを摘みにいくことで、来訪した客をもてなすために雨の中、外に出て、にらを摘み食事をごちそうした故事から。
1級,茅屋采椽,ぼうおくさいてん,飾り気のない素朴な家のこと。「茅屋」はかやぶきの屋根。「采椽」は手を加えていない切り出しただけの材木のこと。
1級,暴虎馮河,ぼうこひょうが,一時の熱意にまかせて、後先考えずに無謀な行いをすること。「暴虎」は虎を素手で殴ること。 「馮河」は大河を歩いて渡るという意味。どちらも無謀な行動のたとえ。 孔子が弟子の子路を戒めた言葉。
1級,望蜀之嘆,ぼうしょくのたん,人間の欲望は尽きることがないということ。「蜀」は中国の地名。後漢の光武帝が望みを叶えて、隴を手に入れたが、次は蜀が欲しいと望んだという故事から。
1級,亡脣寒歯,ぼうしんかんし,互いに深い関係で繋がっていて、一方が滅びるともう一方も危険な状態になること。「脣」は唇のこと。唇と歯は互いに助け合う関係であり、唇が無くなると歯は寒くなるということから。古代中国の虞の宮之奇が、虞と虢の国の関係をたとえていった故事から。
1級,旁時掣肘,ぼうじせいちゅう,他人の横から口を出して邪魔をすること。「旁」はそば、近い場所という意味。「掣肘」は肘を引っ張るという意味から、仕事の邪魔をすること。「旁（かたわ）らより時に肘（ひじ）を掣（ひ）く」とも読む。
1級,茫然自失,ぼうぜんじしつ,予想外のことに、気が抜けて我を忘れること。「茫然」は予想外のことに、気が抜けてぼんやりすること。「自失」は放心してぼんやりすること。 「呆然自失」とも書く。
1級,茅堵蕭然,ぼうとしょうぜん,かやぶきの垣根のある家の物寂しい様子。「茅堵」はかやぶきの垣根がある粗末な家のことで、田舎の家をいう。「蕭然」はひっそりとしていて物寂しい様子。
1級,尨眉皓髪,ぼうびこうはつ,老人を言い表す言葉。「尨」は白髪混じりという意味。 「皓」は色が白いという意味。髪や眉に白い毛が混じるという意味から。
1級,墨痕淋漓,ぼっこんりんり,墨を使って書かれたものが生き生きとしている様子。「墨痕」は墨の跡という意味から、墨で書かれているもののこと。「淋漓」は水などの液体が滴る様子ということから、筆勢がみずみずしいということ。
1級,麻姑搔痒,まこそうよう,物事が思い通りにうまくいくこと。または、細かい要望に対して満足する結果で応えることができること。痒い所に手が届くという意味。「麻姑」は手の爪が鳥のように長い中国の伝説の仙女の名前。「搔痒」は痒いところをかくということ。漢の桓帝の時代、蔡経が「麻姑の爪で背中をかかせたら気持ちが良いにちがいない」と思ったという故事から。
1級,麻姑掻痒,まこそうよう,物事が思い通りにうまくいくこと。または、細かい要望に対して満足する結果で応えることができること。痒い所に手が届くという意味。「麻姑」は手の爪が鳥のように長い中国の伝説の仙女の名前。「搔痒」は痒いところをかくということ。漢の桓帝の時代、蔡経が「麻姑の爪で背中をかかせたら気持ちが良いにちがいない」と思ったという故事から。
1級,摩頂放踵,まちょうほうしょう,自身を顧みずに他人に尽くすこと。「摩」は磨り減る、「頂」は頭頂部、「放」は至る、「踵」はかかとのこと。頭の先から足の踵（かかと）まで磨り減らすほど、他人・周りのために努力するという意味から。
1級,満身創痍,まんしんそうい,全身傷だらけなさま。または、激しく非難されて精神的にひどく痛めつけられていること。「満身」はからだ全体。 「創」と「痍」はどちらも傷のこと。
1級,満目蕭条,まんもくしょうじょう,見渡すかぎり全てがひっそりとしていて寂しい様子。「満目」は視認できる距離全て。 「蕭条」は静かで寂しい様子。
1級,曼理皓歯,まんりこうし,容姿の美しい人のこと。「曼理」はきめの細かい肌。 「皓歯」は白くて綺麗な歯。
1級,無辜之民,むこのたみ,何の罪も犯していない人たちのこと。「無辜」は罪が無いという意味。主に天災や人災などに巻き込まれて苦しめられる人々のことをいう。
1級,無根無蔕,むこんむてい,頼みとするところや支えてくれるものが何もないこと。「無根」は根が無いこと、「無蔕」は蔕（へた）がないこと。植物が根付くための根や果実をつけるための蔕がないことから。
1級,無慙無愧,むざんむき,恥ずかしいと思うことなく、動揺することもなく悪行を行うこと。「慙」と「愧」はどちらも恥じるという意味で、ともに「無」をつけて恥じることが無いという意味から。
1級,無病呻吟,むびょうしんぎん,病気になっているわけではないのに苦しそうにすること。または、取り立てるほどのことでもないのに、大げさに騒ぎ立てること。または、必要以上に嘆息して見せるだけで、真実だとは思えない詩文のたとえ。「呻吟」は苦しんで声を発すること。
1級,霧鬢風鬟,むびんふうかん,黒くて美しい髪の毛のたとえ。「霧鬢」は墨のように黒くて美しい髪。 「風鬟」は風でなびく美しい髪。
1級,無辺無礙,むへんむげ,どこまでも広く、縛られるものが何もないこと。仏教の言葉で、「無辺」はどこまでも広いこと、「無礙」は煩悩にとらわれずに自由なこと。「無辺無碍」とも書く。
1級,毋望之禍,むぼうのわざわい,考えてもいなかった不幸が突然訪れること。「毋望」は予期していなかったことが突然起こること。「毋」は「无」、「無」とも書く。
1級,無欲恬淡,むよくてんたん,さっぱりとしていて、欲がなく、物事にこだわらないこと。「恬淡」はものに執着せずに、落ち着いていること。「恬淡」は「恬澹」、「恬憺」とも書く。
1級,無余涅槃,むよねはん,精神だけでなく、肉体の制約からも解放された完全な悟りの境地のこと。「無余」は何も残っていないこと。「涅槃」は煩悩を完全に捨て去った悟りの境地のこと。
1級,銘肌鏤骨,めいきるこつ,心にしっかりと刻み込み、決して忘れることがないこと。「銘肌」は皮膚に刻み込むこと。 「鏤骨」は骨に刻み込むこと。肌・骨に刻み込むように、しっかりと記憶して忘れることがないという意味。
1級,明察秋毫,めいさつしゅうごう,どんな小さなことも見逃さない非常に優れた洞察力のたとえ。「秋毫」は秋に生え変わる獣の細い毛のことで、その細い毛さえも見分けることができるという意味から。
1級,明窓浄几,めいそうじょうき,明るくて綺麗で勉強に集中できる書斎のこと。明るい日の光が入る窓と塵一つ無く清潔に保たれている机という意味から。「浄几」は「浄机」とも書く。
1級,明眸皓歯,めいぼうこうし,美女のこと。「明眸」は美しく透き通った瞳のこと。「皓歯」はきれいに並んだ白い歯という意味。楊貴妃の美しさをたたえた言葉。 「皓歯明眸」ともいう。
1級,明朗闊達,めいろうかったつ,明るくて些細なことにこだわらずさっぱりしていること。「闊達」は些細なことにこだわらないこと。度量の大きいこと。「闊達明朗」ともいう。
1級,面折廷諍,めんせつていそう,朝廷の君主の面前で、おじけづくことなく、堂々と相手の非を諫（いさ）める行為。「面折」は面と向かっての公然たる非難や責め。「廷諍」は朝廷の君主の前での論争や争論。 「廷諍」は「廷争」とも書く。「廷諍面折（廷争面折）」ともいう。
1級,罔極之恩,もうきょくのおん,両親から受けた報いきれないほどの恩のこと。「罔極」は限りがないという意味。報いることが出来ないほどの限りない恩という意味から。
1級,毛骨悚然,もうこつしょうぜん,激しい恐怖を感じて震え上がること。「悚然」は恐怖で立ち竦むこと。髪の毛から骨の中まで恐怖を感じるという意味から。
1級,沐浴斎戒,もくよくさいかい,神仏へのお祈りや神聖な儀式の前に飲食や行動を慎み、水で髪や体を洗い心身を清めること。「斎戒」は飲食を断つなどの戒を守り、心を清めること。「沐浴」は水で髪や体などを洗って身を清めること。 「沐浴斎戒」ともいう。
1級,沐浴抒溷,もくよくじょこん,神仏へのお祈りや神聖な儀式の前に飲食や行動を慎み、水で髪や体を洗い心身を清めること。「沐浴」は水で髪や体などを洗って身を清めること。「抒溷」はけがれを取り除くこと。
1級,門巷塡隘,もんこうてんあい,門の前などに大勢の人が集まることの形容。「門巷」は門や門の前にある小道、「塡隘」はふさがって狭くなるという意味で、人が多くて道が通れないということから。
1級,悶絶躄地,もんぜつびゃくじ,酷い痛みで転げまわりながら悶えて苦しむこと。「悶絶」は悶えて苦しんで気を失うこと。「躄地」は地面を這いずり回ること。
1級,夜雨対牀,やうたいしょう,兄弟や友人との仲がとても良いこと。「対牀」は寝床を並べるという意味。夜に雨の音を聞きながら寝床を並べて仲良く眠ることから。「対牀夜雨」ともいう。
1級,八咫之鏡,やたのかがみ,天照大神（あまてらすおおみかみ）が岩戸に隠れているときに、石凝姥命（いしこりどめのみこと）が作ったとされる鏡。この鏡で天照大神自身を映し、興味を持たせて岩戸の外に引き出したとされる神話がある。日本の天皇家の皇位継承の象徴の三種の神器の一つ。他の二つは天叢雲剣（あめのむらくものつるぎ）と八尺瓊勾玉（やさかにのまがたま）。
1級,黝堊丹漆,ゆうあくたんしつ,建物が昔からの伝統に基づいて作られていること。異説もあるが、「黝」は青みを帯びた黒色、「堊」は白色、「丹」は赤色、「漆」は黒色または漆塗りのこと。
1級,游雲驚竜,ゆううんきょうりょう,書の筆遣いが素晴らしく、筆跡が生き生きとしている様子。「雲」はいろいろなものに変化すること。「竜」は神秘的で、力強く勇ましい動きのこと。素晴らしい筆遣いを雲と竜にたとえたもの。
1級,勇往邁進,ゆうおうまいしん,ひるまず、ためらわず、ひたすら目標や目的を目指して真っ直ぐ進むこと。「勇往」は意気込んで前に進むこと。「邁進」は気後れすることなく進むこと。
1級,勇気凜凜,ゆうきりんりん,失敗や危険を恐れず気力に溢れていて、勇ましい様子。「凜凜」は勢いが盛んな様子。 「凜凜」は「凛凛」とも書く。
1級,融通無礙,ゆうずうむげ,何かにこだわることがなく、思考や行動が自由であること。「融通」は物事が停滞することなく順調に進むこと。「無礙」は障害になるものがないという意味。 「融通無碍」とも書く。
1級,優游涵泳,ゆうゆうかんえい,ゆったりとした心で、学問や芸術を深く味わうこと。「優游」はゆったりとしているさま。「涵泳」は水に浸り泳ぐ意で、じっくりと味わうこと。
1級,余韻嫋嫋,よいんじょうじょう,音が鳴り止んだ後の響きが細く長く続く様子。または、詩、文、出来事の後に残る風情や余情のたとえ。「余韻」は音が鳴り止んだ後の響き。 「嫋嫋」は音が細く長く続くこと。
1級,羊裘垂釣,ようきゅうすいちょう,世間から離れてのんびりと暮らす隠者のたとえ。「羊裘」は羊のかわごろも、「釣」は釣り針のこと。羊のかわごろもを着て釣り糸を垂れることから。
1級,羊很狼貪,ようこんろうどん,荒々しく道理に背き、どこまでも貪欲なこと。「羊很」は乱暴な羊のように荒々しく、命令に従わずに道理に背くこと。「狼貪」は狼のように欲深くむさぼること。
1級,妖姿媚態,ようしびたい,美しくなまめかしい容姿。または、そのような女性が人を惑わすような妖艶な仕草のこと。「妖姿」は容姿がなまめかしい、「媚態」は態度や仕草がなまめかしいこと。
1級,揺頭擺尾,ようとうはいび,気に入られるために相手の機嫌をとること。「擺尾」は尾を振ること。川の流れに逆らって泳ぐ魚の動作のことをいい、頭を揺らしながら尾を振るという意味から。「頭（かしら）を揺（うご）かし尾を擺（うご）かす」とも読む。
1級,瑶林瓊樹,ようりんけいじゅ,人の品性が清らかで気高く、普通の人よりも優れていることのたとえ。「瑶」と「瓊」はどちらも宝石のことで、宝石のように美しい林と樹のこと。高潔なものを美しい林や樹にたとえた言葉。
1級,薏苡明珠,よくいめいしゅ,身に覚えのないことで疑いをかけられること。「薏苡」は、ハトムギのこと。数珠玉に似た白い種子の穀物。薬用・食用とされる。「明珠」は、宝石のこと。中国後漢の時代、馬援が交趾（今のベトナム）から、薬にするための薏苡の実を車にのせて持ち帰ったところ、薏苡を宝石だと思い込んで天子に讒言（ざんげん）する者もあらわれ、あらぬ嫌疑をかけられたという故事から。
1級,翼覆嫗煦,よくふうく,愛すること。親が子を、政治家が人民を、男が女を慈しみ愛することをいう。「嫗煦」は暖めて育てること。親鳥が雛や卵を翼で覆って、暖め育てることにたとえた言葉。
1級,余裕綽綽,よゆうしゃくしゃく,ゆったりと落ち着いていて、慌てる様子がないこと。「余裕」は精神的にゆとりがあって落ち着いていること。「綽綽」は落ち着いていて、慌てることがないこと。
1級,雷陳膠漆,らいちんこうしつ,とても深く固い友情のこと。「雷陳」は中国後漢の雷義と陳重という人物。「膠漆」は接着剤の膠と漆のこと。膠や漆がかたく張り付くよりも二人の関係は固いと噂されたという故事から。
1級,雷霆万鈞,らいていばんきん,他の比ではないほどの激しい勢いや力のたとえ。「雷霆」は雷が轟くこと。「鈞」は重さの単位のことで、「万鈞」は非常に重いこと。
1級,磊磊落落,らいらいらくらく,心がとても広く、些細なことにこだわらずさっぱりとしていること。心が大きく小さなことを気にしないという意味の「磊落」を重ねて強調した言葉。
1級,落英繽紛,らくえいひんぷん,花びらが散り、乱れ舞う様子。「落英」は散り落ちる花びらのこと、「繽紛」は乱れ散ること。
1級,落穽下石,らくせいかせき,他人の弱みや窮地を狙って追い討ちをかけること。「穽」は落とし穴のこと。落とし穴に落ちた人を狙って石を落とすという意味から。
1級,落落晨星,らくらくしんせい,仲のよい友人が次第に少なくなっていくこと。または、歳をとるにつれて友人が死んでいなくなっていくこと。「晨星」は明け方の空に残っている星。「落落」は閑散としていてさびしい様子。夜が明けるにつれて星が一つ一つと消えていく様子から。「落落晨星」ともいう。
1級,落花狼藉,らっかろうぜき,あちこちひどく散らかっていること。花が舞い散るという意味から。 「落花」は花が散ること。「狼藉」は狼が草を敷いて寝た後の散らかっている様子のこと。
1級,爛額焦頭,らんがくしょうとう,大切なことを忘れて、必要の無いことを重要視すること。または、何かをするときに非常に苦労すること。「爛額」は額が爛（ただ）れること。 「焦頭」は頭を焦がすこと。火事のときに消火や救助をしてくれた人には感謝して、防火方法を教えてくれた人には感謝せず、加えて防火もしていなかったという故事から。「焦頭爛額」ともいう。
1級,蘭薫桂馥,らんくんけいふく,子孫が繁栄することのたとえ。植物の「蘭」と「桂」が立派に成長して香り立つという意味から。
1級,蘭摧玉折,らんさいぎょくせつ,美しい女性や賢い人の死をたとえた言葉。蘭の花が散り、玉が砕けるという意味。出典の「蘭摧玉折と為（な）るとも、蕭敷艾栄（しょうふがいえい）とは作（な）らず」は、ただ漠然と生きるよりも、潔く死ぬ方が本望であるという意味。
1級,鸞翔鳳集,らんしょうほうしゅう,賢者や英雄が集結することのたとえ。「鸞」は鳳凰に似ている伝説の霊鳥のこと。「鳳」は伝説の霊鳥の鳳凰のこと。賢者や英雄などのすぐれた人を「鸞」と「鳳」にたとえもので、それらが飛来するという意味から。
1級,乱暴狼藉,らんぼうろうぜき,法に背くような荒々しい振る舞いのこと。どちらも法に背くような穏やかでない行動をすること。「狼藉」の本来の意味は狼が草を敷いて寝た後の散らかっている様子のことだが、ここでは荒々しい振る舞いという意味。似ている意味のものを重ねて強調した言葉。
1級,六韜三略,りくとうさんりゃく,中国古代の有名な兵法書「六韜」と「三略」のこと。または、兵法の極意などのこと。「六韜」は文・武・竜・虎・豹・犬の六巻があり、周の太公望呂尚の作とされている。「三略」は上巻、中巻、下巻の三巻があり、前漢の黄石公の作とされている。「韜」は剣袋や弓袋のこと、「略」は作戦や計略のこと。
1級,戮力協心,りくりょくきょうしん,力を合わせて一致協力して物事に取り組むこと。「戮」と「協」はどちらも合わせるという意味で、似た意味の言葉を重ねて強調した言葉。「協心戮力」ともいう。
1級,戮力同心,りくりょくどうしん,心を合わせて協力すること。「戮力」は力を合わせること。 「同心」は心を合わせること。「力を戮（あわ）せて心を同じくす」とも読む。 「同心戮力」ともいう。
1級,流汗淋漓,りゅうかんりんり,体中から汗が出て、滴り落ちること。「流汗」は汗が流れること、「淋漓」は滴り落ちる様子。
1級,流金鑠石,りゅうきんしゃくせき,金属や石が全て溶けて流れるほどの猛烈な暑さのこと。「鑠」は溶かすという意味から、熱さや火力のたとえ。十個の太陽が同時に昇って金属や石を全て溶かしたという古代中国の伝説から。
1級,流言蜚語,りゅうげんひご,根拠のない噂話のこと。「流言」と「蜚語」はどちらも世の中に飛び交うでたらめな話という意味。「流言飛語」とも書く。
1級,流觴曲水,りゅうしょうきょくすい,曲がりくねった小さな川の上流に、酒の入った杯を浮かべ、自分の前を流れていってしまう前に詩を作って、杯の酒を飲むという風流な遊びのこと。「觴」は杯のこと。 「曲水」は曲がりくねっている小川のこと。中国では陰暦の三月三日に行われた風習で、晋の王羲之が会稽の蘭亭で行ったものが有名。日本では奈良時代や平安時代に行われ、曲水の宴と呼ばれた。「曲水流觴」ともいう。
1級,梁冀跋扈,りょうきばっこ,臣下が権力を使って、好き勝手に振る舞うこと。「梁冀」は後漢の時代の大将軍の名前。「跋扈」は魚を捕らえるための罠の竹垣を魚が飛び越えて逃げ出すということから、好き勝手に振る舞うこと。横暴な振る舞いをしていた大将軍の梁冀は、八歳の質帝に「跋扈将軍」とあだ名をつけられたことに怒り、質帝を毒殺したという故事から。
1級,竜吟虎嘯,りょうぎんこしょう,同じ類の者はお互いに気持ちや考えが通じ合うということ。または、人の歌声や音が響き渡ること。「竜吟」は竜が鳴くこと、「虎嘯」は虎が吠えることで、竜が鳴けば雲が生まれ、虎が吠えれば風が生まれるといわれる。
1級,竜虎相搏,りょうこそうはく,強い者同士が激しい戦いをすること。竜と虎が戦うという意味。
1級,竜舟鷁首,りょうしゅうげきしゅ,天子や貴族などの地位の高い人が乗る船。「鷁」は中国の想像上の水鳥で、強風の中でも難なく飛ぶことができるので、水難避けとされている。竜や鷁の頭の彫り物を船首に飾りつけた二艘で一対の船で、平安時代から室町時代に祭礼や宮中の行事、貴族の水遊びなどで使われていたとされている。「竜」は「りゅう」、「首」は「す」とも読む。
1級,凌霄之志,りょうしょうのこころざし,世俗を超越しようとする気高い志のこと。または、高い地位に出世することを願う大きな志のこと。
1級,竜驤虎視,りょうじょうこし,活気に溢れていて、勢いのある様子を世の中に示して威圧すること。竜は空に躍り上がり、虎は獲物を睨むという意味から。
1級,竜攘虎搏,りょうじょうこはく,力量が互角の者同士が激しい戦いを繰り広げること。「攘」は払うこと。「搏」は殴ること。竜が払い、虎が殴るということで、竜と虎が激しい戦いをするという意味から。
1級,竜驤麟振,りょうじょうりんしん,勢いが非常に盛んな様子。竜のように勢いよく天に昇り、麒麟のように勇み立つということから。「竜」と「麟」は竜と麒麟のことで、どちらも伝説上の生物のこと。
1級,竜頭鷁首,りょうとうげきしゅ,天子や貴族などの地位の高い人が乗る船。「鷁」は中国の想像上の水鳥で、強風の中でも難なく飛ぶことができるので、水難避けとされている。竜や鷁の頭の彫り物を船首に飾りつけた二艘で一対の船で、平安時代から室町時代に祭礼や宮中の行事、貴族の水遊びなどで使われていたとされている。「竜」は「りゅう」、「首」は「す」とも読む。
1級,遼東之豕,りょうとうのいのこ,世間を知らず、経験や知識が少ないために、取るに足りないことで得意になること。普通の人からすれば日常的なものを、特別なものとして誇らしげに思うことをいう。「遼東」は中国にある遼河という河の東の地方のこと。 「豕」は豚のこと。遼東の農家に頭の白い豚が生まれ、農民は特別なものだと思い天子に献上しようとしたが、道中で見かけた豚の群れは皆頭が白く、他の地方ではごく普通のことと知り、自身の無知を恥じて帰ったという故事から。
1級,竜蟠虎踞,りょうばんこきょ,地形が険しく、攻めにくい地域のこと。または、すぐれた能力のある者がとある地域を手に入れて、そこで権勢を振るうこと。または、文章に勢いがあること。「竜蟠」は竜がとぐろをまいてじっとしていること。「虎踞」は虎がうずくまってじっとしていること。「竜蟠」は「竜盤」とも書く。 「虎踞竜蟠（虎踞竜盤）」ともいう。
1級,霖雨蒼生,りんうそうせい,たくさんの人たちに恵みを与えること。または、恵みを与えて救うこと。「霖雨」は長く降り続く雨という意味から、恵みの雨、恩恵という意味。「蒼生」は草木が生い茂るという意味から、人民という意味。
1級,麟角鳳嘴,りんかくほうし,非常に珍しいもののたとえ。伝説上の霊獣の麒麟の角と、鳳凰の嘴という意味から。
1級,輪奐一新,りんかんいっしん,建物が新しくなって、大きく立派な建物になること。「輪奐」は大きく美しい建物のこと。
1級,琳琅珠玉,りんろうしゅぎょく,美しい宝石のこと。または、素晴らしい人物や詩文のたとえ。「琳琅」は美しい宝石や詩文のこと。
1級,琳琅満目,りんろうまんもく,美しいものが目の前にたくさんあること。「琳琅」は美しい宝石や詩文のこと。「琳琅（りんろう）目（め）に満（み）つ」とも読む。
1級,鏤塵吹影,るじんすいえい,無意味な努力のこと。または、やっても充実感がないことのたとえ。「鏤」は刻むこと。影を吹き飛ばそうとしたり、塵に刻み目をいれようしたりすることから。「影を吹き塵（ちり）に鏤（ちりば）む」とも読む。 「鏤塵吹影」ともいう。
1級,縷縷綿綿,るるめんめん,中身のない話が長くてしつこいこと。「縷縷」は糸のように細く長いこと。 「綿綿」は休みなく続くこと。
1級,零絹尺楮,れいけんせきちょ,書画の小さな切れ端やかけらのこと。「零」と「尺」はどちらも少しという意味。「零絹」は布の小さな切れ端のこと。 「尺楮」は紙の切れ端のこと。「楮」は和紙の原料に使われる植物。
1級,鴒原之情,れいげんのじょう,危険や苦労があるときに助け合える兄弟の深い情愛のこと。「鴒」は兄弟仲がよいされている水鳥の鶺鴒のこと。「鴒原」は水辺にいるはずの鶺鴒が高原で鳴いているような危険な状況のこと。
1級,藜杖韋帯,れいじょういたい,飾り気が無く、慎ましいことのたとえ。「藜杖」はあかざの杖、「韋帯」はなめし皮の帯のことで、どちらも質素なものという意味から。
1級,烈士徇名,れっしじゅんめい,義を重んずる人は、名誉のために命を懸けること。「烈士」は正しい信念を持った義理堅い人のこと。「徇」は一つのことに身を捧げるという意味。
1級,聯袂辞職,れんべいじしょく,"大勢の人が一緒に職を辞すること。「聯袂」は""たもとを連ねる""という意味から、大勢の人が一緒に行動すること。「連袂辞職」とも書く。"
1級,連璧賁臨,れんぺきひりん,同時に二人の来客があること。「連璧」は二つが一対になっている宝玉のことで、二人のすぐれた友人をたとえたもの。「賁臨」は人が訪れることの敬称。
1級,老驥伏櫪,ろうきふくれき,老いても昔と同じように大志を抱き続けること。「老驥」は老いた駿馬のこと。「櫪」はくぬぎの木。床下の横木に使うことから馬屋のこと。三国志の曹操の詩の一節で、若い頃に千里を駆けた駿馬が老いて馬屋に伏していても、千里を駆ける志を捨てないということから。
1級,螻蟻潰堤,ろうぎかいてい,取るに足らないような些細なことが大きな問題の原因になることのたとえ。「螻蟻」は螻蛄（けら）と蟻（あり）のこと。 「潰堤」は堤防が破れること。螻蛄や蟻が開けた小さな穴が大きな堤防を決壊させて、洪水が起こる原因になるということから。
1級,螻蟻之誠,ろうぎのせい,螻蛄（けら）や蟻（あり）のような小さな生物のように小さな誠意という意味。自分の誠意を謙っていう言葉。 「螻蟻」は螻蛄と蟻のこと。
1級,籠鳥檻猿,ろうちょうかんえん,自由を奪われて自分の好きなように生きることが出来ない境遇のたとえ。籠の中の鳥と檻の中の猿という意味から。 「檻猿籠鳥」ともいう。
1級,魯魚亥豕,ろぎょがいし,文字を書き間違えること。「魯」と「魚」、「亥」と「豕」の字の形が似ていて間違えやすいことから。
1級,盧生之夢,ろせいのゆめ,人の世界での繁栄は儚いということのたとえ。または、人の人生が儚いことのたとえ。 「盧生」は人の名前。唐の盧生という人が、旅の途中の邯鄲の町で、道士から出世が叶うという枕を借りて寝ると、出世して財力や権力を手に入れる夢を見た。目が覚めると、宿の主人に頼んでいた、粟のかゆが出来上がっていないほどのわずかな時間しか過ぎていなかったという故事から。
1級,驢鳴犬吠,ろめいけんばい,くだらない文章や、聞くだけ無駄な話のたとえ。「驢鳴」は動物のろばの鳴き声。ろばや犬の鳴き声のように無駄な話という意味から。「驢鳴き犬吠ゆ」とも訓読する。 「犬吠驢鳴」ともいう。
1級,矮子看戯,わいしかんぎ,見識がないことのたとえ。また、自分にはよくわからないことであっても、すぐに周りの意見に合わせることのたとえ。「矮子」は背の低い人のこと。 「看戯」は観劇のこと。背が低くて舞台が見えないのに、周りの人の批評を聞いて賛同するという意味から。
1級,和気藹藹,わきあいあい,安らかでやわらかい気分が満ち溢れている様子。「和気」は和やかな気分やのどかな気分のこと。「藹藹」は静かで落ち着いている気分のこと。
1級,和羹塩梅,わこうあんばい,主君を補佐してうまく国を治める有能な大臣や宰相のこと。
